tag_id,name,category,count
0,general,9,3869574
1,sensitive,9,4770098
2,questionable,9,1133926
3,explicit,9,1086204
4,!,0,52244
5,!!,0,15721
6,!?,0,35593
7,+++,0,26322
8,+_+,0,37903
9,...,0,72371
10,...!,0,742
11,...?,0,1725
12,._.,0,3029
13,0_0,0,11136
14,1970s_(style),0,1160
15,1980s_(style),0,6685
16,1990s_(style),0,12491
17,1boy,0,1930385
18,1girl,0,7734444
19,1koma,0,5824
20,1other,0,113767
21,2000s_(style),0,17461
22,2005,0,988
23,2006,0,815
24,2007,0,971
25,2008,0,1004
26,2009,0,1436
27,2010,0,1603
28,2011,0,1529
29,2012,0,1673
30,2013,0,1757
31,2014,0,1845
32,2015,0,2796
33,2016,0,2853
34,2017,0,2822
35,2018,0,3131
36,2019,0,3469
37,2020,0,4193
38,2021,0,5402
39,2022,0,6154
40,2023,0,6733
41,2024,0,6528
42,2025,0,6039
43,2026,0,3004
44,2b_(nier:automata)_(cosplay),0,1174
45,2boys,0,425503
46,2girls,0,1318402
47,2koma,0,44905
48,2others,0,13144
49,39,0,2504
50,3:,0,8958
51,3boys,0,96670
52,3d,0,17108
53,3d_background,0,2733
54,3girls,0,303793
55,3koma,0,24854
56,3others,0,4203
57,4boys,0,43017
58,4girls,0,135511
59,4koma,0,113070
60,4others,0,1820
61,5boys,0,19611
62,5girls,0,69964
63,5koma,0,4498
64,5others,0,945
65,6+boys,0,39152
66,6+girls,0,99476
67,6+others,0,3838
68,69,0,3267
69,:/,0,16566
70,:3,0,164445
71,:<,0,50459
72,:>,0,18299
73,:>=,0,6409
74,:c,0,961
75,:d,0,787011
76,:i,0,5515
77,:o,0,246859
78,:p,0,59001
79,:q,0,46199
80,:s,0,792
81,:t,0,35268
82,:|,0,13134
83,;(,0,920
84,;),0,31067
85,;3,0,4924
86,;<,0,650
87,;d,0,87860
88,;o,0,12679
89,;p,0,9760
90,;q,0,6006
91,<o>_<o>,0,1503
92,<|>_<|>,0,2112
93,=_=,0,31839
94,>:(,0,6809
95,>:),0,15881
96,>_<,0,84305
97,>_o,0,6003
98,?,0,96662
99,??,0,8406
100,@_@,0,50373
101,\m/,0,9222
102,\n/,0,1907
103,\o/,0,1904
104,\||/,0,8447
105,^^^,0,63235
106,^_^,0,143560
107,a-pose,0,1065
108,a_(phrase),0,705
109,a_certain_high_school_uniform,0,1824
110,abandoned,0,1386
111,above-cleavage_cutout,0,1308
112,above_clouds,0,1715
113,abs,0,123501
114,absolutely_everyone,0,1143
115,abstract,0,4877
116,abstract_background,0,8856
117,absurdly_detailed_composition,0,3025
118,absurdly_long_hair,0,28256
119,absurdly_long_tail,0,630
120,aburaage,0,659
121,abuse,0,1513
122,abyssal_ship,0,26863
123,accessories,0,614
124,accident,0,1187
125,accidental_exposure,0,2457
126,accidental_pervert,0,793
127,accurate_lolita_coord,0,1983
128,ace_(playing_card),0,4060
129,ace_of_diamonds,0,672
130,ace_of_hearts,0,2179
131,ace_of_spades,0,1666
132,acorn,0,1598
133,acoustic_guitar,0,2786
134,action,0,950
135,adam's_apple,0,4833
136,adapted_costume,0,63075
137,adapted_turret,0,2103
138,adapted_uniform,0,1159
139,adidas,0,1589
140,adjustable_wrench,0,614
141,adjusting_another's_clothes,0,883
142,adjusting_another's_hair,0,680
143,adjusting_buruma,0,852
144,adjusting_clothes,0,33421
145,adjusting_eyewear,0,28648
146,adjusting_footwear,0,826
147,adjusting_gloves,0,4311
148,adjusting_hair,0,25867
149,adjusting_headwear,0,11247
150,adjusting_legwear,0,1727
151,adjusting_leotard,0,769
152,adjusting_necktie,0,2363
153,adjusting_panties,0,1115
154,adjusting_scarf,0,1259
155,adjusting_swimsuit,0,5207
156,adoptive_parent_and_adoptive_child,0,1942
157,adoptive_siblings,0,1806
158,advanced_nurturing_high_school_uniform,0,752
159,aegis_sword_(xenoblade),0,894
160,aegyo_sal,0,8970
161,aerial_fireworks,0,11757
162,aestus_estus,0,1472
163,aeug,0,1067
164,affectionate,0,1725
165,afloat,0,5676
166,afro,0,4178
167,afro_puffs,0,664
168,after-school_sweets_club_(blue_archive),0,630
169,after_anal,0,7051
170,after_bathing,0,1527
171,after_battle,0,790
172,after_ejaculation,0,4636
173,after_fellatio,0,7494
174,after_fingering,0,646
175,after_kiss,0,6251
176,after_masturbation,0,1230
177,after_paizuri,0,3073
178,after_rape,0,2972
179,after_sex,0,47658
180,after_vaginal,0,23502
181,afterglow,0,1116
182,afterimage,0,16698
183,afterword,0,913
184,against_fence,0,632
185,against_fourth_wall,0,1289
186,against_glass,0,8968
187,against_railing,0,4082
188,against_tree,0,3027
189,against_wall,0,18075
190,against_window,0,773
191,age_comparison,0,1987
192,age_difference,0,46743
193,age_progression,0,3945
194,age_regression,0,1882
195,aged_down,0,82488
196,aged_up,0,34755
197,ahegao,0,25498
198,ahoge,0,885065
199,ahoge_wag,0,1140
200,ai-generated_art_(topic),0,1069
201,ai_ai_gasa,0,934
202,aiguillette,0,10531
203,aiming,0,15085
204,aiming_at_viewer,0,6403
205,ainu,0,936
206,ainu_clothes,0,3476
207,air_bubble,0,18195
208,air_conditioner,0,2874
209,air_mattress,0,611
210,aircraft,0,23701
211,aircraft_carrier,0,702
212,airplane,0,16573
213,airplane_interior,0,636
214,airship,0,1442
215,ajirogasa,0,2377
216,ak-47,0,913
217,akanbe,0,2302
218,akatsuki_uniform,0,1260
219,akeome,0,2319
220,alarm_clock,0,3483
221,albino,0,8063
222,album_cover,0,8354
223,album_name,0,781
224,alcohol,0,45625
225,alcohol_carton,0,1013
226,alice_(alice_in_wonderland)_(cosplay),0,1703
227,alien,0,11696
228,all_fours,0,73800
229,alley,0,4086
230,alpaca_ears,0,1322
231,alphes_(style),0,16039
232,alternate_body_size,0,1201
233,alternate_breast_size,0,5447
234,alternate_breast_size_(larger),0,76740
235,alternate_breast_size_(smaller),0,2509
236,alternate_color,0,31473
237,alternate_costume,0,596223
238,alternate_eye_color,0,19238
239,alternate_facial_hair,0,648
240,alternate_form,0,6761
241,alternate_hair_color,0,16467
242,alternate_hair_length,0,13304
243,alternate_hair_length_(longer),0,13356
244,alternate_hair_length_(shorter),0,9695
245,alternate_hair_ornament,0,1233
246,alternate_hairstyle,0,136737
247,alternate_headwear,0,3663
248,alternate_height,0,615
249,alternate_legwear,0,3629
250,alternate_pectoral_size,0,929
251,alternate_shiny_pokemon,0,815
252,alternate_size,0,634
253,alternate_skin_color,0,5055
254,alternate_species,0,1765
255,alternate_universe,0,11120
256,alternate_weapon,0,1866
257,alternate_wings,0,1009
258,amazon_position,0,1326
259,amazon_warrior,0,942
260,ambiguous_gender,0,8819
261,ambiguous_red_liquid,0,1215
262,ambrosia_(dungeon_meshi),0,958
263,american_flag,0,10913
264,american_flag_bikini,0,4612
265,american_flag_dress,0,4358
266,american_flag_legwear,0,4564
267,american_flag_print,0,7275
268,american_flag_shirt,0,677
269,amestris_military_uniform,0,874
270,amesuku_gyaru,0,1538
271,ammunition,0,4501
272,ammunition_belt,0,2039
273,ammunition_box,0,644
274,ammunition_pouch,0,3959
275,amplifier,0,1808
276,amputee,0,9951
277,amulet,0,1781
278,amusement_park,0,1277
279,anachronism,0,681
280,anal,0,65392
281,anal_beads,0,8904
282,anal_fingering,0,4010
283,anal_fluid,0,1663
284,anal_hair,0,2343
285,anal_object_insertion,0,18234
286,anal_only,0,1042
287,anal_tail,0,7547
288,analog_clock,0,2598
289,analogous_colors,0,1804
290,anchor,0,14800
291,anchor_choker,0,1557
292,anchor_earrings,0,795
293,anchor_hair_ornament,0,8639
294,anchor_necklace,0,1714
295,anchor_ornament,0,1194
296,anchor_print,0,2078
297,anchor_symbol,0,19573
298,ancient_egyptian,0,6419
299,ancient_egyptian_clothes,0,5701
300,ancient_greek_clothes,0,6213
301,andon,0,603
302,androgyne_symbol,0,1963
303,androgynous,0,57864
304,android,0,29586
305,anemo_symbol_(genshin_impact),0,1499
306,anemone_(flower),0,1469
307,angel,0,28068
308,angel's_24_uniform_(blue_archive),0,709
309,angel_and_devil,0,2582
310,angel_wing_uniform,0,771
311,angel_wings,0,53411
312,angelfish,0,703
313,angels_of_delusion,0,735
314,anger_vein,0,73335
315,anglerfish,0,1167
316,angora_rabbit,0,1330
317,angry,0,56205
318,anilingus,0,3026
319,animal,0,134805
320,animal-themed_food,0,928
321,animal_around_neck,0,986
322,animal_bag,0,3813
323,animal_charm,0,868
324,animal_collar,0,16569
325,animal_costume,0,20344
326,animal_ear_fluff,0,325370
327,animal_ear_hairband,0,35884
328,animal_ear_headphones,0,13851
329,animal_ear_headwear,0,6518
330,animal_ear_helmet,0,777
331,animal_ear_hood,0,3298
332,animal_ear_legwear,0,2376
333,animal_ear_piercing,0,20110
334,animal_ears,0,1600116
335,animal_feet,0,8458
336,animal_focus,0,41540
337,animal_genitalia_on_humanoid,0,1416
338,animal_hair_ornament,0,1174
339,animal_hands,0,43863
340,animal_hat,0,18348
341,animal_head,0,1401
342,animal_helmet,0,1262
343,animal_hood,0,30867
344,animal_hug,0,3130
345,animal_nose,0,22282
346,animal_on_arm,0,1719
347,animal_on_hand,0,1126
348,animal_on_head,0,16835
349,animal_on_lap,0,2451
350,animal_on_shoulder,0,10358
351,animal_penis,0,7614
352,animal_print,0,90087
353,animal_sexualization,0,1035
354,animal_skeleton,0,726
355,animal_skull,0,2301
356,animal_slippers,0,2128
357,animal_with_hair,0,1057
358,animalization,0,18825
359,anime_coloring,0,47918
360,anime_screenshot_inset,0,610
361,animification,0,28350
362,ankh,0,2420
363,ankle_boots,0,23299
364,ankle_bow,0,1528
365,ankle_cuffs,0,3856
366,ankle_garter,0,891
367,ankle_lace-up,0,3598
368,ankle_ribbon,0,4436
369,ankle_socks,0,9704
370,ankle_strap,0,3384
371,ankle_wings,0,808
372,ankle_wrap,0,1115
373,ankleband,0,816
374,anklet,0,27524
375,anna_miller,0,632
376,anniversary,0,18368
377,announcement_celebration,0,985
378,annoyed,0,18162
379,ant,0,673
380,antenna_hair,0,115333
381,antennae,0,26507
382,anti-aircraft_gun,0,917
383,anti-materiel_rifle,0,3017
384,antique_firearm,0,1935
385,antique_phone,0,2639
386,antlers,0,28636
387,anus,0,151309
388,anus_peek,0,7492
389,anya's_heh_face_(meme),0,656
390,anzio_military_uniform,0,1136
391,anzio_school_uniform,0,2448
392,ao_dai,0,1587
393,apartment,0,1901
394,aphrodisiac,0,610
395,apologizing,0,781
396,apple,0,29344
397,apple_hair_ornament,0,862
398,apple_slice,0,845
399,applying_another's_makeup,0,1010
400,applying_lipstick,0,942
401,applying_makeup,0,2874
402,applying_own_makeup,0,1587
403,april_fools,0,2280
404,apron,0,282301
405,apron_lift,0,1350
406,aqua-framed_eyewear,0,710
407,aqua_background,0,16410
408,aqua_belt,0,672
409,aqua_bikini,0,4669
410,aqua_boots,0,750
411,aqua_bow,0,15333
412,aqua_bowtie,0,8402
413,aqua_bra,0,1562
414,aqua_cape,0,699
415,aqua_choker,0,758
416,aqua_coat,0,871
417,aqua_dress,0,7665
418,aqua_eyes,0,237394
419,aqua_flower,0,1323
420,aqua_gem,0,2631
421,aqua_gloves,0,2329
422,aqua_hair,0,163107
423,aqua_hairband,0,1941
424,aqua_halo,0,3000
425,aqua_hat,0,2892
426,aqua_horns,0,764
427,aqua_jacket,0,5144
428,aqua_kimono,0,1857
429,aqua_leotard,0,1433
430,aqua_lips,0,758
431,aqua_nails,0,19950
432,aqua_neckerchief,0,6629
433,aqua_necktie,0,19783
434,aqua_panties,0,2562
435,aqua_pants,0,1236
436,aqua_pantyhose,0,664
437,aqua_pupils,0,943
438,aqua_ribbon,0,5799
439,aqua_sailor_collar,0,937
440,aqua_scarf,0,1035
441,aqua_scrunchie,0,855
442,aqua_shirt,0,8729
443,aqua_shoes,0,1778
444,aqua_shorts,0,1429
445,aqua_skin,0,1362
446,aqua_skirt,0,7246
447,aqua_sleeves,0,1376
448,aqua_socks,0,648
449,aqua_streaks,0,1410
450,aqua_sweater,0,777
451,aqua_theme,0,2667
452,aqua_thighhighs,0,1429
453,aqua_trim,0,3186
454,aqua_vest,0,1137
455,aqua_wings,0,787
456,aquarium,0,1900
457,aquiline_nose,0,809
458,ar-15,0,1758
459,arabian_clothes,0,4770
460,arachne,0,1323
461,araki_hirohiko_(style),0,1490
462,aran_sweater,0,5400
463,arcade,0,951
464,arcade_cabinet,0,1159
465,arch,0,5407
466,arched_back,0,23114
467,arched_bangs,0,5260
468,arched_crown,0,2015
469,arched_window,0,740
470,archery,0,1809
471,archery_shooting_glove,0,658
472,architecture,0,19942
473,archon_mark,0,895
474,areola_slip,0,69629
475,areolae,0,17736
476,arguing,0,933
477,argyle_background,0,7201
478,argyle_clothes,0,13483
479,argyle_dress,0,757
480,argyle_pantyhose,0,3712
481,argyle_socks,0,712
482,argyle_sweater,0,1445
483,argyle_thighhighs,0,2841
484,aria_company_uniform,0,1539
485,arisaka,0,746
486,aristocratic_clothes,0,1448
487,arm_above_head,0,1817
488,arm_across_chest,0,818
489,arm_across_waist,0,1560
490,arm_armor,0,3938
491,arm_around_another's_back,0,2055
492,arm_around_another's_waist,0,7075
493,arm_around_neck,0,6923
494,arm_around_shoulder,0,9520
495,arm_at_side,0,60217
496,arm_behind_back,0,50277
497,arm_behind_head,0,47568
498,arm_belt,0,11281
499,arm_between_breasts,0,2440
500,arm_blade,0,3531
501,arm_cannon,0,13679
502,arm_cuffs,0,1666
503,arm_cutout,0,3399
504,arm_garter,0,10145
505,arm_guards,0,12871
506,arm_hair,0,8156
507,arm_held_back,0,4955
508,arm_hug,0,7246
509,arm_on_another's_shoulder,0,1756
510,arm_on_knee,0,2152
511,arm_on_own_head,0,871
512,arm_on_table,0,1088
513,arm_out_of_sleeve,0,1329
514,arm_over_head,0,1170
515,arm_pillow,0,707
516,arm_pouch,0,1502
517,arm_rest,0,8329
518,arm_ribbon,0,11941
519,arm_shield,0,1767
520,arm_sling,0,881
521,arm_strap,0,22431
522,arm_support,0,111807
523,arm_tattoo,0,37971
524,arm_under_breasts,0,32019
525,arm_up,0,280633
526,arm_warmers,0,31642
527,arm_wrap,0,3839
528,armband,0,75678
529,armbinder,0,1162
530,armchair,0,8081
531,armlet,0,59108
532,armor,0,283966
533,armored_bodysuit,0,1186
534,armored_boots,0,23237
535,armored_dress,0,17140
536,armored_gloves,0,3561
537,armored_leotard,0,1392
538,armored_skirt,0,1026
539,armpit_crease,0,35714
540,armpit_cutout,0,2493
541,armpit_focus,0,3527
542,armpit_hair,0,9224
543,armpit_hair_peek,0,1089
544,armpit_peek,0,7649
545,armpit_sex,0,1140
546,armpits,0,307059
547,arms_across_body,0,931
548,arms_around_another's_back,0,1027
549,arms_around_another's_waist,0,2891
550,arms_around_neck,0,10534
551,arms_at_sides,0,35628
552,arms_behind_back,0,114459
553,arms_behind_head,0,66997
554,arms_between_legs,0,2219
555,arms_on_knees,0,1018
556,arms_on_table,0,976
557,arms_under_breasts,0,13717
558,arms_up,0,242805
559,army,0,1490
560,aroused,0,6347
561,aroused_nosebleed,0,1687
562,arrancar,0,1117
563,arrow_(projectile),0,23886
564,arrow_(symbol),0,35842
565,arrow_in_body,0,848
566,arrow_print,0,749
567,arrow_through_heart,0,2354
568,art_brush,0,1697
569,art_nouveau,0,1843
570,art_program_in_frame,0,6876
571,art_tools_in_frame,0,3442
572,arthropod_boy,0,1761
573,arthropod_girl,0,10938
574,arthropod_limbs,0,2715
575,artificial_vagina,0,3415
576,artillery,0,655
577,artist_logo,0,33734
578,artist_name,0,555500
579,artist_self-insert,0,11846
580,artist_self-reference,0,645
581,artistic_error,0,9205
582,asa_no_ha_(pattern),0,2093
583,asahi_breweries,0,979
584,asahiyama_high_school_uniform,0,1961
585,ascot,0,186001
586,ascot_between_breasts,0,872
587,ashford_academy_school_uniform,0,1143
588,ashigaya_high_school_uniform,0,790
589,ashtray,0,1334
590,asian_indian_clothes,0,1081
591,asphyxiation,0,3965
592,ass,0,728052
593,ass-to-ass,0,1354
594,ass_cutout,0,2322
595,ass_focus,0,40188
596,ass_freckles,0,754
597,ass_hair,0,723
598,ass_peek,0,1847
599,ass_press,0,1006
600,ass_ripple,0,3680
601,ass_shake,0,1345
602,ass_support,0,2047
603,ass_tattoo,0,1170
604,ass_visible_through_thighs,0,110486
605,assault_rifle,0,21728
606,assault_visor,0,7437
607,assertive_female,0,15730
608,assisted_exposure,0,5911
609,assisted_rape,0,1026
610,asteroid,0,782
611,asticassia_school_uniform,0,4578
612,astronaut,0,2162
613,asymmetrical_armor,0,732
614,asymmetrical_arms,0,964
615,asymmetrical_bangs,0,42391
616,asymmetrical_clothes,0,14676
617,asymmetrical_docking,0,13610
618,asymmetrical_dress,0,776
619,asymmetrical_dual_wielding,0,2445
620,asymmetrical_footwear,0,8152
621,asymmetrical_gloves,0,21571
622,asymmetrical_hair,0,35185
623,asymmetrical_horns,0,8441
624,asymmetrical_legwear,0,51114
625,asymmetrical_pants,0,995
626,asymmetrical_sidelocks,0,3579
627,asymmetrical_sleeves,0,11043
628,asymmetrical_wings,0,13377
629,at_computer,0,1163
630,at_gunpoint,0,722
631,athletic_leotard,0,2099
632,attack,0,4963
633,au_ra,0,6505
634,audience,0,2114
635,audio_jack,0,1092
636,aunt_and_niece,0,1169
637,aura,0,17514
638,aurora,0,1861
639,autobot,0,2546
640,autumn,0,9016
641,autumn_leaves,0,18548
642,ave_mujica_(bang_dream!),0,668
643,averting_eyes,0,17493
644,aviator_cap,0,1286
645,aviator_goggles,0,664
646,aviator_sunglasses,0,2098
647,awning,0,1132
648,axe,0,19266
649,aztec,0,787
650,azumanga_daioh's_school_uniform,0,1089
651,baby,0,8203
652,baby's-breath,0,606
653,baby_animal,0,13649
654,baby_bottle,0,1675
655,baby_carry,0,720
656,babydoll,0,13898
657,babydoll_lift,0,695
658,back,0,112213
659,back-print_panties,0,1351
660,back-seamed_legwear,0,1735
661,back-to-back,0,21512
662,back_bow,0,38905
663,back_cutout,0,8829
664,back_focus,0,2635
665,back_muscles,0,663
666,back_ribbon,0,1173
667,back_tattoo,0,5343
668,backboob,0,10063
669,backless_dress,0,19297
670,backless_leotard,0,4703
671,backless_outfit,0,33038
672,backless_panties,0,774
673,backless_shirt,0,844
674,backless_swimsuit,0,1200
675,backlighting,0,42553
676,backpack,0,92934
677,backwards_hat,0,8160
678,bacon,0,1214
679,bad_anatomy,0,17356
680,bad_arm,0,682
681,bad_end,0,2055
682,bad_feet,0,3792
683,bad_food,0,1674
684,bad_hands,0,3217
685,bad_leg,0,736
686,bad_perspective,0,1723
687,bad_proportions,0,2331
688,badge,0,14900
689,bag,0,303592
690,bag_charm,0,6371
691,bag_of_chips,0,1960
692,bag_over_head,0,880
693,bagged_fish,0,1476
694,baggy_clothes,0,2107
695,baggy_pants,0,10970
696,bags_under_eyes,0,39927
697,baguette,0,3941
698,bakery,0,741
699,baking,0,1071
700,balaclava,0,957
701,balance_scale,0,1104
702,balancing,0,1997
703,balcony,0,4421
704,bald,0,21264
705,bald_eagle,0,757
706,balding,0,1647
707,ball,0,50670
708,ball_and_chain_(weapon),0,1205
709,ball_and_chain_restraint,0,1316
710,ball_gag,0,12273
711,ball_hands,0,701
712,ballerina,0,2942
713,ballet,0,2345
714,ballet_class_clothes,0,611
715,ballet_slippers,0,2631
716,ballistic_shield,0,906
717,balloon,0,26609
718,bamboo,0,12914
719,bamboo_broom,0,1923
720,bamboo_forest,0,4447
721,bamboo_shoot,0,1009
722,bamboo_steamer,0,2137
723,banana,0,5941
724,banana_peel,0,979
725,banchou,0,604
726,band_(music),0,981
727,band_shirt,0,708
728,band_uniform,0,1139
729,bandage_on_face,0,4548
730,bandage_over_one_eye,0,8030
731,bandaged_arm,0,42186
732,bandaged_chest,0,2832
733,bandaged_fingers,0,1424
734,bandaged_foot,0,1227
735,bandaged_hand,0,11473
736,bandaged_head,0,7450
737,bandaged_leg,0,20124
738,bandaged_neck,0,6071
739,bandaged_torso,0,905
740,bandaged_wrist,0,2573
741,bandages,0,121106
742,bandages_over_clothes,0,1028
743,bandages_over_eyes,0,621
744,bandaid,0,88235
745,bandaid_hair_ornament,0,5528
746,bandaid_on_arm,0,5422
747,bandaid_on_cheek,0,9835
748,bandaid_on_face,0,35839
749,bandaid_on_finger,0,764
750,bandaid_on_forehead,0,1906
751,bandaid_on_hand,0,3866
752,bandaid_on_head,0,1403
753,bandaid_on_knee,0,10549
754,bandaid_on_leg,0,21125
755,bandaid_on_neck,0,1364
756,bandaid_on_nose,0,12899
757,bandaid_on_pussy,0,4196
758,bandaid_on_shoulder,0,846
759,bandaid_on_thigh,0,2141
760,bandaids_on_nipples,0,6732
761,bandana,0,30997
762,bandana_around_arm,0,944
763,bandana_around_neck,0,2680
764,bandeau,0,26047
765,bandolier,0,1958
766,bangboo_(zenless_zone_zero),0,5918
767,bangle,0,21081
768,bangs_pinned_back,0,7042
769,banknote,0,3791
770,banner,0,5915
771,bar_(place),0,6186
772,bar_censor,0,216265
773,bar_stool,0,2412
774,bara,0,86109
775,barbed_wire,0,1931
776,barbell,0,966
777,barbell_piercing,0,10283
778,barcode,0,10066
779,barcode_scanner,0,787
780,barcode_tattoo,0,4460
781,barding,0,705
782,bare_arms,0,177330
783,bare_back,0,21056
784,bare_hips,0,4764
785,bare_legs,0,166837
786,bare_pectorals,0,17951
787,bare_shoulders,0,1275989
788,bare_tree,0,13063
789,barefoot,0,465412
790,barefoot_sandals_(jewelry),0,1467
791,barrel,0,3608
792,bartender,0,1993
793,baseball,0,3589
794,baseball_(object),0,1678
795,baseball_bat,0,12637
796,baseball_cap,0,65542
797,baseball_helmet,0,810
798,baseball_jersey,0,1032
799,baseball_mitt,0,3150
800,baseball_stadium,0,756
801,baseball_uniform,0,4583
802,basket,0,24661
803,basketball_(object),0,5572
804,basketball_(sport),0,3396
805,basketball_hoop,0,766
806,basketball_jersey,0,1160
807,basketball_uniform,0,2316
808,bass_clef,0,1846
809,bass_guitar,0,6162
810,bat_(animal),0,16642
811,bat_ears,0,4397
812,bat_girl,0,3188
813,bat_hair_ornament,0,5414
814,bat_ornament,0,794
815,bat_print,0,6368
816,bat_wings,0,70319
817,bath,0,14405
818,bath_stool,0,1212
819,bath_yukata,0,3120
820,bathhouse,0,1124
821,bathing,0,17062
822,bathrobe,0,1564
823,bathroom,0,14875
824,bathtub,0,12111
825,batman_symbol,0,1030
826,baton_(weapon),0,1351
827,battery,0,645
828,battery_indicator,0,3764
829,batting_stance,0,630
830,battle,0,19160
831,battle_axe,0,3432
832,battle_damage,0,1145
833,battle_rifle,0,2097
834,battlefield,0,840
835,battleship,0,1059
836,bayonet,0,1743
837,bazooka_(gundam),0,669
838,bc_freedom_(emblem),0,777
839,bc_freedom_military_uniform,0,1298
840,bc_freedom_school_uniform,0,754
841,bdsm,0,81041
842,beach,0,117672
843,beach_chair,0,3141
844,beach_mat,0,1177
845,beach_towel,0,4771
846,beach_umbrella,0,10801
847,beach_volleyball,0,898
848,beachball,0,19727
849,bead_anklet,0,613
850,bead_bracelet,0,15266
851,bead_choker,0,1005
852,bead_necklace,0,18256
853,beads,0,54984
854,beak,0,7979
855,beaker,0,936
856,beam_cannon,0,1504
857,beam_rifle,0,3976
858,beamed_eighth_notes,0,10688
859,beamed_sixteenth_notes,0,3467
860,bean_bag_chair,0,1629
861,beanie,0,32540
862,beans,0,1609
863,bear,0,7386
864,bear_boy,0,2976
865,bear_costume,0,1632
866,bear_ears,0,14555
867,bear_girl,0,4040
868,bear_hair_ornament,0,3899
869,bear_hood,0,1202
870,bear_panties,0,615
871,bear_print,0,2484
872,bear_tail,0,1584
873,beard,0,62341
874,beard_stubble,0,11638
875,beckoning,0,3330
876,bed,0,127320
877,bed_frame,0,686
878,bed_invitation,0,727
879,bed_sheet,0,115046
880,bedroom,0,18560
881,bee,0,1524
882,bee_girl,0,1090
883,beehive_hairdo,0,856
884,beer,0,11352
885,beer_bottle,0,1395
886,beer_can,0,6717
887,beer_mug,0,9461
888,beetle,0,1347
889,before_and_after,0,2409
890,begging,0,655
891,behind-the-head_headphones,0,1389
892,behind_another,0,5463
893,bell,0,151341
894,bell-bottoms,0,940
895,bell_earrings,0,1066
896,bell_pepper,0,860
897,bell_sleeves,0,689
898,bellflower,0,898
899,belly,0,21498
900,belly_chain,0,4974
901,belly_grab,0,729
902,belt,0,470581
903,belt_bag,0,848
904,belt_boots,0,1969
905,belt_bra,0,2567
906,belt_buckle,0,48981
907,belt_collar,0,17222
908,belt_pouch,0,17061
909,belt_skirt,0,881
910,ben-day_dots,0,1645
911,bench,0,20231
912,bendy_straw,0,2390
913,bent_over,0,77448
914,bent_over_furniture,0,1081
915,bent_v,0,646
916,bento,0,4720
917,beret,0,136608
918,beretta_1301,0,953
919,beretta_92,0,1768
920,berry,0,2848
921,berry_(pokemon),0,2157
922,bespectacled,0,29236
923,bestiality,0,11460
924,between_breasts,0,60944
925,between_fingers,0,11458
926,between_legs,0,47660
927,between_pectorals,0,1454
928,between_thighs,0,3112
929,between_toes,0,1658
930,bib,0,1564
931,bib_collar,0,1703
932,biceps,0,15174
933,bicorne,0,1926
934,bicycle,0,8283
935,bicycle_basket,0,1237
936,bident,0,707
937,big_belly,0,7538
938,big_hair,0,12831
939,big_head,0,677
940,bike_jersey,0,701
941,bike_shorts,0,60983
942,bike_shorts_under_shorts,0,1651
943,bike_shorts_under_skirt,0,8127
944,biker_clothes,0,3598
945,bikesuit,0,2688
946,bikini,0,636535
947,bikini_armor,0,22373
948,bikini_around_one_leg,0,663
949,bikini_bottom_aside,0,8592
950,bikini_bottom_only,0,10993
951,bikini_bottom_pull,0,1785
952,bikini_bottom_under_shorts,0,1912
953,bikini_day,0,644
954,bikini_in_mouth,0,608
955,bikini_pull,0,9326
956,bikini_shorts,0,1252
957,bikini_skirt,0,17925
958,bikini_tan,0,5877
959,bikini_top_aside,0,879
960,bikini_top_lift,0,6513
961,bikini_top_only,0,41483
962,bikini_top_pull,0,1185
963,bikini_tug,0,677
964,bikini_under_clothes,0,25706
965,bilingual_text,0,3029
966,billboard,0,1216
967,billiard_ball,0,915
968,bimbofication,0,697
969,binary,0,956
970,binder,0,612
971,bindi,0,1754
972,binoculars,0,4771
973,biplane,0,621
974,bipod,0,1031
975,bird,0,137845
976,bird_boy,0,2553
977,bird_ears,0,9321
978,bird_girl,0,7417
979,bird_hair_ornament,0,1085
980,bird_legs,0,4000
981,bird_mask,0,1727
982,bird_on_arm,0,1138
983,bird_on_hand,0,4327
984,bird_on_head,0,5717
985,bird_on_shoulder,0,3367
986,bird_print,0,1809
987,bird_tail,0,8764
988,bird_wings,0,21237
989,birdcage,0,4178
990,birthday,0,14934
991,birthday_cake,0,6217
992,birthday_sash,0,626
993,birthmark,0,2941
994,bisexual_female,0,3985
995,bisexual_male,0,887
996,bishamonten's_pagoda,0,2008
997,bishamonten's_spear,0,906
998,bishie_sparkle,0,744
999,bishop_(chess),0,1503
1000,bishounen,0,34508
1001,bit_gag,0,4070
1002,bite_mark,0,8782
1003,bite_mark_on_breast,0,1095
1004,bite_mark_on_neck,0,1525
1005,bite_mark_on_shoulder,0,1167
1006,biting,0,15018
1007,biting_cheek,0,628
1008,biting_ear,0,1730
1009,biting_glove,0,1542
1010,biting_neck,0,1094
1011,biting_own_finger,0,837
1012,biting_own_lip,0,6627
1013,biwa_lute,0,930
1014,bkub_(style),0,712
1015,black-framed_eyewear,0,51913
1016,black_apron,0,6533
1017,black_arm_warmers,0,2941
1018,black_armband,0,3715
1019,black_armor,0,10440
1020,black_ascot,0,11511
1021,black_babydoll,0,1909
1022,black_background,0,121083
1023,black_bag,0,13974
1024,black_bandages,0,767
1025,black_bandana,0,1395
1026,black_bandeau,0,2340
1027,black_belt,0,94120
1028,black_bikini,0,148192
1029,black_bird,0,1822
1030,black_blood,0,608
1031,black_bodystocking,0,729
1032,black_bodysuit,0,48499
1033,black_bonnet,0,1351
1034,black_boots,0,167442
1035,black_border,0,23237
1036,black_bow,0,203064
1037,black_bowtie,0,61433
1038,black_bra,0,80603
1039,black_bridal_gauntlets,0,7324
1040,black_buruma,0,3734
1041,black_bustier,0,957
1042,black_butterfly,0,808
1043,black_camisole,0,9048
1044,black_cape,0,35869
1045,black_capelet,0,20771
1046,black_cardigan,0,7500
1047,black_cat,0,18945
1048,black_choker,0,244263
1049,black_claws,0,826
1050,black_cloak,0,12599
1051,black_coat,0,89132
1052,black_coat_(kingdom_hearts),0,1096
1053,black_collar,0,40464
1054,black_corset,0,11256
1055,black_crown,0,882
1056,black_dress,0,340126
1057,black_eyeliner,0,2083
1058,black_eyes,0,311165
1059,black_eyeshadow,0,2552
1060,black_feathers,0,6356
1061,black_flower,0,12881
1062,black_fur,0,13857
1063,black_garter_belt,0,3401
1064,black_garter_straps,0,6061
1065,black_gloves,0,617247
1066,black_hair,0,2013598
1067,black_hairband,0,134085
1068,black_hakama,0,5336
1069,black_halo,0,16175
1070,black_hands,0,2895
1071,black_hanfu,0,6145
1072,black_haori,0,1107
1073,black_hat,0,225223
1074,black_headband,0,7945
1075,black_headdress,0,993
1076,black_helmet,0,3470
1077,black_hiphighs,0,1169
1078,black_hole,0,1251
1079,black_hood,0,3838
1080,black_hoodie,0,26720
1081,black_horns,0,57397
1082,black_jacket,0,354435
1083,black_jumpsuit,0,1361
1084,black_keys_(type-moon),0,847
1085,black_kimono,0,28714
1086,black_leg_warmers,0,2045
1087,black_leggings,0,8097
1088,black_leotard,0,100893
1089,black_lips,0,8817
1090,black_liquid,0,779
1091,black_male_swimwear,0,1573
1092,black_male_underwear,0,3857
1093,black_mask,0,13258
1094,black_mouth,0,1071
1095,black_nails,0,109824
1096,black_neckerchief,0,17331
1097,black_necktie,0,96210
1098,black_nightgown,0,1101
1099,black_one-piece_swimsuit,0,31234
1100,black_order_uniform,0,670
1101,black_outline,0,2302
1102,black_overalls,0,1337
1103,black_overskirt,0,1062
1104,black_panties,0,169712
1105,black_pants,0,229699
1106,black_pantyhose,0,277181
1107,black_pubic_hair,0,5143
1108,black_ribbon,0,177705
1109,black_robe,0,10715
1110,black_rose,0,4709
1111,black_sailor_collar,0,58855
1112,black_sandals,0,13193
1113,black_sarong,0,953
1114,black_sash,0,9238
1115,black_scales,0,2058
1116,black_scarf,0,16611
1117,black_sclera,0,33410
1118,black_scrunchie,0,6171
1119,black_serafuku,0,38551
1120,black_shawl,0,870
1121,black_shirt,0,332628
1122,black_shoes,0,244208
1123,black_shorts,0,178444
1124,black_shrug,0,5720
1125,black_skin,0,13142
1126,black_skirt,0,423420
1127,black_sky,0,2278
1128,black_sleeves,0,55116
1129,black_slingshot_swimsuit,0,1913
1130,black_slippers,0,617
1131,black_socks,0,137365
1132,black_sports_bra,0,15980
1133,black_straps,0,810
1134,black_streaks,0,10557
1135,black_suit,0,18332
1136,black_sweater,0,32452
1137,black_sweater_vest,0,5920
1138,black_tail,0,19337
1139,black_tank_top,0,24418
1140,black_theme,0,2230
1141,black_thighhighs,0,470727
1142,black_tiara,0,3739
1143,black_trim,0,2214
1144,black_tube_top,0,3545
1145,black_tunic,0,778
1146,black_umbrella,0,2598
1147,black_unitard,0,1077
1148,black_veil,0,8815
1149,black_vest,0,66927
1150,black_vs_white,0,1096
1151,black_wings,0,63128
1152,black_wrist_cuffs,0,3187
1153,blacked_female,0,1660
1154,blade,0,1496
1155,blake_bloom_(wuthering_waves),0,1706
1156,blank_censor,0,4887
1157,blank_eyes,0,16628
1158,blank_speech_bubble,0,3330
1159,blank_stare,0,2272
1160,blanket,0,25818
1161,blazer,0,91701
1162,bleeding,0,7404
1163,blending,0,2794
1164,blind,0,1907
1165,blindfold,0,27774
1166,blindfold_mask,0,2752
1167,blinking,0,2280
1168,blob,0,985
1169,block_heels,0,1070
1170,blocking,0,830
1171,blonde_hair,0,2003183
1172,blonde_pubic_hair,0,2737
1173,blonde_streaks,0,2103
1174,blood,0,173975
1175,blood_bag,0,1747
1176,blood_drip,0,1961
1177,blood_from_eyes,0,4552
1178,blood_from_forehead,0,1378
1179,blood_from_mouth,0,11353
1180,blood_halo,0,1044
1181,blood_in_hair,0,3842
1182,blood_in_mouth,0,898
1183,blood_on_arm,0,3084
1184,blood_on_bandages,0,1784
1185,blood_on_body,0,842
1186,blood_on_breasts,0,1273
1187,blood_on_chest,0,1369
1188,blood_on_clothes,0,32607
1189,blood_on_face,0,54351
1190,blood_on_ground,0,2439
1191,blood_on_hand,0,16618
1192,blood_on_knife,0,3200
1193,blood_on_leg,0,1906
1194,blood_on_mouth,0,719
1195,blood_on_neck,0,1226
1196,blood_on_wall,0,1057
1197,blood_on_weapon,0,9957
1198,blood_splatter,0,11381
1199,blood_spray,0,804
1200,blood_stain,0,3631
1201,bloodshot_eyes,0,1781
1202,bloom,0,5064
1203,bloomers,0,26684
1204,blouse,0,48725
1205,blowhole,0,877
1206,blowing,0,1501
1207,blowing_bubble_gum,0,5536
1208,blowing_bubbles,0,1935
1209,blowing_kiss,0,4726
1210,blowing_smoke,0,1019
1211,blue-framed_eyewear,0,5457
1212,blue-tinted_eyewear,0,4228
1213,blue_apron,0,5697
1214,blue_arm_warmers,0,675
1215,blue_armband,0,4638
1216,blue_armor,0,5247
1217,blue_ascot,0,9864
1218,blue_assault_visor,0,875
1219,blue_babydoll,0,621
1220,blue_background,0,173261
1221,blue_bag,0,6111
1222,blue_bandana,0,1956
1223,blue_bandeau,0,963
1224,blue_belt,0,9995
1225,blue_bikini,0,54875
1226,blue_bird,0,1329
1227,blue_blood,0,967
1228,blue_bodysuit,0,12778
1229,blue_boots,0,21191
1230,blue_border,0,4204
1231,blue_bow,0,163599
1232,blue_bowtie,0,48600
1233,blue_bra,0,16042
1234,blue_buruma,0,9467
1235,blue_butterfly,0,12790
1236,blue_camisole,0,2290
1237,blue_cape,0,25939
1238,blue_capelet,0,10619
1239,blue_cardigan,0,7204
1240,blue_choker,0,16177
1241,blue_cloak,0,3972
1242,blue_coat,0,20830
1243,blue_collar,0,4412
1244,blue_corset,0,1277
1245,blue_dress,0,168668
1246,blue_eyeliner,0,902
1247,blue_eyes,0,2276479
1248,blue_eyeshadow,0,5304
1249,blue_feathers,0,3214
1250,blue_fire,0,11824
1251,blue_flower,0,61881
1252,blue_fur,0,8831
1253,blue_gem,0,25752
1254,blue_gloves,0,36695
1255,blue_hair,0,1104568
1256,blue_hairband,0,28402
1257,blue_hakama,0,5225
1258,blue_halo,0,50772
1259,blue_hanfu,0,913
1260,blue_haori,0,1604
1261,blue_hat,0,73230
1262,blue_headband,0,4179
1263,blue_headscarf,0,711
1264,blue_helmet,0,3922
1265,blue_hood,0,2587
1266,blue_hoodie,0,16394
1267,blue_horns,0,5436
1268,blue_jacket,0,143044
1269,blue_jumpsuit,0,1745
1270,blue_kimono,0,36251
1271,blue_leotard,0,29589
1272,blue_lips,0,7111
1273,blue_male_swimwear,0,1090
1274,blue_male_underwear,0,1040
1275,blue_mask,0,950
1276,blue_mittens,0,1049
1277,blue_nails,0,68396
1278,blue_neckerchief,0,24868
1279,blue_necktie,0,71165
1280,blue_nipples,0,922
1281,blue_one-piece_swimsuit,0,40620
1282,blue_oni,0,885
1283,blue_outline,0,2019
1284,blue_overalls,0,9801
1285,blue_pajamas,0,3059
1286,blue_panties,0,30786
1287,blue_pants,0,54267
1288,blue_pantyhose,0,7853
1289,blue_petals,0,1513
1290,blue_pubic_hair,0,1444
1291,blue_pupils,0,8055
1292,blue_ribbon,0,102016
1293,blue_robe,0,4032
1294,blue_rose,0,23148
1295,blue_sailor_collar,0,83897
1296,blue_sandals,0,2089
1297,blue_sarong,0,1704
1298,blue_sash,0,8126
1299,blue_scales,0,1109
1300,blue_scarf,0,20565
1301,blue_sclera,0,3712
1302,blue_scrunchie,0,8256
1303,blue_serafuku,0,7122
1304,blue_shawl,0,1922
1305,blue_shirt,0,149019
1306,blue_shoes,0,31040
1307,blue_shorts,0,62234
1308,blue_shrug,0,1101
1309,blue_skin,0,36095
1310,blue_skirt,0,239570
1311,blue_sky,0,268408
1312,blue_sleeves,0,14845
1313,blue_socks,0,13197
1314,blue_sports_bra,0,2686
1315,blue_streaks,0,14761
1316,blue_suit,0,2064
1317,blue_sweater,0,17114
1318,blue_sweater_vest,0,2294
1319,blue_tabard,0,3160
1320,blue_tail,0,5407
1321,blue_tank_top,0,2971
1322,blue_theme,0,37642
1323,blue_thighhighs,0,23896
1324,blue_tongue,0,3927
1325,blue_trim,0,4277
1326,blue_tube_top,0,824
1327,blue_tunic,0,3574
1328,blue_umbrella,0,1786
1329,blue_veil,0,2933
1330,blue_vest,0,25408
1331,blue_wings,0,9519
1332,blue_wrist_cuffs,0,1952
1333,blueberry,0,3959
1334,blueberry_academy_school_uniform,0,823
1335,bluesky_logo,0,797
1336,bluesky_username,0,1416
1337,blunt_bangs,0,396017
1338,blunt_ends,0,46896
1339,blunt_sidelocks,0,2316
1340,blunt_tresses,0,3313
1341,blur_censor,0,4805
1342,blurry,0,289705
1343,blurry_background,0,172326
1344,blurry_edges,0,669
1345,blurry_foreground,0,39101
1346,blush,0,3778182
1347,blush_stickers,0,142062
1348,bnw_(umamusume),0,619
1349,bo_staff,0,1725
1350,boar,0,1719
1351,board_eraser,0,811
1352,board_game,0,3436
1353,boat,0,8384
1354,boater_hat,0,2059
1355,bob_cut,0,129137
1356,bobby_socks,0,11309
1357,bodice,0,3413
1358,body_armor,0,2040
1359,body_blush,0,7810
1360,body_freckles,0,5286
1361,body_fur,0,32185
1362,body_hair,0,2335
1363,body_horror,0,1841
1364,body_markings,0,14847
1365,body_pillow,0,690
1366,body_switch,0,1327
1367,body_writing,0,14358
1368,bodycon,0,635
1369,bodypaint,0,6789
1370,bodystocking,0,24335
1371,bodysuit,0,166589
1372,bodysuit_under_clothes,0,5854
1373,bokeh,0,10075
1374,bokken,0,1292
1375,bolo_tie,0,3133
1376,bolt_(hardware),0,1027
1377,bolt_action,0,6941
1378,bomb,0,3372
1379,bomber,0,601
1380,bomber_jacket,0,3954
1381,bondage,0,68317
1382,bondage_outfit,0,3427
1383,bone,0,9164
1384,bone_hair_ornament,0,6832
1385,bone_print,0,697
1386,boned_meat,0,2609
1387,bonnet,0,16959
1388,bonsai,0,1101
1389,boobplate,0,2776
1390,boobs_in_book_(meme),0,632
1391,book,0,176340
1392,book_on_lap,0,1023
1393,book_stack,0,11623
1394,bookbag,0,680
1395,bookmark,0,2303
1396,bookshelf,0,25842
1397,boombox,0,722
1398,boomerang,0,649
1399,booth_seating,0,1417
1400,boots,0,649972
1401,border,0,227884
1402,borderless_panels,0,1785
1403,bored,0,1879
1404,borrowed_character,0,31501
1405,borrowed_clothes,0,6471
1406,borrowed_design,0,2115
1407,borrowed_hairstyle,0,769
1408,bottle,0,92962
1409,bottomless,0,112973
1410,boulder,0,1077
1411,bouncing_ass,0,617
1412,bouncing_breasts,0,24745
1413,bound,0,101929
1414,bound_ankles,0,5424
1415,bound_arms,0,20394
1416,bound_legs,0,12073
1417,bound_thighs,0,1058
1418,bound_together,0,1705
1419,bound_torso,0,1699
1420,bound_wrists,0,27194
1421,bouquet,0,38939
1422,boutonniere,0,1098
1423,bow,0,1576785
1424,bow-shaped_hair,0,10569
1425,bow_(music),0,4014
1426,bow_(weapon),0,29173
1427,bow_bikini,0,4736
1428,bow_bra,0,19595
1429,bow_choker,0,5258
1430,bow_earrings,0,3939
1431,bow_hairband,0,21478
1432,bow_legwear,0,4489
1433,bow_panties,0,55939
1434,bowing,0,2705
1435,bowl,0,40530
1436,bowl_cut,0,4190
1437,bowl_hat,0,2699
1438,bowlegged_pose,0,2353
1439,bowler_hat,0,1781
1440,bowtie,0,443460
1441,box,0,73462
1442,box_art,0,1240
1443,box_of_chocolates,0,2820
1444,box_tie,0,881
1445,boxcutter,0,1759
1446,boxer_briefs,0,2025
1447,boxers,0,3805
1448,boxing,0,987
1449,boxing_gloves,0,4042
1450,boxing_ring,0,808
1451,boy_on_top,0,9785
1452,boy_sandwich,0,1456
1453,boyshort_panties,0,723
1454,bra,0,257356
1455,bra_lift,0,12077
1456,bra_peek,0,7183
1457,bra_pull,0,8782
1458,bra_strap,0,12026
1459,bra_visible_through_clothes,0,10902
1460,bracelet,0,248749
1461,bracer,0,17601
1462,braces,0,1360
1463,braid,0,844138
1464,braided_bangs,0,16289
1465,braided_base,0,11840
1466,braided_bun,0,15485
1467,braided_hair_rings,0,12941
1468,braided_ponytail,0,45568
1469,braided_sidelocks,0,2985
1470,braided_twintails,0,3676
1471,braiding_hair,0,1314
1472,brain,0,1758
1473,bralines,0,1048
1474,branch,0,30799
1475,brand_name_imitation,0,6493
1476,brand_of_the_exalt,0,880
1477,brass_knuckles,0,1087
1478,brazilian_flag,0,1476
1479,brazilian_flag_print,0,1143
1480,bread,0,19466
1481,bread_slice,0,5009
1482,breaker_gorgon,0,1028
1483,breaking,0,1398
1484,breast_awe,0,697
1485,breast_bondage,0,4385
1486,breast_conscious,0,2125
1487,breast_curtains,0,8039
1488,breast_cutouts,0,669
1489,breast_envy,0,7651
1490,breast_expansion,0,2313
1491,breast_focus,0,3672
1492,breast_lift,0,8629
1493,breast_milk_in_container,0,1104
1494,breast_padding,0,1580
1495,breast_pillow,0,765
1496,breast_pocket,0,29405
1497,breast_press,0,63065
1498,breast_rest,0,11712
1499,breast_slip,0,3727
1500,breast_smother,0,2469
1501,breast_strap,0,1062
1502,breast_sucking,0,15778
1503,breast_suppress,0,7913
1504,breast_tattoo,0,7690
1505,breast_zipper,0,888
1506,breastfeeding,0,1870
1507,breastless_clothes,0,4598
1508,breastplate,0,38257
1509,breasts,0,4543783
1510,breasts_apart,0,57135
1511,breasts_day,0,646
1512,breasts_on_glass,0,4045
1513,breasts_on_head,0,2823
1514,breasts_on_table,0,1991
1515,breasts_out,0,80328
1516,breasts_squeezed_together,0,33547
1517,breath,0,60677
1518,breath_weapon,0,3258
1519,breathing_fire,0,2974
1520,brick,0,1686
1521,brick_floor,0,2199
1522,brick_road,0,734
1523,brick_wall,0,14765
1524,bridal_gauntlets,0,66814
1525,bridal_legwear,0,1776
1526,bridal_lingerie,0,1401
1527,bridal_veil,0,20363
1528,bride,0,10606
1529,bridge,0,12539
1530,bridle,0,1164
1531,briefcase,0,6273
1532,briefs,0,3200
1533,bright_pupils,0,134362
1534,broad_shoulders,0,1551
1535,broccoli,0,1309
1536,broken,0,9712
1537,broken_armor,0,1232
1538,broken_chain,0,2430
1539,broken_eyewear,0,1228
1540,broken_glass,0,5864
1541,broken_halo,0,3328
1542,broken_heart,0,2980
1543,broken_heart_hair_ornament,0,796
1544,broken_horn,0,4562
1545,broken_mask,0,1258
1546,broken_mirror,0,1435
1547,broken_sword,0,1158
1548,broken_wall,0,660
1549,broken_weapon,0,1885
1550,broken_window,0,1393
1551,brooch,0,85979
1552,broom,0,38855
1553,broom_riding,0,11000
1554,brother_and_sister,0,37838
1555,brothers,0,18384
1556,brown-framed_eyewear,0,3536
1557,brown-tinted_eyewear,0,980
1558,brown_apron,0,3423
1559,brown_ascot,0,1268
1560,brown_background,0,56975
1561,brown_bag,0,12032
1562,brown_belt,0,43258
1563,brown_bikini,0,2635
1564,brown_bodysuit,0,904
1565,brown_boots,0,69927
1566,brown_border,0,2507
1567,brown_bow,0,11406
1568,brown_bowtie,0,3501
1569,brown_bra,0,1476
1570,brown_cape,0,5437
1571,brown_capelet,0,5734
1572,brown_cardigan,0,20289
1573,brown_cat,0,1206
1574,brown_choker,0,2460
1575,brown_cloak,0,3580
1576,brown_coat,0,24189
1577,brown_collar,0,1977
1578,brown_corset,0,4049
1579,brown_dress,0,37296
1580,brown_eyes,0,1019698
1581,brown_feathers,0,1148
1582,brown_flower,0,1380
1583,brown_fur,0,14718
1584,brown_gloves,0,60853
1585,brown_hair,0,1929957
1586,brown_hairband,0,4787
1587,brown_hakama,0,722
1588,brown_halo,0,2287
1589,brown_hat,0,41509
1590,brown_helmet,0,660
1591,brown_hoodie,0,2909
1592,brown_horns,0,7935
1593,brown_jacket,0,58060
1594,brown_kimono,0,4423
1595,brown_leotard,0,2074
1596,brown_lips,0,1424
1597,brown_mittens,0,1373
1598,brown_nails,0,2153
1599,brown_neckerchief,0,1452
1600,brown_necktie,0,4754
1601,brown_overalls,0,897
1602,brown_panties,0,1966
1603,brown_pants,0,31683
1604,brown_pantyhose,0,55197
1605,brown_pubic_hair,0,1073
1606,brown_ribbon,0,5934
1607,brown_robe,0,1134
1608,brown_sailor_collar,0,5561
1609,brown_sandals,0,6895
1610,brown_sash,0,1799
1611,brown_scarf,0,7946
1612,brown_serafuku,0,1091
1613,brown_shawl,0,954
1614,brown_shirt,0,34383
1615,brown_shoes,0,82871
1616,brown_shorts,0,19211
1617,brown_skirt,0,47012
1618,brown_sleeves,0,2888
1619,brown_socks,0,5210
1620,brown_suit,0,1092
1621,brown_sweater,0,19363
1622,brown_sweater_vest,0,7524
1623,brown_tail,0,9663
1624,brown_tank_top,0,726
1625,brown_theme,0,4645
1626,brown_thighhighs,0,31613
1627,brown_vest,0,14627
1628,brown_wings,0,3214
1629,bruce_lee's_jumpsuit,0,654
1630,bruise,0,12144
1631,bruise_on_face,0,3762
1632,bruised_eye,0,934
1633,brush,0,1245
1634,brushing_another's_hair,0,2175
1635,brushing_hair,0,3660
1636,brushing_own_hair,0,739
1637,brushing_teeth,0,2711
1638,bubble,0,42386
1639,bubble_background,0,746
1640,bubble_bath,0,687
1641,bubble_skirt,0,8321
1642,bubble_tea,0,5427
1643,bubble_tea_challenge,0,1420
1644,buck_teeth,0,4096
1645,bucket,0,19072
1646,bucket_hat,0,3321
1647,buckle,0,67409
1648,bud,0,3191
1649,budget_sarashi,0,2605
1650,bug,0,91384
1651,building,0,78212
1652,bukkake,0,15116
1653,bulge,0,43264
1654,bulge_to_ass,0,800
1655,bulging_eyes,0,1188
1656,bull,0,913
1657,bullet,0,6597
1658,bullet_hole,0,1764
1659,bulletin_board,0,1708
1660,bulletproof_vest,0,5776
1661,bullpup,0,5054
1662,bullying,0,1296
1663,bun_cover,0,22998
1664,bun_with_braided_base,0,9060
1665,bunching_hair,0,1542
1666,bunny_day,0,2322
1667,burger,0,14182
1668,buried,0,1063
1669,burn_scar,0,6473
1670,burning,0,4669
1671,burnt,0,884
1672,burnt_clothes,0,2077
1673,bursting_breasts,0,8051
1674,buruma,0,37815
1675,buruma_aside,0,1250
1676,buruma_pull,0,1574
1677,bus,0,1612
1678,bus_interior,0,1003
1679,bus_stop,0,1891
1680,bus_stop_shelter,0,870
1681,bush,0,25013
1682,business_suit,0,7561
1683,bust_cup,0,1162
1684,buster_sword,0,2339
1685,bustier,0,6720
1686,butch/femme_couple,0,757
1687,butler,0,4074
1688,butt_crack,0,27214
1689,butt_plug,0,6702
1690,butter,0,1980
1691,butterfly,0,70543
1692,butterfly-shaped_pupils,0,1691
1693,butterfly_brooch,0,1325
1694,butterfly_earrings,0,1276
1695,butterfly_hair_ornament,0,32724
1696,butterfly_net,0,2082
1697,butterfly_on_hand,0,3732
1698,butterfly_ornament,0,1547
1699,butterfly_print,0,4420
1700,butterfly_print_kimono,0,615
1701,butterfly_sitting,0,1427
1702,butterfly_tattoo,0,1332
1703,butterfly_wings,0,7770
1704,butterflyfish,0,620
1705,buttjob,0,2801
1706,buttjob_over_clothes,0,604
1707,button_badge,0,6377
1708,button_eyes,0,2515
1709,button_gap,0,11245
1710,buttoned_cuffs,0,3569
1711,buttons,0,199157
1712,buzz_cut,0,4156
1713,byakugan,0,704
1714,c-string,0,672
1715,c:,0,2768
1716,cabbage,0,1232
1717,cabinet,0,3699
1718,cable,0,26114
1719,cable_knit,0,8147
1720,cable_tail,0,2243
1721,cactus,0,2755
1722,cafe,0,4069
1723,cage,0,6453
1724,cake,0,52945
1725,cake_cat_(honkai:_star_rail),0,783
1726,cake_slice,0,12674
1727,calendar_(medium),0,3092
1728,calendar_(object),0,4197
1729,caliburn_(fate),0,1194
1730,calico_(pattern),0,3036
1731,calico_cat,0,2118
1732,calligraphy,0,1283
1733,calligraphy_brush,0,6162
1734,calvin_klein,0,880
1735,camcorder,0,1900
1736,camellia,0,3269
1737,cameltoe,0,118418
1738,cameo,0,3766
1739,camera,0,29083
1740,camera_around_neck,0,1027
1741,camera_flash,0,984
1742,camisole,0,61402
1743,camisole_lift,0,1549
1744,camouflage,0,13908
1745,camouflage_bikini,0,674
1746,camouflage_headwear,0,1178
1747,camouflage_jacket,0,2879
1748,camouflage_pants,0,2865
1749,camouflage_shirt,0,973
1750,campfire,0,2377
1751,camping,0,787
1752,can,0,35405
1753,can't_be_this_cute,0,797
1754,can't_choose_your_own_family,0,969
1755,canal,0,724
1756,candelabra,0,1179
1757,candle,0,25052
1758,candlelight,0,1245
1759,candlestand,0,5764
1760,candy,0,70132
1761,candy_apple,0,6201
1762,candy_cane,0,5234
1763,candy_hair_ornament,0,2576
1764,candy_wrapper,0,1931
1765,cane,0,10228
1766,canister,0,617
1767,canned_coffee,0,1192
1768,canned_food,0,616
1769,cannibalism,0,672
1770,cannon,0,18749
1771,canon_event,0,3657
1772,canopy_(aircraft),0,816
1773,canopy_bed,0,1315
1774,canteen,0,981
1775,canvas_(object),0,2283
1776,cape,0,279643
1777,capelet,0,160671
1778,capri_pants,0,4768
1779,captive_bead_ring,0,910
1780,captured,0,1938
1781,car,0,26735
1782,car_interior,0,5338
1783,car_seat,0,696
1784,carapace,0,1167
1785,card,0,34994
1786,card_(medium),0,34282
1787,card_parody,0,1097
1788,cardboard_box,0,11116
1789,cardigan,0,115821
1790,cardigan_around_waist,0,3063
1791,cardigan_partially_removed,0,860
1792,cardigan_under_jacket,0,941
1793,cardigan_vest,0,826
1794,cardiogram,0,1074
1795,caressing_testicles,0,2851
1796,cargo_pants,0,2024
1797,cargo_shorts,0,655
1798,carnation,0,726
1799,carousel,0,1442
1800,carpet,0,4769
1801,carriage,0,604
1802,carried_breast_rest,0,893
1803,carrot,0,17300
1804,carrot_hair_ornament,0,7163
1805,carrot_necklace,0,3613
1806,carrot_print,0,771
1807,carrying,0,60376
1808,carrying_baby,0,1447
1809,carrying_over_shoulder,0,4097
1810,carrying_overhead,0,613
1811,carrying_person,0,14589
1812,carrying_under_arm,0,2713
1813,cart,0,1233
1814,cartoon_bone,0,1808
1815,cartoonized,0,754
1816,cash_register,0,1109
1817,casing_ejection,0,969
1818,casino,0,1383
1819,cassette_player,0,705
1820,cassette_tape,0,703
1821,cassock,0,1143
1822,cast,0,1134
1823,casting_spell,0,1743
1824,castle,0,9763
1825,casual,0,61862
1826,casual_one-piece_swimsuit,0,14719
1827,cat,0,108590
1828,cat's_cradle,0,817
1829,cat_bag,0,1704
1830,cat_boy,0,17145
1831,cat_choker,0,1233
1832,cat_costume,0,1505
1833,cat_cutout,0,7206
1834,cat_day,0,2893
1835,cat_ear_hairband,0,4272
1836,cat_ear_headphones,0,10464
1837,cat_ear_legwear,0,1818
1838,cat_ear_panties,0,3770
1839,cat_ears,0,375589
1840,cat_girl,0,143765
1841,cat_hair_ornament,0,9052
1842,cat_hat,0,5876
1843,cat_hood,0,7276
1844,cat_lingerie,0,6691
1845,cat_mask,0,1346
1846,cat_on_head,0,2724
1847,cat_on_lap,0,1090
1848,cat_on_shoulder,0,1574
1849,cat_paws,0,7272
1850,cat_print,0,4995
1851,cat_tail,0,205834
1852,cat_teaser,0,2720
1853,catching,0,814
1854,catchphrase,0,1245
1855,caterpillar,0,683
1856,caterpillar_tracks,0,3487
1857,catfight,0,686
1858,cathedral,0,667
1859,catsuit,0,980
1860,cattail,0,709
1861,caught,0,4565
1862,cauldron,0,1348
1863,caustics,0,3587
1864,caution_tape,0,2995
1865,cave,0,3765
1866,cave_interior,0,931
1867,cbt,0,875
1868,cd,0,1897
1869,cd_case,0,808
1870,ceiling,0,7721
1871,ceiling_light,0,5686
1872,cello,0,1100
1873,cellphone,0,124687
1874,cellphone_charm,0,1649
1875,cellphone_photo,0,4949
1876,censored,0,592634
1877,censored_by_text,0,847
1878,censored_identity,0,3714
1879,censored_nipples,0,4833
1880,censored_text,0,1561
1881,censored_with_cum,0,1064
1882,centaur,0,2789
1883,centauroid,0,2716
1884,center-flap_bangs,0,10521
1885,center_frills,0,34856
1886,center_opening,0,25149
1887,centipede,0,1259
1888,cephalopod_eyes,0,2395
1889,cerise_bouquet,0,1981
1890,cervical_penetration,0,882
1891,cervix,0,4043
1892,cetacean_tail,0,2827
1893,chabudai,0,618
1894,chain,0,132260
1895,chain-link_fence,0,10478
1896,chain_around_arm,0,647
1897,chain_belt,0,813
1898,chain_bracelet,0,606
1899,chain_headband,0,2202
1900,chain_leash,0,5576
1901,chain_necklace,0,10655
1902,chained,0,4785
1903,chained_wrists,0,1500
1904,chainmail,0,3859
1905,chainsaw,0,5167
1906,chair,0,132881
1907,chakram,0,1444
1908,chaldea_logo,0,2064
1909,chaldea_master_uniform,0,7162
1910,chaldea_staff_uniform,0,1011
1911,chalice,0,1870
1912,chalk,0,2170
1913,chalkboard,0,12644
1914,champagne,0,2214
1915,champagne_bottle,0,896
1916,champagne_flute,0,4597
1917,champion's_tunic_(zelda),0,3368
1918,champion_uniform_(pokemon),0,1439
1919,chandelier,0,4008
1920,changing_clothes,0,600
1921,changing_room,0,928
1922,changpao,0,1598
1923,chao_(sonic),0,727
1924,chaos_(warhammer),0,691
1925,chaps,0,3440
1926,chapter_number,0,653
1927,character-themed_food,0,1384
1928,character_age,0,2519
1929,character_and_genderswap,0,1109
1930,character_censor,0,2116
1931,character_charm,0,2621
1932,character_doll,0,34079
1933,character_hair_ornament,0,5106
1934,character_hood,0,937
1935,character_mask,0,879
1936,character_name,0,282420
1937,character_print,0,5483
1938,character_profile,0,6209
1939,character_signature,0,1511
1940,charisma_break,0,661
1941,charm_(object),0,17759
1942,chart,0,2237
1943,chasing,0,3034
1944,chastity_belt,0,679
1945,chastity_cage,0,1919
1946,chat_log,0,2515
1947,cheating_(relationship),0,4992
1948,checkerboard_cookie,0,2737
1949,checkered_background,0,12839
1950,checkered_bow,0,1376
1951,checkered_clothes,0,26146
1952,checkered_dress,0,1355
1953,checkered_flag,0,1768
1954,checkered_floor,0,13124
1955,checkered_hairband,0,1449
1956,checkered_haori,0,843
1957,checkered_kimono,0,3354
1958,checkered_legwear,0,782
1959,checkered_necktie,0,3242
1960,checkered_ribbon,0,909
1961,checkered_sash,0,1357
1962,checkered_scarf,0,6288
1963,checkered_shirt,0,1564
1964,checkered_skirt,0,6270
1965,cheek-to-cheek,0,6781
1966,cheek_bulge,0,2310
1967,cheek_pinching,0,3880
1968,cheek_poking,0,3868
1969,cheek_press,0,2963
1970,cheek_pull,0,1834
1971,cheek_rest,0,797
1972,cheek_squash,0,2509
1973,cheekbones,0,2023
1974,cheering,0,3007
1975,cheerleader,0,23016
1976,cheese,0,6148
1977,cheese_trail,0,815
1978,cheesecake,0,646
1979,chef,0,2857
1980,chef_hat,0,6833
1981,chemical_structure,0,2594
1982,chemise,0,3655
1983,chenqing_flute,0,694
1984,cherry,0,13587
1985,cherry_blossom_print,0,3821
1986,cherry_blossoms,0,68776
1987,cherry_earrings,0,678
1988,cherry_hair_ornament,0,2393
1989,cherry_print,0,973
1990,cherry_tomato,0,970
1991,cherry_tree,0,661
1992,chess,0,1276
1993,chess_piece,0,9007
1994,chessboard,0,1378
1995,chest_belt,0,7553
1996,chest_bow,0,2938
1997,chest_eye,0,1037
1998,chest_guard,0,1720
1999,chest_hair,0,13214
2000,chest_harness,0,17069
2001,chest_jewel,0,20162
2002,chest_of_drawers,0,2402
2003,chest_rig,0,616
2004,chest_sarashi,0,12724
2005,chest_strap,0,5387
2006,chest_tattoo,0,17952
2007,chest_tuft,0,995
2008,chestnut_mouth,0,17746
2009,chewing,0,3090
2010,chewing_gum,0,7589
2011,chi-hatan_military_uniform,0,963
2012,chibi,0,337490
2013,chibi_inset,0,28391
2014,chibi_on_head,0,810
2015,chibi_only,0,65783
2016,chibikemo,0,2671
2017,chick,0,7734
2018,chicken,0,5872
2019,chicken_(food),0,3588
2020,chicken_leg,0,887
2021,chihaya_(clothing),0,1277
2022,chikan,0,1311
2023,child,0,73156
2024,child's_drawing,0,2172
2025,child_carry,0,1689
2026,children's_day,0,634
2027,chili_pepper,0,1099
2028,chimera,0,1757
2029,chimera_(honkai:_star_rail),0,927
2030,chimney,0,2266
2031,china_dress,0,72839
2032,chinchilla_(animal),0,632
2033,chinese_clothes,0,150584
2034,chinese_hairpin,0,2223
2035,chinese_knot,0,5343
2036,chinese_new_year,0,2241
2037,chinese_text,0,45455
2038,chinese_zodiac,0,20806
2039,chinstrap,0,2303
2040,chinstrap_beard,0,719
2041,chipmunk_ears,0,781
2042,chipmunk_girl,0,769
2043,chipmunk_tail,0,611
2044,chips_(food),0,5797
2045,chisel,0,877
2046,chiton,0,858
2047,chocobo,0,1583
2048,chocolate,0,32013
2049,chocolate-covered_food,0,1231
2050,chocolate_banana,0,858
2051,chocolate_bar,0,3107
2052,chocolate_cake,0,1724
2053,chocolate_chip_cookie,0,916
2054,chocolate_making,0,1051
2055,chocolate_on_body,0,3415
2056,chocolate_on_breasts,0,2457
2057,chocolate_on_face,0,947
2058,chocolate_on_nipples,0,764
2059,chocolate_syrup,0,940
2060,choke_hold,0,1194
2061,choker,0,564237
2062,choko_(cup),0,3345
2063,chokutou,0,601
2064,choppy_bangs,0,8625
2065,chopsticks,0,31391
2066,choshanland_plushy_(arknights),0,654
2067,christmas,0,55676
2068,christmas_lights,0,2987
2069,christmas_ornaments,0,7074
2070,christmas_present,0,2651
2071,christmas_stocking,0,1438
2072,christmas_sweater,0,710
2073,christmas_tree,0,15169
2074,christmas_wreath,0,1182
2075,chromatic_aberration,0,35356
2076,chronal_accelerator_(overwatch),0,677
2077,chrysanthemum,0,1378
2078,chrysanthemum_print,0,723
2079,chun-li_(cosplay),0,612
2080,church,0,4784
2081,chuunibyou,0,1219
2082,cigar,0,5177
2083,cigarette,0,45606
2084,cigarette_pack,0,1433
2085,circle,0,7067
2086,circle_cut,0,2717
2087,circle_facial_mark,0,1753
2088,circle_formation,0,1251
2089,circle_name,0,3199
2090,circle_skirt,0,3227
2091,circled_9,0,1670
2092,circlet,0,37351
2093,circular_saw,0,907
2094,cirno_day,0,643
2095,city,0,32083
2096,city_lights,0,6268
2097,cityscape,0,22126
2098,clam,0,720
2099,clapping,0,2011
2100,clarent_(fate),0,872
2101,classic_lolita,0,1131
2102,classroom,0,23819
2103,claw_(weapon),0,3888
2104,claw_foot_bathtub,0,791
2105,claw_pose,0,26161
2106,claw_ring,0,3431
2107,clawed_gauntlets,0,3299
2108,claws,0,74156
2109,cleaning,0,2452
2110,cleaning_rag,0,1022
2111,cleanup_fellatio,0,864
2112,clear_sky,0,2330
2113,cleavage,0,1302518
2114,cleavage_cutout,0,113096
2115,cleave_gag,0,2427
2116,cleaver,0,1917
2117,cleft_chin,0,1171
2118,cleft_of_venus,0,45138
2119,clenched_hand,0,80711
2120,clenched_hands,0,55901
2121,clenched_teeth,0,95809
2122,cliff,0,4610
2123,climbing,0,1968
2124,clinging,0,887
2125,clipboard,0,11936
2126,clitoral_hood,0,26482
2127,clitoral_piercing,0,2109
2128,clitoral_stimulation,0,5269
2129,clitoris,0,28049
2130,clitoris_ring,0,617
2131,cloak,0,71750
2132,clock,0,25132
2133,clock_eyes,0,1209
2134,clock_tower,0,2015
2135,clone,0,8469
2136,clone_harem,0,1548
2137,close-up,0,58171
2138,closed_eyes,0,960160
2139,closed_mouth,0,1759536
2140,closed_umbrella,0,7693
2141,closet,0,1097
2142,cloth,0,891
2143,cloth_gag,0,4480
2144,clothed_after_sex,0,633
2145,clothed_animal,0,6675
2146,clothed_female_nude_female,0,4491
2147,clothed_female_nude_male,0,51415
2148,clothed_male_nude_female,0,10493
2149,clothed_male_nude_male,0,1361
2150,clothed_pokemon,0,6924
2151,clothed_robot,0,1294
2152,clothed_sex,0,47149
2153,clothes,0,1273
2154,clothes_around_waist,0,20847
2155,clothes_between_breasts,0,17386
2156,clothes_between_thighs,0,1914
2157,clothes_down,0,4143
2158,clothes_focus,0,661
2159,clothes_grab,0,14852
2160,clothes_hanger,0,4943
2161,clothes_in_front,0,680
2162,clothes_in_mouth,0,5617
2163,clothes_lift,0,265522
2164,clothes_on_and_off,0,625
2165,clothes_on_floor,0,1054
2166,clothes_pin,0,1096
2167,clothes_pull,0,98316
2168,clothes_theft,0,953
2169,clothes_tug,0,1682
2170,clothes_writing,0,55529
2171,clothesline,0,1328
2172,clothing_aside,0,58554
2173,clothing_cutout,0,243387
2174,cloud,0,366159
2175,cloud_hair_ornament,0,991
2176,cloud_print,0,3569
2177,cloud_tattoo,0,1062
2178,cloudy_sky,0,96202
2179,clover,0,7824
2180,clover_hair_ornament,0,5608
2181,clover_print,0,2567
2182,clown,0,1960
2183,clown_nose,0,1678
2184,clownfish,0,1242
2185,club_(shape),0,2761
2186,club_(weapon),0,4830
2187,clueless,0,1587
2188,clumsy,0,693
2189,coat,0,344066
2190,coat_dress,0,1541
2191,coat_on_shoulders,0,17992
2192,coat_partially_removed,0,1854
2193,coattails,0,8331
2194,cobblestone,0,1506
2195,cock_ring,0,1118
2196,cockpit,0,2625
2197,cockroach,0,1064
2198,cocktail,0,1993
2199,cocktail_dress,0,2209
2200,cocktail_glass,0,4459
2201,cocktail_shaker,0,884
2202,coco's,0,622
2203,coconut,0,1918
2204,coconut_tree,0,1096
2205,coffee,0,12497
2206,coffee_beans,0,620
2207,coffee_maker,0,724
2208,coffee_mug,0,10120
2209,coffee_pot,0,1222
2210,coffee_table,0,867
2211,coffin,0,2504
2212,coif,0,3350
2213,coin,0,16338
2214,coin_hair_ornament,0,1470
2215,coin_on_string,0,2499
2216,coin_purse,0,985
2217,coke-bottle_glasses,0,2207
2218,cola,0,1424
2219,cold,0,4797
2220,collage,0,5477
2221,collar,0,254879
2222,collar_grab,0,824
2223,collar_jewel,0,761
2224,collar_tabs,0,649
2225,collar_tug,0,1091
2226,collarbone,0,1022985
2227,collared_cape,0,4139
2228,collared_capelet,0,2447
2229,collared_coat,0,8276
2230,collared_dress,0,45803
2231,collared_halterneck,0,1133
2232,collared_jacket,0,22375
2233,collared_leotard,0,974
2234,collared_shirt,0,685252
2235,collared_shrug,0,2023
2236,collared_vest,0,3153
2237,color_connection,0,3479
2238,color_guide,0,7072
2239,color_timer,0,1477
2240,color_trace,0,970
2241,colored_bangs,0,3402
2242,colored_blindfold,0,960
2243,colored_condom,0,755
2244,colored_extremities,0,14432
2245,colored_eyelashes,0,50513
2246,colored_eyepatch,0,750
2247,colored_inner_animal_ears,0,9038
2248,colored_inner_hair,0,138124
2249,colored_lineart,0,846
2250,colored_nipples,0,2446
2251,colored_pubic_hair,0,7629
2252,colored_pussy,0,744
2253,colored_sclera,0,68379
2254,colored_shadow,0,3707
2255,colored_shoe_soles,0,3876
2256,colored_skin,0,190774
2257,colored_smoke,0,800
2258,colored_speech_bubble,0,3548
2259,colored_stripes,0,637
2260,colored_teeth,0,1617
2261,colored_tips,0,23710
2262,colored_tongue,0,8241
2263,colorful,0,7165
2264,colorful_background,0,1784
2265,colorful_clouds,0,1782
2266,column,0,3295
2267,column_lineup,0,3232
2268,comb,0,3625
2269,combat_boots,0,1983
2270,combat_helmet,0,4297
2271,combat_knife,0,1325
2272,come_hither,0,4911
2273,comedic_sweatdrop,0,1004
2274,comet,0,953
2275,comforting,0,2241
2276,comic,0,684775
2277,comic_cover,0,2022
2278,comic_sans,0,642
2279,comiket,0,670
2280,command_spell,0,7025
2281,commissioner_insert,0,1147
2282,commissioner_name,0,3309
2283,compact_(cosmetics),0,782
2284,company_connection,0,9963
2285,company_logo,0,849
2286,company_name,0,24361
2287,comparison,0,1988
2288,compass,0,1175
2289,competition_school_swimsuit,0,9724
2290,competition_swimsuit,0,36291
2291,complementary_colors,0,1589
2292,completely_nude,0,260100
2293,completely_unamused,0,2792
2294,compound_eyes,0,2567
2295,compression_shirt,0,1189
2296,computer,0,18510
2297,computer_keyboard,0,8420
2298,computer_mouse,0,5047
2299,computer_tower,0,699
2300,concentrating,0,811
2301,concert,0,3144
2302,conch,0,863
2303,concrete,0,1020
2304,condensation,0,2056
2305,condenser_unit,0,907
2306,condom,0,42778
2307,condom_belt,0,2553
2308,condom_box,0,1985
2309,condom_in_mouth,0,6850
2310,condom_left_inside,0,816
2311,condom_on_penis,0,4955
2312,condom_packet_strip,0,3322
2313,condom_wrapper,0,19785
2314,conductor_baton,0,1646
2315,cone_hair_bun,0,19418
2316,cone_horns,0,5755
2317,confession,0,2360
2318,confetti,0,28367
2319,confrontation,0,744
2320,confused,0,5290
2321,congratulations,0,1088
2322,connected_beard,0,680
2323,consensual_tentacles,0,1653
2324,constellation,0,6300
2325,constellation_print,0,4072
2326,constricted_pupils,0,18065
2327,container,0,657
2328,contemporary,0,30910
2329,content_rating,0,14120
2330,contrail,0,5774
2331,contrapposto,0,35643
2332,contrast,0,1168
2333,contrast_collar,0,8317
2334,contrast_lapels,0,739
2335,control_rod_(touhou),0,888
2336,controller,0,23912
2337,convenience_store,0,1911
2338,convenient_arm,0,3145
2339,convenient_censoring,0,47881
2340,convenient_hair,0,11621
2341,convenient_leg,0,8995
2342,convenient_skirt,0,646
2343,convenient_tail,0,2708
2344,converse,0,1552
2345,convertible,0,984
2346,cookie,0,14302
2347,cooking,0,11101
2348,cooking_pot,0,4221
2349,cool_colors,0,1435
2350,cooler,0,2282
2351,cooperative_fellatio,0,5861
2352,cooperative_handjob,0,827
2353,cooperative_paizuri,0,2729
2354,copy_ability,0,1486
2355,copyright_logo,0,9722
2356,copyright_name,0,166511
2357,copyright_notice,0,48208
2358,coral,0,3953
2359,coral_reef,0,696
2360,corded_phone,0,4464
2361,core,0,680
2362,core_crystal_(xenoblade),0,2911
2363,cork,0,1333
2364,corn,0,1816
2365,corn_dog,0,613
2366,cornrows,0,774
2367,corpse,0,5103
2368,corruption,0,9812
2369,corsage,0,1391
2370,corset,0,61559
2371,corset_piercing,0,612
2372,cosmetics,0,6081
2373,cosmos_(flower),0,924
2374,cosplay,0,175080
2375,costume,0,2804
2376,costume_switch,0,9804
2377,cotton_candy,0,2722
2378,couch,0,70024
2379,coughing,0,675
2380,countdown,0,3612
2381,counter,0,4110
2382,country_connection,0,976
2383,couple,0,93849
2384,cousins,0,4433
2385,couter,0,1477
2386,cover,0,85983
2387,cover_page,0,63847
2388,covered_abs,0,5644
2389,covered_anus,0,979
2390,covered_clitoris,0,1126
2391,covered_collarbone,0,11677
2392,covered_eyes,0,24800
2393,covered_face,0,6497
2394,covered_groin,0,1188
2395,covered_mouth,0,28096
2396,covered_navel,0,181940
2397,covered_nipples,0,191205
2398,covered_pectorals,0,1219
2399,covered_penetration,0,1247
2400,covered_penis,0,2636
2401,covered_pussy,0,1289
2402,covered_testicles,0,1842
2403,covering_another's_eyes,0,1612
2404,covering_another's_mouth,0,2040
2405,covering_ass,0,1432
2406,covering_breasts,0,26662
2407,covering_chest,0,707
2408,covering_crotch,0,15250
2409,covering_face,0,9744
2410,covering_nipples,0,3697
2411,covering_one_breast,0,1386
2412,covering_one_eye,0,1958
2413,covering_own_ears,0,978
2414,covering_own_eyes,0,4879
2415,covering_own_mouth,0,30471
2416,covering_privates,0,55274
2417,covering_with_blanket,0,1040
2418,cow,0,2175
2419,cow_boy,0,2535
2420,cow_costume,0,940
2421,cow_ear_hairband,0,1193
2422,cow_ears,0,25081
2423,cow_girl,0,13621
2424,cow_horns,0,23134
2425,cow_print,0,25533
2426,cow_print_bikini,0,13088
2427,cow_print_gloves,0,7199
2428,cow_print_thighhighs,0,9392
2429,cow_tail,0,10543
2430,cowbell,0,16024
2431,cowboy,0,1020
2432,cowboy_boots,0,1987
2433,cowboy_hat,0,11953
2434,cowboy_shot,0,778869
2435,cowboy_western,0,2848
2436,cowering,0,777
2437,cowgirl_(western),0,1124
2438,cowgirl_position,0,52582
2439,cowl,0,650
2440,cowlick,0,9864
2441,crab,0,8041
2442,crack,0,11474
2443,crack_of_light,0,1001
2444,cracked_floor,0,1471
2445,cracked_glass,0,1492
2446,cracked_mask,0,773
2447,cracked_screen,0,615
2448,cracked_skin,0,6570
2449,cracked_wall,0,1956
2450,cracking_knuckles,0,780
2451,crane_(animal),0,1356
2452,crane_(machine),0,2077
2453,crane_game,0,1861
2454,crate,0,2352
2455,crater,0,774
2456,crawling,0,1355
2457,crayon,0,2003
2458,crazy,0,1821
2459,crazy_eyes,0,8103
2460,crazy_grin,0,628
2461,crazy_smile,0,5110
2462,crazy_straw,0,1226
2463,cream,0,5977
2464,cream_on_face,0,1456
2465,cream_puff,0,756
2466,creator_connection,0,4000
2467,creature,0,29366
2468,creature_and_personification,0,3988
2469,creature_focus,0,1688
2470,creature_on_head,0,1354
2471,creature_on_shoulder,0,1181
2472,credit_card,0,608
2473,credits,0,1183
2474,credits_page,0,1019
2475,crepe,0,3881
2476,crescent,0,68366
2477,crescent_earrings,0,6195
2478,crescent_facial_mark,0,2697
2479,crescent_hair_ornament,0,16711
2480,crescent_halo,0,668
2481,crescent_hat_ornament,0,13168
2482,crescent_moon,0,15278
2483,crescent_necklace,0,1513
2484,crescent_pin,0,6086
2485,crescent_print,0,3253
2486,crescent_rose,0,748
2487,crest,0,3176
2488,crew_neck,0,2774
2489,crime_prevention_buzzer,0,2510
2490,crinoline,0,792
2491,crisis_management_form_(machikado_mazoku),0,960
2492,criss-cross_back-straps,0,823
2493,criss-cross_halter,0,31278
2494,criss-cross_straps,0,2212
2495,crocodile,0,701
2496,crocodilian,0,1629
2497,crocodilian_tail,0,1775
2498,crocs,0,2154
2499,croissant,0,1453
2500,crop_top,0,261753
2501,crop_top_overhang,0,14112
2502,cropped_arms,0,1988
2503,cropped_head,0,2332
2504,cropped_hoodie,0,4556
2505,cropped_jacket,0,72593
2506,cropped_legs,0,65766
2507,cropped_shirt,0,38320
2508,cropped_shoulders,0,7747
2509,cropped_sweater,0,3533
2510,cropped_torso,0,67530
2511,cropped_vest,0,4936
2512,cross,0,96000
2513,cross-body_stretch,0,999
2514,cross-eyed,0,1365
2515,cross-laced_bikini,0,1191
2516,cross-laced_clothes,0,29026
2517,cross-laced_corset,0,918
2518,cross-laced_cutout,0,962
2519,cross-laced_dress,0,4740
2520,cross-laced_legwear,0,1360
2521,cross-laced_shoes,0,2763
2522,cross-laced_skirt,0,1352
2523,cross-laced_sleeves,0,3037
2524,cross-laced_slit,0,1864
2525,cross-laced_top,0,2821
2526,cross-section,0,16297
2527,cross-shaped_pupils,0,16710
2528,cross_choker,0,2113
2529,cross_earrings,0,12515
2530,cross_facial_mark,0,825
2531,cross_hair_ornament,0,17241
2532,cross_halo,0,2220
2533,cross_necklace,0,19347
2534,cross_of_prontera,0,877
2535,cross_pasties,0,2482
2536,cross_print,0,3961
2537,cross_scar,0,7401
2538,cross_tattoo,0,1069
2539,cross_tie,0,2911
2540,crossbow,0,2726
2541,crossdressing,0,52078
2542,crossdressing_(ftm),0,4003
2543,crossdressing_(mtf),0,41967
2544,crossed_ankles,0,7542
2545,crossed_arms,0,112672
2546,crossed_bandaids,0,5024
2547,crossed_bangs,0,94824
2548,crossed_belts,0,849
2549,crossed_legs,0,98546
2550,crossed_wrists,0,936
2551,crosshair,0,821
2552,crosshair_pupils,0,1006
2553,crosshatching,0,1554
2554,crossover,0,79925
2555,crosswalk,0,3266
2556,crotch,0,6729
2557,crotch_cutout,0,2019
2558,crotch_focus,0,1668
2559,crotch_grab,0,1274
2560,crotch_plate,0,3223
2561,crotch_rope,0,5157
2562,crotch_rub,0,2853
2563,crotch_seam,0,28217
2564,crotch_zipper,0,1480
2565,crotchless,0,9082
2566,crotchless_panties,0,3869
2567,crotchless_pants,0,833
2568,crotchless_pantyhose,0,1329
2569,crow,0,8798
2570,crowbar,0,1492
2571,crowd,0,8004
2572,crown,0,90704
2573,crown_braid,0,33842
2574,crown_hair_ornament,0,1118
2575,crown_of_thorns,0,867
2576,crt,0,2904
2577,crucifixion,0,862
2578,crumbs,0,2172
2579,crumpled_paper,0,795
2580,crushing,0,1144
2581,crutch,0,906
2582,crying,0,104229
2583,crying_emoji,0,714
2584,crying_with_eyes_open,0,50207
2585,cryokinesis,0,1067
2586,crystal,0,32584
2587,crystal_ball,0,1849
2588,crystal_earrings,0,2256
2589,crystal_hair,0,2075
2590,crystal_wings,0,7539
2591,cube,0,3914
2592,cube_hair_ornament,0,14355
2593,cucumber,0,2673
2594,cuddling,0,5063
2595,cue_stick,0,1029
2596,cuff_links,0,1304
2597,cuffed,0,614
2598,cuffs,0,41373
2599,cuirass,0,1588
2600,cuisses,0,960
2601,cum,0,308357
2602,cum_bubble,0,875
2603,cum_in_ass,0,18992
2604,cum_in_clothes,0,2068
2605,cum_in_container,0,1680
2606,cum_in_cup,0,838
2607,cum_in_mouth,0,36762
2608,cum_in_nose,0,1580
2609,cum_in_pussy,0,128658
2610,cum_inflation,0,1622
2611,cum_on_armpits,0,677
2612,cum_on_ass,0,9967
2613,cum_on_back,0,838
2614,cum_on_body,0,116184
2615,cum_on_breasts,0,49082
2616,cum_on_chest,0,795
2617,cum_on_clothes,0,15342
2618,cum_on_eyewear,0,1118
2619,cum_on_feet,0,3324
2620,cum_on_fingers,0,831
2621,cum_on_floor,0,854
2622,cum_on_hair,0,27166
2623,cum_on_hands,0,3218
2624,cum_on_legs,0,6084
2625,cum_on_legwear,0,1914
2626,cum_on_male,0,3609
2627,cum_on_pectorals,0,1353
2628,cum_on_penis,0,5099
2629,cum_on_pussy,0,1602
2630,cum_on_self,0,2301
2631,cum_on_stomach,0,5908
2632,cum_on_tongue,0,9280
2633,cum_overflow,0,35978
2634,cum_pool,0,6336
2635,cum_string,0,11218
2636,cum_through_clothes,0,943
2637,cumdrip,0,39193
2638,cumdrip_from_penis,0,1864
2639,cumdump,0,1178
2640,cumulonimbus_cloud,0,5353
2641,cunnilingus,0,14567
2642,cuntboy,0,883
2643,cup,0,241894
2644,cupboard,0,1051
2645,cupcake,0,6554
2646,cupless_bikini,0,1039
2647,cupless_bra,0,3290
2648,cupping_hands,0,2614
2649,curious,0,1094
2650,curled_fingers,0,4636
2651,curled_horns,0,24467
2652,curled_up,0,1762
2653,curly_eyebrows,0,3835
2654,curly_hair,0,44190
2655,curly_sidelocks,0,890
2656,curry,0,3763
2657,curry_rice,0,2126
2658,cursive,0,2120
2659,cursor,0,2605
2660,curtain_grab,0,3169
2661,curtained_hair,0,40431
2662,curtains,0,85293
2663,curtsey,0,2500
2664,curved_horns,0,648
2665,curvy,0,68477
2666,cushion,0,10751
2667,cut-here_line,0,631
2668,cut-in,0,673
2669,cut_bangs,0,2075
2670,cute_&_girly_(idolmaster),0,1073
2671,cute_weapon,0,1097
2672,cutie_mark,0,988
2673,cutoffs,0,13625
2674,cutout_above_navel,0,3767
2675,cutout_eyelashes,0,1102
2676,cuts,0,6259
2677,cutting,0,1114
2678,cutting_another's_hair,0,647
2679,cutting_board,0,2287
2680,cutting_hair,0,2066
2681,cutting_own_hair,0,738
2682,cyber_fashion,0,1439
2683,cyberpunk,0,3845
2684,cyborg,0,11780
2685,cycling_uniform,0,643
2686,cyclops,0,3464
2687,cymbals,0,760
2688,cyrillic,0,1008
2689,d-pad,0,3393
2690,d-pad_hair_ornament,0,3183
2691,d-sword,0,625
2692,d:,0,10316
2693,daffodil,0,710
2694,dagger,0,19559
2695,daikon,0,842
2696,daisy_(flower),0,5221
2697,dakimakura_(medium),0,26501
2698,dakimakura_(object),0,2036
2699,dalachi_(headdress),0,3629
2700,damaged,0,8149
2701,dancer,0,7218
2702,dancing,0,16995
2703,dandelion,0,2204
2704,dango,0,9806
2705,danmaku,0,6432
2706,dappled_sunlight,0,14159
2707,dark,0,18277
2708,dark-skinned_female,0,232273
2709,dark-skinned_male,0,120795
2710,dark_anus,0,3455
2711,dark_areolae,0,1074
2712,dark_aura,0,3107
2713,dark_background,0,15452
2714,dark_cloud,0,1304
2715,dark_elf,0,8955
2716,dark_halo,0,2638
2717,dark_labia,0,1203
2718,dark_nipples,0,8776
2719,dark_penis,0,2343
2720,dark_persona,0,15699
2721,dark_room,0,1098
2722,dark_skin,0,371806
2723,darkened_skin,0,794
2724,darkness,0,4289
2725,daruma_doll,0,2201
2726,dashed_eyes,0,2287
2727,dated,0,248291
2728,dating,0,1212
2729,dawn,0,1599
2730,day,0,421477
2731,dead_animal,0,707
2732,death,0,7339
2733,debris,0,7139
2734,decapitation,0,1427
2735,decepticon,0,1782
2736,decora,0,1198
2737,decorating_christmas_tree,0,617
2738,deep_penetration,0,8105
2739,deep_skin,0,14756
2740,deep_wound,0,895
2741,deepthroat,0,6357
2742,deer,0,3060
2743,deer_antlers,0,5098
2744,deer_boy,0,784
2745,deer_ears,0,6682
2746,deer_girl,0,4282
2747,deer_tail,0,1754
2748,deerstalker,0,3196
2749,defeat,0,11093
2750,defloration,0,5789
2751,deformed,0,10856
2752,delinquent,0,2966
2753,delivery,0,806
2754,delmogeny_uniform,0,655
2755,deltoids,0,630
2756,demon,0,9212
2757,demon_(megami_tensei),0,2482
2758,demon_boy,0,11324
2759,demon_girl,0,119088
2760,demon_horns,0,127728
2761,demon_slayer_uniform,0,7921
2762,demon_tail,0,81123
2763,demon_wings,0,61198
2764,denim,0,97414
2765,denim_jacket,0,2706
2766,denim_overalls,0,685
2767,denim_shorts,0,44399
2768,denim_skirt,0,5466
2769,depressed,0,1094
2770,depth_charge,0,746
2771,depth_of_field,0,118949
2772,desert,0,4922
2773,desert_eagle,0,1038
2774,desi,0,1493
2775,design_speculation,0,1110
2776,desk,0,51937
2777,desk_lamp,0,3435
2778,despair,0,764
2779,dessert,0,4859
2780,destruction,0,3057
2781,detached_ahoge,0,1919
2782,detached_collar,0,171899
2783,detached_hood,0,1289
2784,detached_leggings,0,1136
2785,detached_pants,0,886
2786,detached_sleeves,0,541096
2787,detached_wings,0,13926
2788,detective,0,2362
2789,determined,0,2568
2790,deviantart_logo,0,970
2791,deviantart_username,0,4434
2792,devil_fruit_power,0,1966
2793,diadem,0,3097
2794,diagonal-striped_background,0,2900
2795,diagonal-striped_bow,0,9197
2796,diagonal-striped_bowtie,0,4966
2797,diagonal-striped_clothes,0,15950
2798,diagonal-striped_necktie,0,10282
2799,diagonal_bangs,0,9125
2800,diagram,0,741
2801,diamond-shaped_pupils,0,14253
2802,diamond_(gemstone),0,2043
2803,diamond_(shape),0,23692
2804,diamond_button,0,8654
2805,diamond_cutout,0,5142
2806,diamond_earrings,0,1496
2807,diamond_facial_mark,0,956
2808,diamond_hair_ornament,0,2443
2809,diamond_hairband,0,5370
2810,diamond_mouth,0,707
2811,diaper,0,1584
2812,dice,0,5344
2813,dice_hair_ornament,0,2316
2814,different_reflection,0,4736
2815,different_shadow,0,1317
2816,diffraction_spikes,0,7111
2817,digging_your_own_grave,0,3252
2818,digimon_(creature),0,16499
2819,digital_clock,0,1114
2820,digital_dissolve,0,1075
2821,digital_thermometer,0,753
2822,digital_walkman,0,632
2823,digitigrade,0,3319
2824,dilated_pupils,0,918
2825,dilation_tape,0,1327
2826,dildo,0,28450
2827,dildo_riding,0,2173
2828,dildo_under_clothes,0,758
2829,dildo_under_panties,0,618
2830,dim_lighting,0,1034
2831,dimples_of_venus,0,7998
2832,dinosaur,0,3580
2833,dinosaur_costume,0,787
2834,dinosaur_tail,0,972
2835,diorama,0,1035
2836,diploma,0,740
2837,diploma_tube,0,1095
2838,dirigible,0,851
2839,dirndl,0,2716
2840,dirt,0,1833
2841,dirt_road,0,970
2842,dirty,0,13579
2843,dirty_clothes,0,4779
2844,dirty_face,0,5837
2845,dirty_feet,0,1501
2846,disappointed,0,616
2847,disco_ball,0,720
2848,disembodied_eye,0,1657
2849,disembodied_hand,0,20704
2850,disembodied_head,0,4174
2851,disembodied_linked_eye,0,44755
2852,disembodied_penis,0,8456
2853,disguise,0,1125
2854,disgust,0,3635
2855,disposable_coffee_cup,0,5681
2856,disposable_cup,0,23477
2857,disposable_ice_cream_cup,0,632
2858,dissolving,0,1402
2859,dissolving_clothes,0,1005
2860,distorted_halo,0,736
2861,distortion,0,1434
2862,dithering,0,1962
2863,diving,0,953
2864,diving_mask,0,3093
2865,diving_mask_on_head,0,1703
2866,diving_suit,0,2801
2867,dixie_cup_hat,0,2897
2868,dizi,0,825
2869,dj,0,684
2870,dock,0,1284
2871,doctor,0,2492
2872,dodging,0,945
2873,dog,0,39730
2874,dog_boy,0,12172
2875,dog_ears,0,82543
2876,dog_girl,0,43860
2877,dog_hair_ornament,0,856
2878,dog_penis,0,1642
2879,dog_tags,0,10949
2880,dog_tail,0,45228
2881,dogeza,0,1239
2882,doggystyle,0,37043
2883,doily,0,1754
2884,doki_doki_literature_club_school_uniform,0,2517
2885,doll,0,53236
2886,doll_joints,0,13025
2887,dollar_sign,0,1160
2888,dollchestra,0,1590
2889,dolphin,0,2816
2890,dolphin_girl,0,650
2891,dolphin_hair_ornament,0,819
2892,dolphin_shorts,0,15764
2893,dome,0,816
2894,dominatrix,0,2943
2895,domino_mask,0,6722
2896,"don't_say_""lazy""",0,1079
2897,donation_box,0,1894
2898,dongtan_dress,0,1698
2899,donut,0,15697
2900,donut_hair_bun,0,3343
2901,doodle_inset,0,2055
2902,door,0,28246
2903,door_handle,0,721
2904,doorknob,0,874
2905,doorway,0,8316
2906,dorsal_fin,0,1966
2907,dorsiflexion,0,1903
2908,dot_mouth,0,9551
2909,dot_nose,0,85450
2910,dotted_background,0,1837
2911,dotted_line,0,3220
2912,dou,0,713
2913,double-breasted,0,37133
2914,double-parted_bangs,0,82475
2915,double_\m/,0,1383
2916,double_\||/,0,860
2917,double_amputee,0,1367
2918,double_anal,0,623
2919,double_blade,0,645
2920,double_bun,0,164795
2921,double_dildo,0,1297
2922,double_exposure,0,936
2923,double_fox_shadow_puppet,0,2630
2924,double_halo,0,919
2925,double_handjob,0,8052
2926,double_horizontal_stripe,0,1495
2927,double_penetration,0,12909
2928,double_strap_slip,0,1105
2929,double_v,0,39131
2930,double_vertical_stripe,0,1758
2931,double_w,0,3000
2932,dougi,0,11366
2933,doujin_cover,0,36370
2934,dove,0,4938
2935,down_jacket,0,1699
2936,downblouse,0,9404
2937,downturned_eyes,0,1073
2938,dowsing_rod,0,2441
2939,doyagao,0,3109
2940,dragging,0,1527
2941,dragon,0,35483
2942,dragon_ball_(object),0,901
2943,dragon_bean_(arknights),0,1197
2944,dragon_boy,0,9197
2945,dragon_claw,0,644
2946,dragon_ears,0,1532
2947,dragon_girl,0,56439
2948,dragon_horns,0,66881
2949,dragon_print,0,7813
2950,dragon_tail,0,43112
2951,dragon_tattoo,0,983
2952,dragon_wings,0,11438
2953,dragonfly,0,1285
2954,dragonslayer_(sword),0,615
2955,drain_(object),0,772
2956,draph,0,11413
2957,drawer,0,3757
2958,drawing_(action),0,4515
2959,drawing_(object),0,8418
2960,drawing_bow,0,3505
2961,drawing_on_another's_face,0,908
2962,drawing_sword,0,2622
2963,drawing_tablet,0,3520
2964,drawn_ears,0,2317
2965,drawn_heart,0,663
2966,drawn_tail,0,686
2967,drawn_whiskers,0,1784
2968,drawn_wings,0,909
2969,drawstring,0,36219
2970,dreadlocks,0,5084
2971,dream_soul,0,1036
2972,dreaming,0,3610
2973,dress,0,1776378
2974,dress_bow,0,13527
2975,dress_flower,0,7245
2976,dress_lift,0,40279
2977,dress_pull,0,7157
2978,dress_ribbon,0,1534
2979,dress_shirt,0,155577
2980,dress_shoes,0,2929
2981,dress_swimsuit,0,1708
2982,dress_tug,0,2695
2983,dressing,0,8256
2984,dressing_another,0,1319
2985,drill,0,2554
2986,drill_hair,0,119961
2987,drill_ponytail,0,2692
2988,drill_sidelocks,0,8274
2989,drink,0,32060
2990,drink_can,0,16781
2991,drink_carton,0,9843
2992,drinking,0,24105
2993,drinking_glass,0,53242
2994,drinking_straw,0,39753
2995,drinking_straw_in_mouth,0,4144
2996,dripping,0,11847
2997,driving,0,5613
2998,drone,0,4103
2999,drooling,0,73342
3000,droopy_ears,0,2145
3001,drop-shaped_pupils,0,3889
3002,drop_shadow,0,15030
3003,dropping,0,2176
3004,drowning,0,1120
3005,drugged,0,1352
3006,drugs,0,1985
3007,drum,0,6599
3008,drum_(container),0,1468
3009,drum_magazine,0,871
3010,drum_set,0,2743
3011,drumsticks,0,5233
3012,drunk,0,18733
3013,dry_humping,0,1047
3014,drying,0,3316
3015,drying_another's_hair,0,705
3016,drying_hair,0,2293
3017,drying_own_hair,0,1493
3018,dual_persona,0,56674
3019,dual_wielding,0,38498
3020,dualshock,0,778
3021,duck,0,6515
3022,duckling,0,1327
3023,duct_tape,0,970
3024,dudou,0,1437
3025,duel,0,4593
3026,duel_academy_uniform_(yu-gi-oh!_gx),0,1660
3027,duel_disk,0,1551
3028,duel_monster,0,26653
3029,duffel_bag,0,4143
3030,duffel_coat,0,2235
3031,dullahan,0,882
3032,dumbbell,0,2500
3033,dumpling,0,2173
3034,dungeon,0,1140
3035,dusk,0,5555
3036,dusk_ball,0,946
3037,dust,0,3787
3038,dust_cloud,0,2826
3039,duster,0,2280
3040,dutch_angle,0,150823
3041,dvd_cover,0,1430
3042,dvd_logo,0,700
3043,dwarf,0,2927
3044,dx,0,616
3045,dyed_ahoge,0,634
3046,dying,0,899
3047,dynamax,0,1297
3048,dynamax_band,0,3231
3049,dynamic_pose,0,3095
3050,dynamite,0,904
3051,e.g.o_(project_moon),0,8412
3052,eagle,0,2472
3053,ear_birthmark,0,1243
3054,ear_blush,0,17725
3055,ear_bow,0,19777
3056,ear_chain,0,1599
3057,ear_cleaning,0,634
3058,ear_covers,0,42303
3059,ear_flower,0,952
3060,ear_ornament,0,29632
3061,ear_piercing,0,98820
3062,ear_protection,0,1773
3063,ear_ribbon,0,11051
3064,ear_scrunchie,0,1734
3065,ear_tag,0,8306
3066,ear_wiggle,0,2019
3067,earbuds,0,5215
3068,earclip,0,13906
3069,earmuffs,0,16723
3070,earphones,0,13878
3071,earphones_removed,0,728
3072,earpiece,0,8539
3073,earrings,0,779682
3074,ears_down,0,8844
3075,ears_through_headwear,0,18145
3076,ears_through_hood,0,1110
3077,ears_visible_through_hair,0,1413
3078,earth_(ornament),0,2155
3079,earth_(planet),0,6825
3080,earth_federation,0,1616
3081,easel,0,2078
3082,east-west_crossover,0,8181
3083,east_asian,0,3094
3084,east_asian_architecture,0,15792
3085,easter,0,1616
3086,easter_egg,0,2041
3087,eastern_dragon,0,6315
3088,eastern_dragon_horns,0,4016
3089,eastern_dragon_tail,0,2552
3090,eating,0,106522
3091,eclipse,0,951
3092,edel_note,0,638
3093,eden_academy_school_uniform,0,1913
3094,eel,0,1204
3095,egasumi,0,6746
3096,egg,0,11736
3097,egg_(food),0,3943
3098,egg_hair_ornament,0,1966
3099,egg_laying,0,1026
3100,egg_vibrator,0,7446
3101,egg_yolk,0,804
3102,eggplant,0,2019
3103,eggshell,0,849
3104,ehoumaki,0,1128
3105,eighth_note,0,25481
3106,ejaculating_while_penetrated,0,5422
3107,ejaculation,0,62636
3108,ejaculation_under_clothes,0,792
3109,elbow_carry,0,3278
3110,elbow_gloves,0,381798
3111,elbow_on_knee,0,1500
3112,elbow_on_table,0,1441
3113,elbow_pads,0,8306
3114,elbow_rest,0,11014
3115,elbow_sleeve,0,670
3116,elbows_on_knees,0,665
3117,elbows_on_table,0,2236
3118,eldritch_abomination,0,1888
3119,electric_fan,0,5274
3120,electric_guitar,0,15100
3121,electric_plug,0,2211
3122,electric_plug_tail,0,1131
3123,electrical_outlet,0,1651
3124,electricity,0,25372
3125,electro_symbol_(genshin_impact),0,698
3126,electrocution,0,738
3127,electrodes,0,609
3128,electrokinesis,0,3512
3129,elemental_(creature),0,689
3130,elephant,0,1326
3131,elevator,0,1340
3132,elezen,0,2060
3133,elf,0,104251
3134,elvaan,0,1041
3135,ema,0,2248
3136,emaciated,0,708
3137,email_address,0,865
3138,embarrassed,0,130043
3139,embellished_costume,0,2230
3140,embers,0,6178
3141,emblem,0,21730
3142,embroidery,0,1990
3143,emo_fashion,0,1331
3144,emoji,0,5402
3145,emoticon,0,1259
3146,emotionless_sex,0,1962
3147,emphasis_lines,0,43841
3148,empire_waist,0,1330
3149,employee_uniform,0,5670
3150,empty_eyes,0,45736
3151,empty_picture_frame,0,782
3152,en_pointe,0,882
3153,enema,0,785
3154,energy,0,9016
3155,energy_ball,0,3592
3156,energy_barrier,0,728
3157,energy_beam,0,1961
3158,energy_blade,0,1029
3159,energy_cannon,0,1421
3160,energy_drink,0,2236
3161,energy_gun,0,6716
3162,energy_sword,0,8436
3163,energy_weapon,0,775
3164,energy_wings,0,5618
3165,engine,0,616
3166,english_text,0,364046
3167,engrish_text,0,8853
3168,enmaided,0,35966
3169,enpera,0,4269
3170,entangled,0,1123
3171,envelope,0,7377
3172,eotech,0,811
3173,epaulettes,0,41167
3174,episode_number,0,1015
3175,eraser,0,3889
3176,erect_clitoris,0,1775
3177,erection,0,132357
3178,erection_under_clothes,0,13978
3179,erlenmeyer_flask,0,1169
3180,ero_guro,0,1328
3181,error_message,0,953
3182,erune,0,9802
3183,escalator,0,672
3184,ethereal_(zenless_zone_zero),0,699
3185,eurasian_tree_sparrow,0,603
3186,european_architecture,0,1081
3187,evangelion_(mecha),0,1587
3188,evening,0,11672
3189,evening_gown,0,6289
3190,everyone,0,17497
3191,evil_eyes,0,699
3192,evil_grin,0,8794
3193,evil_smile,0,20846
3194,evoker,0,941
3195,evolutionary_line,0,7288
3196,excalibur_(fate/stay_night),0,4339
3197,excalibur_morgan_(fate),0,1692
3198,excessive_cum,0,3353
3199,excessive_pubic_hair,0,3285
3200,excessive_pussy_juice,0,975
3201,excited,0,3247
3202,exercise_ball,0,1361
3203,exercising,0,5603
3204,exhaust,0,619
3205,exhausted,0,3246
3206,exhibitionism,0,9839
3207,exit_sign,0,608
3208,exoskeleton,0,1108
3209,exploding_clothes,0,1072
3210,explosion,0,13866
3211,explosive,0,10004
3212,exposed_bone,0,745
3213,exposed_internal_machinery,0,723
3214,exposed_muscle,0,758
3215,exposed_pocket,0,1973
3216,expression_chart,0,909
3217,expressionless,0,166131
3218,expressive_clothes,0,1636
3219,expressive_hair,0,2718
3220,extended_downblouse,0,632
3221,extra,0,2532
3222,extra_arms,0,14347
3223,extra_ears,0,83997
3224,extra_eyes,0,12972
3225,extra_faces,0,1326
3226,extra_legs,0,881
3227,extra_mouth,0,2554
3228,extra_penises,0,715
3229,extra_pupils,0,1085
3230,eye_black,0,907
3231,eye_contact,0,62893
3232,eye_focus,0,3745
3233,eye_mask,0,19142
3234,eye_of_horus,0,1826
3235,eye_of_senri,0,652
3236,eye_print,0,1628
3237,eye_reflection,0,1488
3238,eye_symbol,0,940
3239,eye_tattoo,0,670
3240,eye_trail,0,3714
3241,eyeball,0,22965
3242,eyeball_hair_ornament,0,838
3243,eyebrow_cut,0,4591
3244,eyebrow_piercing,0,5113
3245,eyebrows,0,39576
3246,eyebrows_hidden_by_hair,0,33222
3247,eyelash_ornament,0,1736
3248,eyelashes,0,241862
3249,eyelid_pull,0,2556
3250,eyeliner,0,40461
3251,eyepatch,0,96386
3252,eyepatch_bikini,0,6372
3253,eyes_in_shadow,0,1120
3254,eyes_out_of_frame,0,13177
3255,eyes_visible_through_hair,0,96392
3256,eyeshadow,0,67619
3257,eyewear_hang,0,2342
3258,eyewear_on_head,0,87377
3259,eyewear_on_headwear,0,3595
3260,eyewear_strap,0,4314
3261,face-to-face,0,18892
3262,face_between_breasts,0,1670
3263,face_down,0,1258
3264,face_in_ass,0,935
3265,face_in_pillow,0,1113
3266,face_piercing,0,17487
3267,face_punch,0,794
3268,face_to_breasts,0,3388
3269,facebook_logo,0,1107
3270,facebook_username,0,1981
3271,faceless,0,63210
3272,faceless_female,0,13173
3273,faceless_male,0,46787
3274,facepaint,0,17171
3275,facepalm,0,1683
3276,faceplant,0,619
3277,facial,0,56237
3278,facial_hair,0,156215
3279,facial_mark,0,139542
3280,facial_tattoo,0,21442
3281,facing_ahead,0,1746
3282,facing_another,0,19019
3283,facing_away,0,37499
3284,facing_back,0,793
3285,facing_down,0,1756
3286,facing_to_the_side,0,7830
3287,facing_up,0,1800
3288,facing_viewer,0,93063
3289,fading,0,988
3290,fading_border,0,918
3291,failure,0,2939
3292,fairy,0,21508
3293,fairy_kei,0,883
3294,fairy_wings,0,23999
3295,fake_animal_ears,0,213837
3296,fake_antlers,0,4152
3297,fake_beard,0,613
3298,fake_claws,0,999
3299,fake_cover,0,4674
3300,fake_facial_hair,0,3366
3301,fake_halo,0,1141
3302,fake_horns,0,36307
3303,fake_magazine_cover,0,2989
3304,fake_mustache,0,2887
3305,fake_phone_screenshot,0,5419
3306,fake_screenshot,0,13965
3307,fake_tail,0,48709
3308,fake_video,0,1157
3309,fake_wings,0,4582
3310,fakemon,0,1021
3311,falchion_(fire_emblem),0,1264
3312,fallen_angel,0,1091
3313,fallen_down,0,2932
3314,falling,0,13943
3315,falling_feathers,0,5507
3316,falling_flower,0,1094
3317,falling_leaves,0,11502
3318,falling_petals,0,40750
3319,false_smile,0,4504
3320,familiar,0,1100
3321,family,0,9062
3322,family_bonding,0,2829
3323,family_crest,0,1774
3324,fan_hair_ornament,0,1414
3325,fanbox_logo,0,669
3326,fanbox_username,0,4942
3327,fang,0,418344
3328,fang_out,0,16822
3329,fanged_bangs,0,2053
3330,fangs,0,143099
3331,fangs_out,0,3551
3332,fanning_face,0,842
3333,fanning_self,0,1929
3334,fanny_pack,0,4841
3335,fantasy,0,18989
3336,farm,0,659
3337,fascinator,0,1935
3338,fashion,0,9968
3339,fast_food,0,2404
3340,fast_food_uniform,0,1138
3341,fat,0,17728
3342,fat_man,0,13009
3343,fat_mons,0,7387
3344,fat_rolls,0,1086
3345,father_and_child,0,16245
3346,father_and_daughter,0,10457
3347,father_and_son,0,6963
3348,fatter_than_canon,0,668
3349,fatui_coat,0,2064
3350,faucet,0,3502
3351,faulds,0,9615
3352,faux_figurine,0,2129
3353,faux_retro_artstyle,0,3437
3354,faux_traditional_media,0,4732
3355,fdd_threesome,0,746
3356,feather-trimmed_sleeves,0,3344
3357,feather_boa,0,6564
3358,feather_dress,0,805
3359,feather_earrings,0,5568
3360,feather_hair,0,7114
3361,feather_hair_ornament,0,24495
3362,feather_trim,0,4791
3363,feathered_wings,0,94477
3364,feathers,0,98313
3365,fedora,0,9403
3366,feeding,0,11592
3367,feet,0,251383
3368,feet_on_chair,0,840
3369,feet_on_table,0,926
3370,feet_only,0,1006
3371,feet_out_of_frame,0,217054
3372,feet_up,0,11422
3373,feixianji_(hairstyle),0,921
3374,fellatio,0,85688
3375,fellatio_gesture,0,5434
3376,felyne,0,934
3377,female_butler,0,1135
3378,female_ejaculation,0,14062
3379,female_ejaculation_through_clothes,0,646
3380,female_goblin,0,1595
3381,female_masturbation,0,33165
3382,female_orc,0,784
3383,female_orgasm,0,12866
3384,female_pervert,0,7832
3385,female_pov,0,7783
3386,female_pubic_hair,0,117592
3387,female_rimming_male,0,888
3388,female_service_cap,0,1228
3389,femdom,0,19628
3390,fence,0,29664
3391,fender_jazz_bass,0,952
3392,fender_stratocaster,0,1346
3393,fender_telecaster,0,817
3394,feral_instincts,0,2224
3395,fern,0,1184
3396,ferret,0,1479
3397,ferret_ears,0,663
3398,ferret_girl,0,658
3399,ferris_wheel,0,2740
3400,fertilization,0,4139
3401,festival,0,3359
3402,fetal_position,0,4551
3403,fever,0,835
3404,fewer_digits,0,5558
3405,ffd_threesome,0,701
3406,fff_threesome,0,2418
3407,ffm_threesome,0,16446
3408,fidgeting,0,1401
3409,field,0,19609
3410,field_of_blades,0,630
3411,fiery_background,0,942
3412,fiery_hair,0,4158
3413,fiery_horns,0,1748
3414,fiery_tail,0,1085
3415,fiery_wings,0,1281
3416,fighter_jet,0,3396
3417,fighting,0,7581
3418,fighting_game,0,857
3419,fighting_stance,0,31130
3420,figure,0,5020
3421,figure_four_sitting,0,1097
3422,figure_skating,0,724
3423,figure_skating_dress,0,600
3424,film_grain,0,24430
3425,film_strip,0,981
3426,fine_art_parody,0,3844
3427,fine_fabric_emphasis,0,3488
3428,finger_claws,0,635
3429,finger_counting,0,1442
3430,finger_frame,0,2048
3431,finger_gun,0,7084
3432,finger_heart,0,3447
3433,finger_in_another's_mouth,0,5953
3434,finger_in_own_mouth,0,3601
3435,finger_on_trigger,0,6054
3436,finger_sucking,0,985
3437,finger_tattoo,0,961
3438,finger_to_another's_mouth,0,1570
3439,finger_to_cheek,0,6475
3440,finger_to_eye,0,752
3441,finger_to_face,0,2139
3442,finger_to_mouth,0,48698
3443,finger_to_own_chin,0,4569
3444,fingering,0,42322
3445,fingering_from_behind,0,783
3446,fingering_through_clothes,0,2804
3447,fingering_through_panties,0,1278
3448,fingerless_gloves,0,344203
3449,fingernails,0,250758
3450,fingers_to_cheeks,0,1143
3451,fingers_to_mouth,0,676
3452,fingersmile,0,1094
3453,fins,0,45106
3454,fire,0,99006
3455,fire_extinguisher,0,676
3456,fire_on_chest,0,1286
3457,fireball,0,1046
3458,firefighter,0,640
3459,fireflies,0,2552
3460,firelock,0,1214
3461,fireplace,0,2620
3462,fireworks,0,17431
3463,firing,0,9214
3464,first_aid_kit,0,1368
3465,fish,0,46746
3466,fish_(food),0,3558
3467,fish_boy,0,1825
3468,fish_girl,0,4701
3469,fish_hair_ornament,0,4768
3470,fish_hook,0,696
3471,fish_in_mouth,0,647
3472,fish_print,0,2343
3473,fish_skeleton,0,1870
3474,fish_tail,0,25161
3475,fish_tank,0,1025
3476,fishbowl,0,894
3477,fisheye,0,6312
3478,fishing,0,3106
3479,fishing_line,0,1206
3480,fishing_rod,0,6614
3481,fishnet_bodystocking,0,1015
3482,fishnet_gloves,0,3427
3483,fishnet_pantyhose,0,35784
3484,fishnet_sleeves,0,2274
3485,fishnet_socks,0,2068
3486,fishnet_thighhighs,0,23201
3487,fishnet_top,0,5070
3488,fishnets,0,84952
3489,fist_bump,0,1296
3490,fist_pump,0,986
3491,fitness_gym,0,1767
3492,fitting_room,0,1316
3493,fivesome,0,4722
3494,flaccid,0,7173
3495,flag,0,21046
3496,flag_background,0,1348
3497,flag_print,0,11355
3498,flag_print_bikini,0,6041
3499,flagpole,0,843
3500,flail,0,676
3501,flailing,0,943
3502,flak_jacket,0,1574
3503,flame-tipped_tail,0,5878
3504,flame_print,0,4002
3505,flamethrower,0,1098
3506,flaming_eye,0,4077
3507,flaming_eyes,0,801
3508,flaming_hand,0,926
3509,flaming_skull,0,631
3510,flaming_sword,0,1865
3511,flaming_weapon,0,2451
3512,flapping,0,887
3513,flashback,0,2019
3514,flashing,0,6985
3515,flashlight,0,2625
3516,flask,0,5506
3517,flat_ass,0,3623
3518,flat_cap,0,15114
3519,flat_chastity_cage,0,786
3520,flat_chest,0,221397
3521,flat_chest_grab,0,862
3522,flat_color,0,12342
3523,flat_screen_tv,0,1169
3524,flats,0,5425
3525,flattop,0,955
3526,fleeing,0,3808
3527,flesh,0,708
3528,fleur-de-lis,0,1122
3529,fleur_de_lapin_uniform,0,1178
3530,flexible,0,6719
3531,flexing,0,4480
3532,flight_attendant,0,610
3533,flight_deck,0,5111
3534,flight_suit,0,689
3535,flintlock,0,948
3536,flip-flops,0,7474
3537,flip_phone,0,9180
3538,flipped_bangs,0,1070
3539,flipped_hair,0,38795
3540,flippers,0,1042
3541,flirting,0,1144
3542,floating,0,55325
3543,floating_book,0,1503
3544,floating_cape,0,3498
3545,floating_card,0,1487
3546,floating_clothes,0,14116
3547,floating_crown,0,723
3548,floating_curtains,0,734
3549,floating_earrings,0,12815
3550,floating_hair,0,176837
3551,floating_head,0,713
3552,floating_headgear,0,3041
3553,floating_island,0,1645
3554,floating_neckwear,0,1306
3555,floating_object,0,12234
3556,floating_rock,0,1132
3557,floating_scarf,0,2005
3558,floating_skull,0,1068
3559,floating_sword,0,975
3560,floating_weapon,0,2503
3561,flock,0,2615
3562,flood,0,617
3563,floor,0,6523
3564,floppy_ears,0,13402
3565,floral_background,0,29499
3566,floral_print,0,118653
3567,floral_print_bikini,0,2594
3568,floral_print_dress,0,2248
3569,floral_print_kimono,0,11478
3570,floral_print_shirt,0,990
3571,floral_print_skirt,0,1148
3572,flower,0,812696
3573,flower-shaped_pupils,0,11443
3574,flower_basket,0,920
3575,flower_bed,0,766
3576,flower_bracelet,0,1796
3577,flower_brooch,0,2606
3578,flower_choker,0,2449
3579,flower_earrings,0,7691
3580,flower_eyepatch,0,688
3581,flower_field,0,12336
3582,flower_focus,0,958
3583,flower_hairband,0,1228
3584,flower_hairpin,0,2055
3585,flower_in_eye,0,2553
3586,flower_in_mouth,0,1684
3587,flower_knot,0,11187
3588,flower_necklace,0,2740
3589,flower_on_chest,0,816
3590,flower_on_head,0,2467
3591,flower_on_liquid,0,1299
3592,flower_ornament,0,5548
3593,flower_over_eye,0,2316
3594,flower_over_mouth,0,1026
3595,flower_pot,0,6144
3596,flower_symbol,0,5575
3597,flower_tattoo,0,4182
3598,flower_to_mouth,0,903
3599,flower_trim,0,1099
3600,flower_wreath,0,9700
3601,fluffy,0,5689
3602,fluffy_clothes,0,1367
3603,fluffy_hair,0,4159
3604,fluffy_tail,0,2060
3605,fluorescent_lamp,0,1024
3606,flustered,0,6230
3607,flute,0,6134
3608,fly,0,836
3609,flying,0,40031
3610,flying_button,0,927
3611,flying_fish,0,1703
3612,flying_kick,0,1799
3613,flying_paper,0,1645
3614,flying_sweatdrops,0,117818
3615,flying_teardrops,0,1119
3616,foam,0,1447
3617,fog,0,7164
3618,fold-over_boots,0,3693
3619,fold-over_gloves,0,694
3620,folded,0,15821
3621,folded_clothes,0,971
3622,folded_fan,0,6938
3623,folded_hair,0,1434
3624,folded_ponytail,0,24948
3625,folder,0,1397
3626,folding_chair,0,2823
3627,folding_fan,0,25493
3628,folding_screen,0,683
3629,foliage,0,3158
3630,followers_favorite_challenge,0,777
3631,food,0,573172
3632,food-themed_background,0,771
3633,food-themed_clothes,0,2164
3634,food-themed_creature,0,943
3635,food-themed_earrings,0,2636
3636,food-themed_hair_ornament,0,27249
3637,food_art,0,1564
3638,food_between_breasts,0,700
3639,food_bite,0,1747
3640,food_focus,0,16310
3641,food_in_mouth,0,28345
3642,food_insertion,0,978
3643,food_name,0,1085
3644,food_on_body,0,7173
3645,food_on_breasts,0,1649
3646,food_on_clothes,0,623
3647,food_on_face,0,26917
3648,food_on_hand,0,984
3649,food_on_head,0,5148
3650,food_packaging,0,1042
3651,food_print,0,10111
3652,food_stand,0,2131
3653,food_theft,0,624
3654,food_wrapper,0,1314
3655,foodgasm,0,844
3656,foodification,0,684
3657,foot_dangle,0,1017
3658,foot_focus,0,34656
3659,foot_on_another's_head,0,629
3660,foot_out_of_frame,0,37687
3661,foot_pussy,0,712
3662,foot_up,0,6074
3663,foot_worship,0,1100
3664,footjob,0,10322
3665,footjob_with_footwear,0,782
3666,footjob_with_legwear,0,4087
3667,footprints,0,4178
3668,footwear_bow,0,11426
3669,footwear_flower,0,1510
3670,footwear_focus,0,1001
3671,footwear_ribbon,0,2030
3672,for_adoption,0,648
3673,forced,0,608
3674,forced_orgasm,0,2122
3675,forced_smile,0,1244
3676,foregrip,0,1728
3677,forehead,0,58710
3678,forehead-to-forehead,0,2618
3679,forehead_jewel,0,26045
3680,forehead_mark,0,35491
3681,forehead_protector,0,10979
3682,forehead_tattoo,0,2227
3683,foreplay,0,1315
3684,foreshortening,0,64392
3685,foreskin,0,12093
3686,forest,0,45400
3687,forget-me-not_(flower),0,767
3688,fork,0,32565
3689,forked_eyebrows,0,8232
3690,forked_tail,0,1542
3691,forked_tongue,0,4167
3692,formal_clothes,0,76060
3693,fortified_suit,0,974
3694,fortissimo,0,2383
3695,forward-facing_horns,0,765
3696,fountain,0,2404
3697,four-finger_heart_hands,0,9016
3698,four-leaf_clover,0,5279
3699,four-leaf_clover_hair_ornament,0,1956
3700,four-pointed_star,0,691
3701,foursome,0,14841
3702,fourth_east_high_school_uniform,0,2838
3703,fourth_wall,0,3613
3704,fox,0,10387
3705,fox_boy,0,9068
3706,fox_ears,0,197875
3707,fox_girl,0,121634
3708,fox_hair_ornament,0,1059
3709,fox_mask,0,17965
3710,fox_shadow_puppet,0,11285
3711,fox_tail,0,134083
3712,framed,0,2814
3713,framed_breasts,0,6790
3714,frankenstein's_monster_costume,0,640
3715,freckles,0,57443
3716,freediving,0,1985
3717,french_flag,0,1280
3718,french_fries,0,5765
3719,french_kiss,0,20415
3720,french_text,0,1852
3721,fried_chicken,0,1474
3722,fried_egg,0,4142
3723,fried_rice,0,1088
3724,friends,0,2604
3725,frilled_apron,0,60733
3726,frilled_armband,0,1740
3727,frilled_ascot,0,2712
3728,frilled_babydoll,0,872
3729,frilled_bikini,0,48116
3730,frilled_bonnet,0,1001
3731,frilled_bow,0,26362
3732,frilled_bra,0,10969
3733,frilled_camisole,0,2363
3734,frilled_capelet,0,6030
3735,frilled_choker,0,14787
3736,frilled_coat,0,628
3737,frilled_collar,0,12659
3738,frilled_cuffs,0,3778
3739,frilled_dress,0,135050
3740,frilled_footwear,0,617
3741,frilled_gloves,0,9267
3742,frilled_hair_tubes,0,18341
3743,frilled_hairband,0,20523
3744,frilled_hat,0,10729
3745,frilled_headwear,0,3401
3746,frilled_jacket,0,2463
3747,frilled_kimono,0,6896
3748,frilled_leotard,0,2921
3749,frilled_one-piece_swimsuit,0,7006
3750,frilled_panties,0,10464
3751,frilled_pillow,0,5974
3752,frilled_ribbon,0,4892
3753,frilled_sailor_collar,0,3127
3754,frilled_sash,0,779
3755,frilled_shawl,0,1035
3756,frilled_shirt,0,34342
3757,frilled_shirt_collar,0,54104
3758,frilled_shorts,0,3661
3759,frilled_skirt,0,105899
3760,frilled_sleeves,0,110409
3761,frilled_socks,0,7311
3762,frilled_straps,0,1220
3763,frilled_thigh_strap,0,19658
3764,frilled_thighhighs,0,13130
3765,frilled_umbrella,0,1477
3766,frilled_vest,0,866
3767,frilled_wrist_cuffs,0,5585
3768,frilled_wristband,0,1528
3769,frills,0,699766
3770,fringe_trim,0,11857
3771,frog,0,15757
3772,frog_girl,0,1067
3773,frog_hair_ornament,0,21134
3774,frog_print,0,2486
3775,frogtie,0,5243
3776,from_above,0,132599
3777,from_behind,0,301656
3778,from_below,0,108977
3779,from_outside,0,2163
3780,from_side,0,303022
3781,front-fastening_bra,0,1983
3782,front-hook_bra,0,1108
3783,front-print_panties,0,886
3784,front-seamed_legwear,0,1029
3785,front-tie_bikini_top,0,31002
3786,front-tie_bra,0,876
3787,front-tie_top,0,49791
3788,front-to-back,0,1315
3789,front_ponytail,0,8946
3790,front_slit,0,3305
3791,front_zipper,0,676
3792,front_zipper_swimsuit_(realise),0,690
3793,frontal_wedgie,0,1991
3794,frontless_outfit,0,1536
3795,frottage,0,2186
3796,frown,0,142498
3797,frozen,0,1266
3798,fruit,0,139323
3799,fruit_as_cup,0,1142
3800,fruit_hat_ornament,0,1235
3801,fruit_on_head,0,1016
3802,fruit_print,0,6899
3803,frustrated,0,729
3804,frutiger_aero,0,633
3805,frying_pan,0,5846
3806,fucked_silly,0,9760
3807,fujoshi,0,698
3808,full-body_tattoo,0,2534
3809,full-face_blush,0,28856
3810,full-length_mirror,0,1949
3811,full-length_zipper,0,2658
3812,full-package_futanari,0,2469
3813,full_armor,0,10308
3814,full_beard,0,4546
3815,full_body,0,1158914
3816,full_cleavage,0,1415
3817,full_moon,0,51691
3818,full_mouth,0,707
3819,full_nelson,0,4214
3820,full_page_comic,0,2501
3821,full_stomach,0,818
3822,fume,0,628
3823,fumo_(doll),0,2892
3824,fundoshi,0,11631
3825,funeral_dress,0,796
3826,funnels_(gundam),0,1119
3827,fur,0,5568
3828,fur-tipped_tail,0,1079
3829,fur-trimmed_bikini,0,1247
3830,fur-trimmed_boots,0,11639
3831,fur-trimmed_cape,0,15467
3832,fur-trimmed_capelet,0,14987
3833,fur-trimmed_choker,0,730
3834,fur-trimmed_cloak,0,3875
3835,fur-trimmed_coat,0,22676
3836,fur-trimmed_collar,0,3658
3837,fur-trimmed_dress,0,15117
3838,fur-trimmed_gloves,0,16316
3839,fur-trimmed_headwear,0,12247
3840,fur-trimmed_hood,0,6488
3841,fur-trimmed_jacket,0,36279
3842,fur-trimmed_kimono,0,3772
3843,fur-trimmed_legwear,0,2975
3844,fur-trimmed_leotard,0,1345
3845,fur-trimmed_shirt,0,2051
3846,fur-trimmed_shoes,0,706
3847,fur-trimmed_shorts,0,3446
3848,fur-trimmed_skirt,0,4203
3849,fur-trimmed_sleeves,0,17909
3850,fur-trimmed_thighhighs,0,2015
3851,fur-trimmed_vest,0,641
3852,fur_bikini,0,1078
3853,fur_boots,0,1331
3854,fur_cape,0,2672
3855,fur_capelet,0,723
3856,fur_choker,0,1350
3857,fur_cloak,0,1471
3858,fur_coat,0,4683
3859,fur_collar,0,35479
3860,fur_cuffs,0,1036
3861,fur_hat,0,8625
3862,fur_jacket,0,1773
3863,fur_scarf,0,4866
3864,fur_shawl,0,1627
3865,fur_trim,0,217783
3866,fur_wrist_cuffs,0,767
3867,furigana,0,2353
3868,furious,0,894
3869,furisode,0,8723
3870,furisode_sleeves,0,1018
3871,furoshiki,0,676
3872,furrification,0,3287
3873,furrowed_brow,0,63100
3874,furry,0,125398
3875,furry_female,0,59678
3876,furry_male,0,57333
3877,furry_with_furry,0,5059
3878,furry_with_non-furry,0,8810
3879,fusion,0,6979
3880,fusuma,0,991
3881,futa_on_male,0,2112
3882,futa_with_female,0,21341
3883,futa_with_futa,0,3016
3884,futa_with_male,0,4198
3885,futa_without_balls,0,1836
3886,futa_without_pussy,0,2525
3887,futanari,0,45296
3888,futanari_masturbation,0,3133
3889,futanari_pov,0,1082
3890,futasub,0,1442
3891,futon,0,10897
3892,fuuin_no_tsue,0,1695
3893,fuurinkan_high_school_uniform,0,1153
3894,g-string,0,3841
3895,gacha_(game_mechanic),0,682
3896,gae_bolg_(fate),0,3854
3897,gae_buidhe_(fate),0,619
3898,gae_dearg_(fate),0,797
3899,gag,0,28838
3900,gag_harness,0,2067
3901,gagged,0,28502
3902,gaijin_4koma_(meme),0,786
3903,gakuran,0,26680
3904,galaxy,0,1836
3905,galaxy_team_survey_corps_uniform,0,1687
3906,gambeson,0,785
3907,game_boy,0,1368
3908,game_boy_(original),0,714
3909,game_console,0,5519
3910,game_controller,0,17111
3911,game_development_department_(blue_archive),0,1042
3912,game_screenshot_background,0,1570
3913,game_screenshot_inset,0,2872
3914,gameplay_mechanics,0,16418
3915,gaming_chair,0,2268
3916,gangbang,0,22140
3917,ganguro,0,1406
3918,gao,0,1165
3919,gap_(touhou),0,10792
3920,gaping,0,6049
3921,garden,0,2817
3922,garland_(decoration),0,785
3923,garnish,0,720
3924,garreg_mach_monastery_uniform,0,7410
3925,garrison_cap,0,14123
3926,garter_belt,0,34304
3927,garter_straps,0,105994
3928,gas_mask,0,5052
3929,gashapon,0,648
3930,gate,0,3061
3931,gathers,0,1325
3932,gatling_gun,0,2843
3933,gauntlets,0,63403
3934,gauze,0,4150
3935,gauze_on_cheek,0,2437
3936,gauze_on_face,0,2566
3937,gauze_on_knee,0,673
3938,gear_fifth,0,707
3939,gear_hair_ornament,0,625
3940,gears,0,7913
3941,gehenna_academy_logo,0,619
3942,gekkoukan_high_school_uniform,0,5844
3943,gelatin,0,707
3944,gem,0,106048
3945,gem_(steven_universe),0,1398
3946,gem_(symbol),0,1646
3947,gem_hair_ornament,0,1432
3948,gem_uniform_(houseki_no_kuni),0,3756
3949,genderswap,0,59074
3950,genderswap_(ftm),0,11840
3951,genderswap_(mtf),0,44970
3952,genderswap_(otf),0,2528
3953,genderswap_(otm),0,729
3954,genderswap_on_genderswap,0,878
3955,genderswap_on_non-genderswap,0,1048
3956,gendou_pose,0,653
3957,genre_connection,0,786
3958,gerbera,0,724
3959,german_clothes,0,3287
3960,german_flag,0,1634
3961,german_flag_bikini,0,856
3962,german_text,0,2221
3963,germany,0,794
3964,gerudo,0,1565
3965,gerudo_set_(zelda),0,635
3966,gesture,0,648
3967,gesugao,0,985
3968,geta,0,22143
3969,getabako,0,791
3970,ghost,0,34763
3971,ghost_costume,0,3210
3972,ghost_girl,0,1139
3973,ghost_hair_ornament,0,1503
3974,ghost_pose,0,1799
3975,ghost_print,0,664
3976,ghost_tail,0,4628
3977,ghost_type_theme_(pokemon),0,798
3978,giant,0,17331
3979,giant_male,0,1369
3980,giant_monster,0,1627
3981,giantess,0,11137
3982,gibson_les_paul,0,3067
3983,gift,0,52246
3984,gift_bag,0,1650
3985,gift_box,0,28279
3986,gigantamax,0,1029
3987,gigantic_breasts,0,14326
3988,gigantic_penis,0,1835
3989,gills,0,1985
3990,gingerbread_man,0,1258
3991,gingham_clothes,0,1535
3992,ginkgo_leaf,0,2877
3993,ginkgo_tree,0,743
3994,giraffe,0,663
3995,giraffe_ears,0,625
3996,girl_on_top,0,81281
3997,girl_sandwich,0,9200
3998,girly_boy,0,1252
3999,girthy_penis,0,4175
4000,giving,0,4367
4001,giving_up_the_ghost,0,2298
4002,giving_wedgie,0,809
4003,gladiator_sandals,0,2733
4004,glaive_(polearm),0,1578
4005,glands_of_montgomery,0,871
4006,glansjob,0,1527
4007,glaring,0,11447
4008,glasgow_smile,0,916
4009,glass,0,23605
4010,glass_bottle,0,2173
4011,glass_door,0,943
4012,glass_shards,0,2143
4013,glass_slipper,0,883
4014,glass_table,0,889
4015,glass_writing,0,763
4016,glasses,0,466888
4017,gleam,0,830
4018,glint,0,35373
4019,glitch,0,7114
4020,glitter,0,1423
4021,glitter_dress,0,644
4022,globe,0,2395
4023,glock,0,1845
4024,glomp,0,1858
4025,gloom_(expression),0,6682
4026,glory_hole,0,775
4027,glory_wall,0,1527
4028,glove_bow,0,1663
4029,glove_cutout,0,1260
4030,glove_in_mouth,0,750
4031,glove_pull,0,755
4032,gloved_handjob,0,6120
4033,gloves,0,1782965
4034,glowing,0,129222
4035,glowing_butterfly,0,2443
4036,glowing_eye,0,14646
4037,glowing_eyes,0,57843
4038,glowing_flower,0,1285
4039,glowing_hair,0,2247
4040,glowing_halo,0,696
4041,glowing_hand,0,1185
4042,glowing_horns,0,1622
4043,glowing_lines,0,636
4044,glowing_markings,0,819
4045,glowing_mouth,0,847
4046,glowing_petals,0,705
4047,glowing_sword,0,4225
4048,glowing_tattoo,0,2055
4049,glowing_weapon,0,6901
4050,glowing_wings,0,1723
4051,glowstick,0,6883
4052,glutton,0,2479
4053,goat,0,1709
4054,goat_boy,0,2019
4055,goat_ears,0,4957
4056,goat_girl,0,3712
4057,goat_horns,0,14413
4058,goat_tail,0,1112
4059,goatee,0,28892
4060,goatee_stubble,0,4443
4061,goblin,0,3866
4062,goggles,0,79795
4063,goggles_around_neck,0,6435
4064,goggles_on_head,0,46421
4065,goggles_on_headwear,0,7794
4066,gohei,0,19937
4067,gokkun,0,1306
4068,gold,0,15383
4069,gold_anklet,0,797
4070,gold_armlet,0,3691
4071,gold_armor,0,4886
4072,gold_belt,0,1410
4073,gold_bikini,0,13916
4074,gold_boots,0,811
4075,gold_bra,0,1135
4076,gold_bracelet,0,9310
4077,gold_bracer,0,685
4078,gold_buckle,0,895
4079,gold_buttons,0,2427
4080,gold_chain,0,7183
4081,gold_choker,0,5799
4082,gold_circlet,0,1547
4083,gold_coin,0,2319
4084,gold_collar,0,1232
4085,gold_crown,0,4138
4086,gold_earrings,0,13936
4087,gold_gloves,0,651
4088,gold_hairband,0,4225
4089,gold_headwear,0,608
4090,gold_horns,0,615
4091,gold_jewelry,0,688
4092,gold_leotard,0,609
4093,gold_necklace,0,10049
4094,gold_ring,0,4513
4095,gold_sandals,0,778
4096,gold_shoes,0,1538
4097,gold_thighlet,0,1538
4098,gold_tiara,0,1558
4099,gold_trim,0,66320
4100,golden_apple,0,1183
4101,golden_arms,0,879
4102,golden_week,0,2314
4103,goldfish,0,5029
4104,golem,0,816
4105,golf_club,0,1305
4106,good_end,0,1452
4107,googly_eyes,0,694
4108,goose,0,606
4109,gorget,0,4130
4110,gorilla,0,822
4111,goth_fashion,0,8683
4112,gothic_lolita,0,21503
4113,gothic_punk,0,1322
4114,gourd,0,6987
4115,gown,0,6043
4116,grabbed_by_tentacles,0,3185
4117,grabbing,0,3669
4118,grabbing_another's_arm,0,20391
4119,grabbing_another's_ass,0,27628
4120,grabbing_another's_breast,0,86127
4121,grabbing_another's_chin,0,2816
4122,grabbing_another's_ear,0,1088
4123,grabbing_another's_face,0,950
4124,grabbing_another's_hair,0,10827
4125,grabbing_another's_hand,0,781
4126,grabbing_another's_penis,0,6466
4127,grabbing_another's_shirt,0,2567
4128,grabbing_another's_sleeve,0,1503
4129,grabbing_another's_thighs,0,1654
4130,grabbing_another's_twintails,0,832
4131,grabbing_from_behind,0,29039
4132,grabbing_own_ass,0,8590
4133,grabbing_own_breast,0,22473
4134,grabbing_own_hair,0,627
4135,grabbing_own_thigh,0,736
4136,gradient-tinted_eyewear,0,903
4137,gradient_background,0,176338
4138,gradient_border,0,726
4139,gradient_clothes,0,9699
4140,gradient_dress,0,3989
4141,gradient_eyes,0,11951
4142,gradient_filter,0,727
4143,gradient_hair,0,201481
4144,gradient_halo,0,1149
4145,gradient_horns,0,1867
4146,gradient_jacket,0,941
4147,gradient_kimono,0,996
4148,gradient_legwear,0,1954
4149,gradient_nails,0,978
4150,gradient_necktie,0,627
4151,gradient_ribbon,0,842
4152,gradient_skin,0,1937
4153,gradient_skirt,0,1048
4154,gradient_sky,0,9472
4155,gradient_sleeves,0,780
4156,gradient_tail,0,1090
4157,gradient_wings,0,1818
4158,graduation,0,1159
4159,graffiti,0,5331
4160,grand_piano,0,3109
4161,grand_scale,0,1107
4162,grandfather_and_grandson,0,600
4163,grape_hair_ornament,0,895
4164,grape_hat_ornament,0,749
4165,grapes,0,8621
4166,graph,0,655
4167,grass,0,106957
4168,grasslands,0,650
4169,grate,0,657
4170,grave,0,1450
4171,graveyard,0,2644
4172,grease_(mechanical),0,727
4173,great_ball,0,630
4174,greatsword,0,4716
4175,greaves,0,12837
4176,greco-roman_clothes,0,7390
4177,greek_cross,0,847
4178,greek_toe,0,1498
4179,green-framed_eyewear,0,3198
4180,green-tinted_eyewear,0,2158
4181,green_apron,0,4127
4182,green_armband,0,2279
4183,green_armor,0,1828
4184,green_ascot,0,1599
4185,green_assault_visor,0,1499
4186,green_background,0,61074
4187,green_bag,0,3270
4188,green_bandana,0,1387
4189,green_belt,0,2928
4190,green_bikini,0,17916
4191,green_bodysuit,0,3385
4192,green_boots,0,6429
4193,green_border,0,1840
4194,green_bow,0,59951
4195,green_bowtie,0,15194
4196,green_bra,0,5372
4197,green_butterfly,0,687
4198,green_camisole,0,931
4199,green_cape,0,9349
4200,green_capelet,0,3459
4201,green_cardigan,0,2128
4202,green_choker,0,4752
4203,green_cloak,0,2795
4204,green_coat,0,8304
4205,green_collar,0,1506
4206,green_dress,0,53433
4207,green_eyes,0,1102071
4208,green_eyeshadow,0,1544
4209,green_feathers,0,1719
4210,green_fire,0,1303
4211,green_flower,0,3546
4212,green_fur,0,3327
4213,green_gem,0,10852
4214,green_gloves,0,13358
4215,green_hair,0,544899
4216,green_hairband,0,7278
4217,green_hakama,0,2029
4218,green_halo,0,15734
4219,green_hanfu,0,872
4220,green_hat,0,37556
4221,green_headband,0,2889
4222,green_headscarf,0,1750
4223,green_helmet,0,1316
4224,green_hood,0,1057
4225,green_hoodie,0,6339
4226,green_horns,0,2252
4227,green_jacket,0,58388
4228,green_jumpsuit,0,1303
4229,green_kimono,0,13856
4230,green_leotard,0,6091
4231,green_lips,0,4625
4232,green_nails,0,20816
4233,green_neckerchief,0,5276
4234,green_necktie,0,21429
4235,green_one-piece_swimsuit,0,1641
4236,green_outline,0,1227
4237,green_overalls,0,1109
4238,green_pajamas,0,1184
4239,green_panties,0,10799
4240,green_pants,0,17312
4241,green_pantyhose,0,2662
4242,green_pubic_hair,0,830
4243,green_pupils,0,2974
4244,green_ribbon,0,34109
4245,green_robe,0,1642
4246,green_rose,0,1207
4247,green_sailor_collar,0,9394
4248,green_sash,0,1819
4249,green_scales,0,1272
4250,green_scarf,0,7962
4251,green_sclera,0,2188
4252,green_scrunchie,0,1927
4253,green_serafuku,0,994
4254,green_shirt,0,51706
4255,green_shoes,0,9117
4256,green_shorts,0,16313
4257,green_skin,0,28201
4258,green_skirt,0,80306
4259,green_sky,0,1116
4260,green_sleeves,0,7500
4261,green_socks,0,4612
4262,green_sports_bra,0,764
4263,green_streaks,0,1675
4264,green_suit,0,884
4265,green_sweater,0,10031
4266,green_sweater_vest,0,2445
4267,green_tail,0,3221
4268,green_tank_top,0,2256
4269,green_tea,0,1501
4270,green_theme,0,10667
4271,green_thighhighs,0,7553
4272,green_tongue,0,974
4273,green_trim,0,1946
4274,green_tunic,0,3277
4275,green_umbrella,0,662
4276,green_vest,0,16483
4277,green_wings,0,2718
4278,greenhouse,0,823
4279,grenade,0,5073
4280,grenade_launcher,0,1539
4281,grenade_pin,0,2771
4282,grey-framed_eyewear,0,5048
4283,grey_apron,0,1548
4284,grey_armor,0,1362
4285,grey_ascot,0,1151
4286,grey_background,0,353126
4287,grey_bag,0,1551
4288,grey_belt,0,4592
4289,grey_bikini,0,2870
4290,grey_bodysuit,0,3894
4291,grey_boots,0,8912
4292,grey_border,0,5510
4293,grey_bow,0,5844
4294,grey_bowtie,0,1905
4295,grey_bra,0,3282
4296,grey_camisole,0,1342
4297,grey_cape,0,2373
4298,grey_capelet,0,2489
4299,grey_cardigan,0,9888
4300,grey_cat,0,1907
4301,grey_choker,0,1763
4302,grey_cloak,0,1787
4303,grey_coat,0,12539
4304,grey_collar,0,656
4305,grey_dress,0,29256
4306,grey_eyes,0,261741
4307,grey_eyeshadow,0,1015
4308,grey_feathers,0,630
4309,grey_flower,0,1802
4310,grey_fur,0,7576
4311,grey_gloves,0,15862
4312,grey_hair,0,940131
4313,grey_hairband,0,3065
4314,grey_hakama,0,833
4315,grey_halo,0,11908
4316,grey_hat,0,14789
4317,grey_helmet,0,1080
4318,grey_hoodie,0,11567
4319,grey_horns,0,5354
4320,grey_jacket,0,59373
4321,grey_kimono,0,5306
4322,grey_leotard,0,2190
4323,grey_lips,0,728
4324,grey_male_underwear,0,864
4325,grey_nails,0,3009
4326,grey_neckerchief,0,5058
4327,grey_necktie,0,4818
4328,grey_one-piece_swimsuit,0,991
4329,grey_outline,0,1072
4330,grey_overalls,0,818
4331,grey_panties,0,7060
4332,grey_pants,0,38506
4333,grey_pantyhose,0,13317
4334,grey_pubic_hair,0,863
4335,grey_pupils,0,787
4336,grey_ribbon,0,3118
4337,grey_robe,0,1036
4338,grey_rose,0,656
4339,grey_sailor_collar,0,9894
4340,grey_sandals,0,672
4341,grey_scarf,0,4516
4342,grey_sclera,0,1102
4343,grey_serafuku,0,2339
4344,grey_shirt,0,96118
4345,grey_shoes,0,10509
4346,grey_shorts,0,19307
4347,grey_skin,0,21132
4348,grey_skirt,0,74527
4349,grey_sky,0,7112
4350,grey_sleeves,0,5137
4351,grey_socks,0,9690
4352,grey_sports_bra,0,3629
4353,grey_suit,0,2198
4354,grey_sweater,0,18733
4355,grey_sweater_vest,0,2217
4356,grey_tail,0,4277
4357,grey_tank_top,0,2866
4358,grey_theme,0,2121
4359,grey_thighhighs,0,15392
4360,grey_vest,0,12081
4361,grey_wings,0,2665
4362,greyscale,0,645631
4363,greyscale_with_colored_background,0,11589
4364,grid,0,1255
4365,grid_background,0,13972
4366,grid_teeth,0,789
4367,griffin_&_kryuger_military_uniform,0,1328
4368,grill,0,1591
4369,grilling,0,953
4370,grimace,0,4593
4371,grimoire,0,2003
4372,grimoire_of_alice,0,1082
4373,grin,0,325375
4374,groceries,0,985
4375,grocery_bag,0,1953
4376,groin,0,177350
4377,groin_tendon,0,3557
4378,groom,0,1752
4379,groping,0,119959
4380,group_hug,0,1643
4381,group_name,0,3044
4382,group_picture,0,4698
4383,group_sex,0,73331
4384,gryffindor,0,893
4385,guard_rail,0,1363
4386,guided_breast_grab,0,2306
4387,guided_penetration,0,1636
4388,guiding_hand,0,2697
4389,guimpe,0,1081
4390,guitar,0,26893
4391,guitar_case,0,3854
4392,guitar_strap,0,662
4393,gumroad_username,0,1171
4394,gun,0,180542
4395,gun_on_back,0,1057
4396,gun_sling,0,2925
4397,gun_to_head,0,1538
4398,gunblade,0,1415
4399,gunpla,0,668
4400,guro,0,6600
4401,gusset,0,2532
4402,gyaru,0,26820
4403,gyaru_v,0,2227
4404,gyaruo,0,1737
4405,gym_shirt,0,17088
4406,gym_shorts,0,7388
4407,gym_storeroom,0,3124
4408,gym_uniform,0,39592
4409,gymnastics,0,1259
4410,h&k_hk416,0,2226
4411,h&k_ump,0,1330
4412,hachimaki,0,9700
4413,hadanugi_dousa,0,4003
4414,hagoita,0,2544
4415,hagoromo,0,6818
4416,hair_beads,0,8443
4417,hair_behind_ear,0,47651
4418,hair_bell,0,28679
4419,hair_belt,0,918
4420,hair_between_breasts,0,1015
4421,hair_between_eyes,0,1622545
4422,hair_between_horns,0,1170
4423,hair_bobbles,0,64522
4424,hair_bow,0,692673
4425,hair_brush,0,3433
4426,hair_bun,0,340745
4427,hair_color_connection,0,1786
4428,hair_down,0,40636
4429,hair_dryer,0,1818
4430,hair_ears,0,4548
4431,hair_extensions,0,3509
4432,hair_flaps,0,53223
4433,hair_flip,0,1476
4434,hair_floating_upwards,0,1237
4435,hair_flower,0,366296
4436,hair_flowing_over,0,6931
4437,hair_focus,0,823
4438,hair_horns,0,6671
4439,hair_in_own_mouth,0,2709
4440,hair_intakes,0,205304
4441,hair_lift,0,3468
4442,hair_on_horn,0,3431
4443,hair_ornament,0,1890543
4444,hair_over_breasts,0,11013
4445,hair_over_eyes,0,28812
4446,hair_over_face,0,957
4447,hair_over_one_breast,0,961
4448,hair_over_one_eye,0,336152
4449,hair_over_shoulder,0,73051
4450,hair_pulled_back,0,11019
4451,hair_ribbon,0,744576
4452,hair_rings,0,62370
4453,hair_scrunchie,0,51375
4454,hair_slicked_back,0,20837
4455,hair_spread_out,0,43803
4456,hair_stick,0,25809
4457,hair_strand,0,2001
4458,hair_through_headwear,0,3248
4459,hair_through_hood,0,812
4460,hair_tie,0,30612
4461,hair_tie_in_mouth,0,6500
4462,hair_tubes,0,95045
4463,hair_up,0,15246
4464,hair_vines,0,1867
4465,hair_wings,0,1158
4466,hairband,0,641879
4467,hairclip,0,434543
4468,hairdressing,0,3040
4469,hairjob,0,1559
4470,hairpin,0,42528
4471,hairpods,0,7380
4472,hairstyle_switch,0,924
4473,hairy,0,7328
4474,hakama,0,63302
4475,hakama_pants,0,3815
4476,hakama_short_skirt,0,13832
4477,hakama_shorts,0,3106
4478,hakama_skirt,0,44925
4479,hakurei_reimu_(cosplay),0,1979
4480,hakurei_shrine,0,1117
4481,halberd,0,2621
4482,half-closed_eye,0,10179
4483,half-closed_eyes,0,130725
4484,half-erect,0,1203
4485,half-heart_hands,0,1332
4486,half-siblings,0,1826
4487,half-skirt,0,1778
4488,half-spread_pussy,0,2082
4489,half_crown_braid,0,1620
4490,half_gloves,0,26310
4491,half_mask,0,2649
4492,half_note,0,832
4493,half_up_braid,0,33776
4494,half_up_half_down_braid,0,2747
4495,half_updo,0,54215
4496,halfling,0,927
4497,halftone,0,19160
4498,halftone_background,0,8080
4499,halloween,0,42777
4500,halloween_bucket,0,3943
4501,halloween_costume,0,23744
4502,hallway,0,5712
4503,halo,0,435483
4504,halo_behind_head,0,4761
4505,halter_dress,0,13479
4506,halter_leotard,0,996
4507,halter_shirt,0,3999
4508,halterneck,0,133896
4509,hamaya,0,2013
4510,hamburger_steak,0,650
4511,hammer,0,13995
4512,hammer_and_sickle,0,2562
4513,hammock,0,1597
4514,hamster,0,3964
4515,han'eri,0,1936
4516,hanafuda,0,750
4517,hanafuda_earrings,0,952
4518,hanami,0,1112
4519,hanasakigawa_school_uniform,0,3774
4520,hanbok,0,2687
4521,hand_between_own_legs,0,34828
4522,hand_blush,0,927
4523,hand_fan,0,56009
4524,hand_focus,0,2519
4525,hand_gesture,0,700
4526,hand_grab,0,5653
4527,hand_grip,0,1482
4528,hand_hair,0,735
4529,hand_in_another's_hair,0,8686
4530,hand_in_another's_panties,0,2042
4531,hand_in_own_hair,0,44194
4532,hand_in_own_panties,0,1624
4533,hand_in_pocket,0,48346
4534,hand_milking,0,969
4535,hand_mirror,0,1888
4536,hand_net,0,2336
4537,hand_on_another's_arm,0,9065
4538,hand_on_another's_ass,0,5232
4539,hand_on_another's_back,0,9694
4540,hand_on_another's_cheek,0,11993
4541,hand_on_another's_chest,0,8128
4542,hand_on_another's_chin,0,10961
4543,hand_on_another's_crotch,0,749
4544,hand_on_another's_ear,0,1688
4545,hand_on_another's_face,0,29053
4546,hand_on_another's_hand,0,2646
4547,hand_on_another's_head,0,48295
4548,hand_on_another's_hip,0,6147
4549,hand_on_another's_knee,0,1012
4550,hand_on_another's_leg,0,3056
4551,hand_on_another's_neck,0,5545
4552,hand_on_another's_shoulder,0,39702
4553,hand_on_another's_stomach,0,4378
4554,hand_on_another's_thigh,0,7889
4555,hand_on_another's_waist,0,8462
4556,hand_on_another's_wrist,0,908
4557,hand_on_blade,0,757
4558,hand_on_eyewear,0,3868
4559,hand_on_floor,0,1704
4560,hand_on_glass,0,2122
4561,hand_on_ground,0,2549
4562,hand_on_headphones,0,1536
4563,hand_on_headwear,0,23660
4564,hand_on_hilt,0,4026
4565,hand_on_lap,0,2360
4566,hand_on_own_arm,0,19576
4567,hand_on_own_ass,0,9803
4568,hand_on_own_cheek,0,34205
4569,hand_on_own_chest,0,82873
4570,hand_on_own_chin,0,26703
4571,hand_on_own_crotch,0,1311
4572,hand_on_own_ear,0,1683
4573,hand_on_own_elbow,0,2176
4574,hand_on_own_face,0,66777
4575,hand_on_own_foot,0,776
4576,hand_on_own_forehead,0,2634
4577,hand_on_own_hat,0,992
4578,hand_on_own_head,0,22262
4579,hand_on_own_hip,0,210267
4580,hand_on_own_knee,0,16738
4581,hand_on_own_leg,0,6275
4582,hand_on_own_neck,0,3086
4583,hand_on_own_penis,0,1000
4584,hand_on_own_shoulder,0,3185
4585,hand_on_own_stomach,0,11832
4586,hand_on_own_thigh,0,19005
4587,hand_on_own_wrist,0,713
4588,hand_on_railing,0,1438
4589,hand_on_table,0,1828
4590,hand_on_wall,0,2061
4591,hand_on_weapon,0,838
4592,hand_over_another's_mouth,0,1092
4593,hand_over_eye,0,1641
4594,hand_over_face,0,795
4595,hand_over_own_mouth,0,6308
4596,hand_puppet,0,3312
4597,hand_rest,0,2692
4598,hand_tattoo,0,3946
4599,hand_to_blade,0,646
4600,hand_to_head,0,1445
4601,hand_to_own_mouth,0,20943
4602,hand_to_weapon,0,811
4603,hand_under_clothes,0,6472
4604,hand_under_shirt,0,1936
4605,hand_up,0,508872
4606,hand_wraps,0,1484
4607,handbag,0,32821
4608,handcuffs,0,16222
4609,handgun,0,49770
4610,handheld_game_console,0,14188
4611,handjob,0,46215
4612,handjob_gesture,0,1136
4613,handkerchief,0,2881
4614,handprint,0,1684
4615,handrail,0,763
4616,hands_in_opposite_sleeves,0,4286
4617,hands_in_own_hair,0,8169
4618,hands_in_pocket,0,1203
4619,hands_in_pockets,0,32046
4620,hands_on_another's_ass,0,1440
4621,hands_on_another's_back,0,1141
4622,hands_on_another's_cheeks,0,3650
4623,hands_on_another's_chest,0,1426
4624,hands_on_another's_face,0,7987
4625,hands_on_another's_head,0,4733
4626,hands_on_another's_hips,0,1938
4627,hands_on_another's_neck,0,784
4628,hands_on_another's_shoulder,0,627
4629,hands_on_another's_shoulders,0,8127
4630,hands_on_another's_stomach,0,858
4631,hands_on_another's_thighs,0,2182
4632,hands_on_another's_waist,0,1370
4633,hands_on_feet,0,1859
4634,hands_on_floor,0,897
4635,hands_on_ground,0,1961
4636,hands_on_headphones,0,760
4637,hands_on_headwear,0,3133
4638,hands_on_hilt,0,1349
4639,hands_on_lap,0,4150
4640,hands_on_own_ass,0,2776
4641,hands_on_own_cheeks,0,12810
4642,hands_on_own_chest,0,19474
4643,hands_on_own_chin,0,1158
4644,hands_on_own_face,0,23706
4645,hands_on_own_head,0,5355
4646,hands_on_own_hips,0,40625
4647,hands_on_own_knee,0,696
4648,hands_on_own_knees,0,9256
4649,hands_on_own_legs,0,1375
4650,hands_on_own_stomach,0,2519
4651,hands_on_own_thighs,0,4542
4652,hands_up,0,253284
4653,handsfree_ejaculation,0,3974
4654,handsfree_paizuri,0,1753
4655,handshake,0,1195
4656,handstand,0,1655
4657,hane_(hanetsuki),0,756
4658,haneoka_school_uniform,0,5504
4659,hanetsuki,0,1527
4660,hanfu,0,22462
4661,hangar,0,856
4662,hanged,0,671
4663,hanging,0,2633
4664,hanging_breasts,0,25290
4665,hanging_lantern,0,628
4666,hanging_legs,0,687
4667,hanging_light,0,1650
4668,hanging_plant,0,1873
4669,hanging_scroll,0,923
4670,haniwa_(statue),0,2077
4671,hannya,0,654
4672,hanten_(clothes),0,1776
4673,haori,0,25857
4674,happi,0,2415
4675,happy,0,127005
4676,happy_anniversary,0,1111
4677,happy_aura,0,1479
4678,happy_birthday,0,60175
4679,happy_halloween,0,6133
4680,happy_new_year,0,20988
4681,happy_sex,0,19302
4682,happy_tears,0,3921
4683,happy_valentine,0,5889
4684,haramaki,0,1347
4685,hard_hat,0,1904
4686,harem,0,4036
4687,harem_outfit,0,5976
4688,harem_pants,0,2817
4689,harness,0,23103
4690,harp,0,1494
4691,harpy,0,6245
4692,harpy_boy,0,613
4693,harvin,0,2542
4694,hashitsuki_nata,0,772
4695,hashtag,0,1475
4696,hasu_no_daisankaku,0,703
4697,hasu_no_sora_school_uniform,0,15096
4698,hat,0,1568322
4699,hat_bell,0,1001
4700,hat_belt,0,1700
4701,hat_bow,0,76496
4702,hat_feather,0,18151
4703,hat_flower,0,33454
4704,hat_on_back,0,1938
4705,hat_ornament,0,41297
4706,hat_over_eyes,0,1135
4707,hat_over_one_eye,0,1972
4708,hat_pin,0,781
4709,hat_ribbon,0,78429
4710,hat_tassel,0,1615
4711,hat_tip,0,2081
4712,hat_with_ears,0,1828
4713,hatching_(texture),0,12810
4714,hatsuboshi_gakuen_school_uniform,0,4157
4715,hatsumode,0,892
4716,hatsune_miku_(cosplay),0,2512
4717,hauchiwa,0,1969
4718,have_to_pee,0,3571
4719,hawaiian_shirt,0,3960
4720,hawk,0,998
4721,hay,0,860
4722,head-mounted_display,0,5788
4723,head_back,0,5924
4724,head_between_breasts,0,4004
4725,head_between_thighs,0,1026
4726,head_bump,0,2887
4727,head_chain,0,2203
4728,head_down,0,3411
4729,head_fins,0,17373
4730,head_grab,0,5733
4731,head_hug,0,724
4732,head_on_another's_shoulder,0,4699
4733,head_on_arm,0,859
4734,head_on_chest,0,1909
4735,head_on_hand,0,2958
4736,head_on_head,0,1414
4737,head_on_pillow,0,9523
4738,head_on_table,0,813
4739,head_only,0,3970
4740,head_out_of_frame,0,27286
4741,head_rest,0,41645
4742,head_steam,0,1370
4743,head_tilt,0,163926
4744,head_wings,0,85800
4745,head_wreath,0,19487
4746,headband,0,124535
4747,headdress,0,21334
4748,headgear,0,96445
4749,headlamp,0,4185
4750,headless,0,2070
4751,headlock,0,637
4752,headpat,0,22161
4753,headphones,0,125931
4754,headphones_around_neck,0,18988
4755,headphones_removed,0,738
4756,headpiece,0,25640
4757,heads-up_display,0,1392
4758,heads_together,0,14378
4759,headscarf,0,17327
4760,headset,0,47411
4761,headwear_with_attached_mittens,0,607
4762,health_bar,0,3444
4763,heart,0,818360
4764,heart-shaped_bag,0,708
4765,heart-shaped_boob_challenge,0,1056
4766,heart-shaped_box,0,10096
4767,heart-shaped_buckle,0,2232
4768,heart-shaped_chocolate,0,8918
4769,heart-shaped_eyes,0,1564
4770,heart-shaped_eyewear,0,9667
4771,heart-shaped_food,0,10375
4772,heart-shaped_gem,0,1833
4773,heart-shaped_hair,0,1147
4774,heart-shaped_lock,0,1914
4775,heart-shaped_lollipop,0,626
4776,heart-shaped_ornament,0,1358
4777,heart-shaped_pillow,0,5041
4778,heart-shaped_pupils,0,110957
4779,heart_(organ),0,2001
4780,heart_ahoge,0,16244
4781,heart_arms,0,869
4782,heart_background,0,8546
4783,heart_balloon,0,6156
4784,heart_brooch,0,12568
4785,heart_button,0,4663
4786,heart_censor,0,23868
4787,heart_choker,0,9149
4788,heart_collar,0,2506
4789,heart_cutout,0,14410
4790,heart_ear_ornament,0,1049
4791,heart_earrings,0,17340
4792,heart_eyepatch,0,774
4793,heart_facial_mark,0,5435
4794,heart_hair_bun,0,612
4795,heart_hair_ornament,0,40543
4796,heart_halo,0,965
4797,heart_hands,0,36117
4798,heart_hands_duo,0,5105
4799,heart_hands_failure,0,1115
4800,heart_hat_ornament,0,910
4801,heart_in_eye,0,12912
4802,heart_in_heart_hands,0,2236
4803,heart_in_mouth,0,4863
4804,heart_lock_(kantai_collection),0,948
4805,heart_maebari,0,4477
4806,heart_necklace,0,9319
4807,heart_o-ring,0,6491
4808,heart_of_string,0,17820
4809,heart_on_cheek,0,638
4810,heart_on_chest,0,1146
4811,heart_ornament,0,901
4812,heart_pasties,0,12147
4813,heart_pendant,0,2006
4814,heart_print,0,11689
4815,heart_ring_choker,0,618
4816,heart_sticker,0,1138
4817,heart_straw,0,807
4818,heart_tail,0,2939
4819,heart_tattoo,0,6302
4820,heart_wand,0,806
4821,heartbeat,0,2165
4822,heater,0,686
4823,heavenly_boat_maanna,0,727
4824,heavy,0,955
4825,heavy_breathing,0,46698
4826,heavy_chromatic_aberration,0,861
4827,heavy_machine_gun,0,703
4828,heckler_&_koch,0,1813
4829,hedge,0,861
4830,hedgehog,0,1662
4831,hedgehog_boy,0,1895
4832,hedgehog_girl,0,1441
4833,heel_up,0,3406
4834,height,0,2482
4835,height_chart,0,1549
4836,height_difference,0,42723
4837,heisei_retro,0,1203
4838,hekiho_academy_school_uniform,0,1147
4839,helicopter,0,2513
4840,helm,0,4362
4841,helmet,0,104476
4842,helmet_over_eyes,0,1460
4843,hemokinesis,0,680
4844,henshin,0,1712
4845,henshin_pose,0,880
4846,herensuge_girls_academy_school_uniform,0,870
4847,heropin,0,1156
4848,hetero,0,709645
4849,heterochromatic_eyewear,0,1055
4850,heterochromia,0,157678
4851,hexagon,0,2230
4852,hexagon_hair_ornament,0,1631
4853,hexagon_print,0,1588
4854,hexagram,0,3883
4855,hibiscus,0,14982
4856,hibiscus_print,0,660
4857,hickey,0,5533
4858,hidden_eyes,0,1031
4859,hidden_face,0,750
4860,hiding,0,5349
4861,hiding_behind_another,0,886
4862,hieroglyphics,0,1012
4863,high-low_dress,0,1916
4864,high-low_skirt,0,815
4865,high-visibility_clothing,0,1017
4866,high-visibility_vest,0,970
4867,high-waist_belt,0,2497
4868,high-waist_pants,0,9056
4869,high-waist_pantyhose,0,2017
4870,high-waist_shorts,0,9260
4871,high-waist_skirt,0,51149
4872,high_collar,0,58627
4873,high_contrast,0,4434
4874,high_five,0,1039
4875,high_heel_boots,0,53109
4876,high_heel_sandals,0,10611
4877,high_heels,0,266438
4878,high_kick,0,2457
4879,high_ponytail,0,114031
4880,high_side_ponytail,0,6611
4881,high_tops,0,1730
4882,highleg,0,153747
4883,highleg_bikini,0,21370
4884,highleg_leotard,0,72881
4885,highleg_one-piece_swimsuit,0,24773
4886,highleg_panties,0,26584
4887,hikarizaka_private_high_school_uniform,0,2778
4888,hikimayu,0,3513
4889,hill,0,5371
4890,hime_cut,0,29446
4891,himejoshi,0,834
4892,hinamatsuri,0,840
4893,hip_armor,0,913
4894,hip_bones,0,4755
4895,hip_focus,0,15675
4896,hip_tattoo,0,766
4897,hip_vent,0,18674
4898,hiphighs,0,3750
4899,hishaku,0,1140
4900,historical_connection,0,769
4901,historical_event,0,614
4902,historical_name_connection,0,1738
4903,hisuian_poke_ball,0,1002
4904,hitachi_magic_wand,0,4378
4905,hitodama,0,19224
4906,hitodama_print,0,1945
4907,hitting,0,2093
4908,ho-kago_tea_time,0,2267
4909,hockey_mask,0,742
4910,hogtie,0,1284
4911,hogwarts_school_uniform,0,1685
4912,holding,0,1989780
4913,holding_above_head,0,1105
4914,holding_animal,0,23023
4915,holding_another's_ankle,0,861
4916,holding_another's_ankles,0,777
4917,holding_another's_arm,0,8222
4918,holding_another's_foot,0,1178
4919,holding_another's_hair,0,14975
4920,holding_another's_horns,0,1377
4921,holding_another's_leg,0,4850
4922,holding_another's_legs,0,1428
4923,holding_another's_tail,0,957
4924,holding_another's_wrist,0,17672
4925,holding_another's_wrists,0,1179
4926,holding_arrow,0,6103
4927,holding_axe,0,9720
4928,holding_bag,0,34613
4929,holding_ball,0,12505
4930,holding_balloon,0,4119
4931,holding_barcode_scanner,0,682
4932,holding_baseball_bat,0,6555
4933,holding_basket,0,7078
4934,holding_bass_guitar,0,1315
4935,holding_baton,0,1097
4936,holding_beachball,0,2843
4937,holding_behind_back,0,6735
4938,holding_bell,0,1313
4939,holding_bento,0,612
4940,holding_binoculars,0,1112
4941,holding_bird,0,856
4942,holding_blanket,0,1205
4943,holding_bone,0,716
4944,holding_book,0,66301
4945,holding_bottle,0,29322
4946,holding_bouquet,0,23900
4947,holding_bow_(music),0,2183
4948,holding_bow_(weapon),0,15389
4949,holding_bowl,0,10626
4950,holding_box,0,10433
4951,holding_bra,0,1374
4952,holding_branch,0,2355
4953,holding_breath,0,1189
4954,holding_briefcase,0,1840
4955,holding_broom,0,10714
4956,holding_brush,0,3893
4957,holding_bucket,0,2573
4958,holding_burger,0,2896
4959,holding_butterfly_net,0,836
4960,holding_cake,0,2312
4961,holding_calligraphy_brush,0,1340
4962,holding_camera,0,13405
4963,holding_can,0,15928
4964,holding_candle,0,1130
4965,holding_candy,0,16005
4966,holding_candy_apple,0,1995
4967,holding_cane,0,4763
4968,holding_card,0,14205
4969,holding_carrot,0,1117
4970,holding_cat,0,6663
4971,holding_chain,0,1776
4972,holding_chainsaw,0,1133
4973,holding_chalk,0,807
4974,holding_chess_piece,0,774
4975,holding_chocolate,0,3171
4976,holding_chopsticks,0,16191
4977,holding_cigar,0,936
4978,holding_cigarette,0,16313
4979,holding_clipboard,0,6304
4980,holding_cloth,0,790
4981,holding_clothes_hanger,0,1179
4982,holding_club,0,1250
4983,holding_coat,0,655
4984,holding_coin,0,2009
4985,holding_comb,0,1096
4986,holding_condom,0,5286
4987,holding_controller,0,9550
4988,holding_cookie,0,1014
4989,holding_cooking_pot,0,703
4990,holding_cotton_candy,0,2302
4991,holding_creature,0,2563
4992,holding_crepe,0,2002
4993,holding_cross,0,1569
4994,holding_crossbow,0,1074
4995,holding_crowbar,0,1073
4996,holding_crown,0,667
4997,holding_cup,0,100134
4998,holding_dagger,0,8199
4999,holding_detached_head,0,1977
5000,holding_dog,0,1228
5001,holding_doll,0,7717
5002,holding_donut,0,1418
5003,holding_drawing,0,744
5004,holding_drink,0,8980
5005,holding_drink_carton,0,2922
5006,holding_drumsticks,0,2759
5007,holding_dumbbell,0,1254
5008,holding_duster,0,896
5009,holding_earphones,0,636
5010,holding_egg,0,1284
5011,holding_envelope,0,2870
5012,holding_fan,0,28359
5013,holding_feather,0,1102
5014,holding_fireworks,0,3485
5015,holding_fish,0,1646
5016,holding_fishing_rod,0,3149
5017,holding_flag,0,6837
5018,holding_flashlight,0,917
5019,holding_flask,0,1399
5020,holding_flower,0,38469
5021,holding_flower_pot,0,1128
5022,holding_flute,0,2151
5023,holding_food,0,138991
5024,holding_fork,0,16705
5025,holding_fruit,0,19142
5026,holding_frying_pan,0,2021
5027,holding_game_controller,0,6367
5028,holding_gem,0,1384
5029,holding_gift,0,17298
5030,holding_glowstick,0,1736
5031,holding_gohei,0,5923
5032,holding_gourd,0,650
5033,holding_grenade,0,657
5034,holding_guitar,0,5905
5035,holding_gun,0,92782
5036,holding_hair_brush,0,1032
5037,holding_hair_dryer,0,1021
5038,holding_halloween_bucket,0,765
5039,holding_hammer,0,6824
5040,holding_hand_grip,0,787
5041,holding_handcuffs,0,1222
5042,holding_handheld_game_console,0,5890
5043,holding_handkerchief,0,925
5044,holding_hands,0,134168
5045,holding_headphones,0,667
5046,holding_heart,0,1864
5047,holding_hose,0,2844
5048,holding_ice_cream,0,4903
5049,holding_ice_cream_cone,0,2917
5050,holding_instrument,0,27156
5051,holding_jar,0,1099
5052,holding_jewelry,0,2572
5053,holding_juice_box,0,760
5054,holding_key,0,1564
5055,holding_knife,0,37167
5056,holding_ladle,0,3632
5057,holding_lantern,0,6093
5058,holding_lead_pipe,0,778
5059,holding_leaf,0,3604
5060,holding_leash,0,8452
5061,holding_legs,0,858
5062,holding_letter,0,2560
5063,holding_lighter,0,1362
5064,holding_lipstick_tube,0,2031
5065,holding_lollipop,0,12820
5066,holding_mace,0,1267
5067,holding_magazine,0,752
5068,holding_magnifying_glass,0,1784
5069,holding_mahjong_tile,0,837
5070,holding_mallet,0,1019
5071,holding_map,0,1508
5072,holding_maracas,0,730
5073,holding_marker,0,1306
5074,holding_mask,0,9273
5075,holding_megaphone,0,3045
5076,holding_menu,0,1290
5077,holding_microphone,0,28622
5078,holding_microphone_stand,0,2127
5079,holding_milk_carton,0,1261
5080,holding_mini_person,0,1295
5081,holding_mirror,0,1863
5082,holding_money,0,1971
5083,holding_mop,0,1926
5084,holding_mushroom,0,610
5085,holding_necklace,0,1575
5086,holding_needle,0,2399
5087,holding_newspaper,0,1610
5088,holding_notebook,0,2976
5089,holding_notepad,0,1223
5090,holding_ofuda,0,2171
5091,holding_orb,0,924
5092,holding_over_opposite_shoulder,0,829
5093,holding_own_dress,0,19851
5094,holding_own_foot,0,1021
5095,holding_own_hair,0,18316
5096,holding_own_leg,0,3359
5097,holding_own_legs_back,0,1077
5098,holding_own_skirt,0,10479
5099,holding_own_tail,0,2742
5100,holding_own_wrist,0,954
5101,holding_paddle,0,1059
5102,holding_paint_palette,0,1046
5103,holding_paintbrush,0,7201
5104,holding_panties,0,4426
5105,holding_paper,0,14507
5106,holding_paper_airplane,0,727
5107,holding_party_popper,0,775
5108,holding_pastry_bag,0,1062
5109,holding_pen,0,13334
5110,holding_pencil,0,4994
5111,holding_pendulum,0,863
5112,holding_person,0,1853
5113,holding_petal,0,895
5114,holding_phone,0,92778
5115,holding_photo,0,1838
5116,holding_pickaxe,0,942
5117,holding_pillow,0,4176
5118,holding_pizza,0,2434
5119,holding_plant,0,1546
5120,holding_plate,0,21427
5121,holding_plectrum,0,5932
5122,holding_pocket_watch,0,1083
5123,holding_pocky,0,1487
5124,holding_pointer,0,1102
5125,holding_poke_ball,0,22553
5126,holding_pokemon,0,6580
5127,holding_pole,0,1513
5128,holding_polearm,0,30747
5129,holding_polearm_behind_back,0,945
5130,holding_pom_poms,0,9353
5131,holding_popsicle,0,8078
5132,holding_pregnancy_test,0,843
5133,holding_pumpkin,0,850
5134,holding_quill,0,1999
5135,holding_rabbit,0,749
5136,holding_racket,0,669
5137,holding_reins,0,1327
5138,holding_remote_control,0,2198
5139,holding_removed_eyewear,0,10518
5140,holding_ribbon,0,2651
5141,holding_riding_crop,0,2372
5142,holding_ring,0,664
5143,holding_rocket_launcher,0,655
5144,holding_rope,0,1323
5145,holding_sack,0,5894
5146,holding_sandals,0,654
5147,holding_saucer,0,2876
5148,holding_scepter,0,1781
5149,holding_scissors,0,4501
5150,holding_scroll,0,2084
5151,holding_scythe,0,9486
5152,holding_sex_toy,0,4233
5153,holding_sheath,0,5860
5154,holding_shield,0,10854
5155,holding_shirt,0,1454
5156,holding_shoes,0,4119
5157,holding_shovel,0,1731
5158,holding_shower_head,0,976
5159,holding_sign,0,5612
5160,holding_sketchbook,0,1113
5161,holding_skewer,0,1808
5162,holding_skull,0,1978
5163,holding_smoking_pipe,0,6398
5164,holding_spatula,0,1756
5165,holding_sponge,0,783
5166,holding_spoon,0,16161
5167,holding_spring_onion,0,1216
5168,holding_staff,0,45570
5169,holding_star,0,886
5170,holding_stethoscope,0,654
5171,holding_stick,0,4612
5172,holding_strap,0,8433
5173,holding_string,0,779
5174,holding_stuffed_toy,0,22369
5175,holding_stylus,0,2962
5176,holding_suitcase,0,2396
5177,holding_surfboard,0,1184
5178,holding_swim_ring,0,5274
5179,holding_swimsuit,0,1489
5180,holding_sword,0,162132
5181,holding_sword_behind_back,0,1678
5182,holding_syringe,0,5948
5183,holding_table_tennis_paddle,0,769
5184,holding_tablet_pc,0,3379
5185,holding_teapot,0,2383
5186,holding_tennis_racket,0,624
5187,holding_test_tube,0,2129
5188,holding_ticket,0,612
5189,holding_tongs,0,715
5190,holding_toothbrush,0,1624
5191,holding_torch,0,1256
5192,holding_torpedo,0,663
5193,holding_towel,0,9226
5194,holding_toy,0,1845
5195,holding_tray,0,27782
5196,holding_trumpet,0,616
5197,holding_umbrella,0,47238
5198,holding_underwear,0,5957
5199,holding_unworn_cape,0,626
5200,holding_unworn_clothes,0,37496
5201,holding_unworn_hat,0,12142
5202,holding_unworn_helmet,0,4234
5203,holding_unworn_jacket,0,3041
5204,holding_vegetable,0,2956
5205,holding_violin,0,2970
5206,holding_wallet,0,648
5207,holding_wand,0,14959
5208,holding_water_gun,0,3922
5209,holding_watering_can,0,1233
5210,holding_weapon,0,380324
5211,holding_weapon_behind_back,0,4375
5212,holding_whip,0,4263
5213,holding_whisk,0,1610
5214,holding_whistle,0,978
5215,holding_with_feet,0,1411
5216,holding_with_gesture,0,724
5217,holding_with_tail,0,1442
5218,holding_wrench,0,2281
5219,hole,0,1417
5220,hole_in_chest,0,1506
5221,hole_on_body,0,1934
5222,holed_coin,0,2303
5223,hollow_eyes,0,3093
5224,holly,0,3464
5225,holly_hair_ornament,0,1350
5226,hologram,0,1851
5227,holographic_interface,0,2946
5228,holographic_monitor,0,1095
5229,hololive_dance_practice_uniform,0,707
5230,hololive_idol_uniform_(bright),0,928
5231,hololive_idol_uniform_(color_rise),0,624
5232,hololive_idol_uniform_(origin),0,1203
5233,hololive_summer_2023_swimsuit,0,832
5234,holomyth,0,1099
5235,holster,0,19963
5236,holstered,0,3849
5237,holy_quintet,0,1145
5238,homu,0,701
5239,homurabara_academy_elementary_school_uniform,0,802
5240,homurabara_academy_school_uniform,0,1930
5241,honda,0,1922
5242,honey,0,1954
5243,honeycomb_(pattern),0,2176
5244,honeycomb_background,0,1152
5245,hongbao,0,670
5246,hood,0,405249
5247,hood_down,0,132179
5248,hood_up,0,72881
5249,hooded_bodysuit,0,1641
5250,hooded_cape,0,6318
5251,hooded_capelet,0,7307
5252,hooded_cardigan,0,2022
5253,hooded_cloak,0,17233
5254,hooded_coat,0,14321
5255,hooded_dress,0,1894
5256,hooded_jacket,0,81877
5257,hooded_leotard,0,638
5258,hooded_robe,0,3954
5259,hooded_shirt,0,925
5260,hooded_shrug,0,1142
5261,hooded_sweater,0,2668
5262,hooded_track_jacket,0,1272
5263,hooded_vest,0,1746
5264,hoodie,0,182631
5265,hoodie_lift,0,2186
5266,hook,0,1100
5267,hook_hand,0,908
5268,hooked_on_heel,0,601
5269,hoop_earrings,0,40823
5270,hooves,0,4893
5271,hope's_peak_academy_school_uniform,0,925
5272,horizon,0,27215
5273,horizontal_pupils,0,6710
5274,horn_(instrument),0,602
5275,horn_bow,0,4466
5276,horn_flower,0,1640
5277,horn_hairband,0,3993
5278,horn_ornament,0,19128
5279,horn_ribbon,0,8686
5280,horn_ring,0,1847
5281,horned_hat,0,1231
5282,horned_headwear,0,5383
5283,horned_helmet,0,6141
5284,horned_hood,0,986
5285,horned_mask,0,1960
5286,horns,0,626809
5287,horns_pose,0,683
5288,horns_through_headwear,0,3138
5289,horrified,0,709
5290,horror_(theme),0,8391
5291,horse,0,13766
5292,horse_boy,0,1244
5293,horse_ears,0,205048
5294,horse_girl,0,198617
5295,horse_penis,0,3758
5296,horse_racing_track,0,806
5297,horse_tail,0,117576
5298,horseback_riding,0,4949
5299,horseshoe,0,1567
5300,horseshoe_hat_ornament,0,935
5301,horseshoe_ornament,0,7196
5302,hose,0,7082
5303,hoshi_no_tsue,0,665
5304,hospital,0,1523
5305,hospital_bed,0,2432
5306,hospital_gown,0,2299
5307,hot,0,9253
5308,hot_air_balloon,0,727
5309,hot_chocolate,0,721
5310,hot_dog,0,2097
5311,hotel_room,0,720
5312,hotpot,0,1076
5313,houndstooth,0,1792
5314,hourglass,0,2045
5315,house,0,15199
5316,housewife,0,816
5317,how_to,0,1617
5318,hoyofair,0,1301
5319,huadian,0,612
5320,hug,0,159978
5321,hug_from_behind,0,35661
5322,huge_ahoge,0,20449
5323,huge_ass,0,30937
5324,huge_bow,0,2527
5325,huge_breasts,0,296781
5326,huge_dildo,0,1347
5327,huge_eyebrows,0,1901
5328,huge_horns,0,947
5329,huge_moon,0,1960
5330,huge_nipples,0,7257
5331,huge_pectorals,0,1674
5332,huge_penis,0,14620
5333,huge_testicles,0,2606
5334,huge_weapon,0,13131
5335,hugging_another's_leg,0,956
5336,hugging_book,0,1190
5337,hugging_doll,0,5097
5338,hugging_object,0,30728
5339,hugging_own_legs,0,18213
5340,hugging_own_tail,0,868
5341,hugging_tail,0,1489
5342,human_chair,0,1057
5343,human_furniture,0,1315
5344,human_head,0,657
5345,human_scabbard,0,1806
5346,humanization,0,14738
5347,humanoid_and_humanization,0,833
5348,humanoid_robot,0,8930
5349,hume,0,638
5350,humiliation,0,5509
5351,humping,0,1568
5352,hunched_over,0,1798
5353,hungry,0,1386
5354,husband_and_husband,0,651
5355,husband_and_wife,0,11188
5356,hydrangea,0,7425
5357,hydro_symbol_(genshin_impact),0,682
5358,hydrokinesis,0,2639
5359,hyena_boy,0,1326
5360,hyena_ears,0,2045
5361,hyena_girl,0,840
5362,hyena_tail,0,949
5363,hylian_shield,0,699
5364,hypnosis,0,9125
5365,hypnosis_app,0,709
5366,hypocrisy,0,1188
5367,hyur,0,3468
5368,ice,0,33057
5369,ice_cream,0,32112
5370,ice_cream_cone,0,10774
5371,ice_cream_float,0,1907
5372,ice_cream_spoon,0,611
5373,ice_crystal,0,632
5374,ice_cube,0,5130
5375,ice_skates,0,2008
5376,ice_skating,0,747
5377,ice_wings,0,16588
5378,icho_private_high_school_uniform,0,1737
5379,icicle,0,794
5380,icing,0,2678
5381,id_card,0,25473
5382,idol,0,17966
5383,idol_clothes,0,11941
5384,iei,0,779
5385,if_they_mated,0,3629
5386,igote,0,931
5387,ikayaki,0,695
5388,ikea_shark,0,760
5389,imagining,0,7632
5390,imitating,0,781
5391,imminent_anal,0,2260
5392,imminent_bite,0,691
5393,imminent_death,0,620
5394,imminent_fellatio,0,3114
5395,imminent_gangbang,0,704
5396,imminent_hug,0,949
5397,imminent_kiss,0,17133
5398,imminent_penetration,0,19649
5399,imminent_rape,0,7827
5400,imminent_suicide,0,612
5401,imminent_vaginal,0,7598
5402,immobilization,0,1102
5403,impaled,0,3254
5404,impending_doom,0,4540
5405,imperial_japanese_army,0,1075
5406,imperial_japanese_navy,0,723
5407,implied_after_sex,0,1447
5408,implied_cunnilingus,0,1005
5409,implied_extra_ears,0,1021
5410,implied_fellatio,0,1698
5411,implied_fingering,0,1709
5412,implied_futanari,0,3283
5413,implied_incest,0,878
5414,implied_kiss,0,1699
5415,implied_masturbation,0,1285
5416,implied_murder,0,608
5417,implied_nudity,0,780
5418,implied_paizuri,0,789
5419,implied_pantyshot,0,712
5420,implied_pregnancy,0,1052
5421,implied_sex,0,13040
5422,implied_yaoi,0,3180
5423,implied_yuri,0,3379
5424,impossible_bodysuit,0,5881
5425,impossible_clothes,0,34430
5426,impossible_dress,0,3793
5427,impossible_hair,0,697
5428,impossible_leotard,0,3767
5429,impossible_shirt,0,6460
5430,impossible_sweater,0,708
5431,impossible_swimsuit,0,2034
5432,impregnation,0,4931
5433,improvised_gag,0,9282
5434,in-franchise_crossover,0,7880
5435,in-universe_location,0,4008
5436,in_bag,0,651
5437,in_bathtub,0,1037
5438,in_bowl,0,653
5439,in_box,0,5693
5440,in_bucket,0,2327
5441,in_cage,0,611
5442,in_container,0,15492
5443,in_cup,0,1874
5444,in_food,0,2709
5445,in_heat,0,1263
5446,in_orbit,0,718
5447,in_palm,0,1866
5448,in_shopping_cart,0,649
5449,in_the_face,0,2344
5450,in_tree,0,4808
5451,in_water,0,2908
5452,incense,0,743
5453,incense_burner,0,1255
5454,incest,0,19774
5455,incoming_attack,0,4985
5456,incoming_drink,0,721
5457,incoming_food,0,3522
5458,incoming_gift,0,3755
5459,incoming_hug,0,1577
5460,incoming_kiss,0,954
5461,incoming_punch,0,1130
5462,inconvenient_breasts,0,976
5463,index_finger_raised,0,68779
5464,index_fingers_raised,0,1701
5465,index_fingers_together,0,3721
5466,indian_style,0,19566
5467,indoors,0,498744
5468,industrial_piercing,0,3773
5469,industrial_pipe,0,3828
5470,infection_monitor_(arknights),0,13036
5471,infinite_stratos_academy_school_uniform,0,879
5472,infinity_symbol,0,1734
5473,infirmary,0,1599
5474,inflatable_raft,0,1311
5475,inflatable_toy,0,3910
5476,inflatable_whale,0,933
5477,inflation,0,3121
5478,initial,0,829
5479,injury,0,37081
5480,ink,0,3309
5481,ink_tank_(splatoon),0,1648
5482,ink_wash_painting,0,741
5483,inkling,0,22393
5484,inkling_(language),0,630
5485,inktober,0,1383
5486,inkwell,0,1958
5487,inline_skates,0,1700
5488,inner_senshi,0,688
5489,innertube,0,37149
5490,insect_wings,0,13569
5491,inseki,0,1465
5492,inset,0,2688
5493,inset_border,0,4525
5494,insignia,0,3837
5495,instagram_logo,0,3571
5496,instagram_username,0,5716
5497,instant_cup_noodles,0,2824
5498,instant_loss,0,5798
5499,instant_noodles,0,4254
5500,instrument,0,74558
5501,instrument_case,0,5131
5502,instrument_case_on_back,0,2001
5503,interface_headset_(evangelion),0,8876
5504,interlocked_fingers,0,62774
5505,internal_cumshot,0,10804
5506,interracial,0,31414
5507,interspecies,0,20144
5508,intertwined_tails,0,854
5509,interview,0,798
5510,intestines,0,1775
5511,intimidating,0,815
5512,intravenous_drip,0,3181
5513,inverted_bob,0,7452
5514,inverted_cross,0,4119
5515,inverted_nipples,0,20499
5516,invisible,0,1218
5517,invisible_chair,0,22727
5518,invisible_floor,0,1891
5519,invisible_man,0,1670
5520,invisible_penis,0,2432
5521,inward_v,0,886
5522,iphone,0,2313
5523,ipod,0,1475
5524,ipod_nano,0,735
5525,irezumi,0,762
5526,iridescent,0,1024
5527,iridescent_clothes,0,1130
5528,iris_(flower),0,843
5529,iron_bars,0,1027
5530,iron_blood_(emblem),0,621
5531,iron_cross,0,10484
5532,irrumatio,0,6654
5533,island,0,2088
5534,isometric,0,1317
5535,italian_flag,0,1888
5536,italian_text,0,1042
5537,itan_private_high_school_uniform,0,840
5538,iv_stand,0,965
5539,ivy,0,1506
5540,jack-o'-lantern,0,21181
5541,jack-o'-lantern_hair_ornament,0,738
5542,jack-o'_challenge,0,2529
5543,jackal_boy,0,765
5544,jackal_ears,0,4560
5545,jackal_tail,0,635
5546,jacket,0,1354615
5547,jacket_around_waist,0,8197
5548,jacket_lift,0,1401
5549,jacket_on_shoulders,0,31383
5550,jacket_over_hoodie,0,2343
5551,jacket_over_shoulder,0,785
5552,jacket_over_swimsuit,0,2086
5553,jacket_partially_removed,0,15555
5554,jacket_pull,0,1759
5555,jade_(gemstone),0,809
5556,jaggy_lines,0,10663
5557,jaguar_ears,0,2419
5558,jaguar_girl,0,976
5559,jaguar_tail,0,1612
5560,jam,0,1254
5561,japan,0,1219
5562,japan_national_police,0,1330
5563,japan_self-defense_force,0,912
5564,japanese_armor,0,24748
5565,japanese_clothes,0,494609
5566,japanese_flag,0,2560
5567,japari_bun,0,1082
5568,japari_symbol,0,4472
5569,jar,0,7876
5570,jealous,0,5188
5571,jeans,0,41376
5572,jellyfish,0,5635
5573,jellyfish_cut,0,1928
5574,jersey,0,3691
5575,jersey_maid,0,3302
5576,jester,0,2087
5577,jester_cap,0,11008
5578,jester_costume,0,760
5579,jetpack,0,1334
5580,jewel_butt_plug,0,692
5581,jewel_under_eye,0,3346
5582,jeweled_branch_of_hourai,0,1320
5583,jewelry,0,1461081
5584,jian_(weapon),0,784
5585,jiangshi,0,10006
5586,jiangshi_costume,0,2294
5587,jiaozi,0,890
5588,jimiko,0,3118
5589,jinbaori,0,695
5590,jinbei_(clothes),0,634
5591,jingasa,0,5848
5592,jingle_bell,0,55067
5593,jirai_kei,0,7350
5594,jitome,0,45367
5595,jockstrap,0,1619
5596,joestar_birthmark,0,1364
5597,joints,0,26511
5598,jojo_pose,0,2065
5599,joker_(playing_card),0,906
5600,jolly_roger,0,1337
5601,josou_seme,0,1357
5602,joy-con,0,1184
5603,joystick,0,1075
5604,juban,0,2559
5605,judgement_armband_(toaru),0,835
5606,jug_(bottle),0,1063
5607,juice,0,2907
5608,juice_box,0,3870
5609,jujutsu_tech_uniform,0,2769
5610,juliet_sleeves,0,93843
5611,jump_rope,0,948
5612,jumping,0,28806
5613,jumpsuit,0,13646
5614,jumpsuit_around_waist,0,634
5615,jungle,0,1329
5616,just_the_tip,0,2091
5617,juxtaposition,0,1881
5618,k-pop,0,3197
5619,k/da_(league_of_legends),0,1988
5620,kabedon,0,4781
5621,kabuto_(helmet),0,1632
5622,kadomatsu,0,901
5623,kafuu_chino's_school_uniform,0,622
5624,kagami_mochi,0,1235
5625,kagura_suzu,0,879
5626,kaiju,0,2229
5627,kalashnikov_rifle,0,3489
5628,kaleidostick,0,1339
5629,kamaboko,0,1455
5630,kamehameha_(dragon_ball),0,632
5631,kami_high_school_uniform,0,658
5632,kamihama_university_affiliated_school_uniform,0,850
5633,kamina_shades,0,762
5634,kamisato_clan_(emblem),0,1158
5635,kamiyama_high_school_uniform_(hyouka),0,1404
5636,kamiyama_high_school_uniform_(project_sekai),0,2161
5637,kanabou,0,2063
5638,kaname-ishi,0,1171
5639,kaname_madoka_(cosplay),0,827
5640,kanba_girls_high_school_uniform,0,1250
5641,kanon_school_uniform,0,707
5642,kansaiben,0,612
5643,kanshou_&_bakuya_(fate),0,1008
5644,kanzashi,0,6018
5645,kappa,0,1025
5646,kappougi,0,2859
5647,karakasa_obake,0,8053
5648,karaoke,0,1513
5649,karaoke_box,0,609
5650,karate_gi,0,1229
5651,kariginu,0,10580
5652,kariyushi_shirt,0,1083
5653,kataginu,0,734
5654,katana,0,78428
5655,kazamatsuri_institute_high_school_uniform,0,684
5656,keep_out,0,1215
5657,keizoku_military_uniform,0,1495
5658,keizoku_school_uniform,0,872
5659,kemonomimi_mode,0,49267
5660,kepi,0,2104
5661,kesa,0,1912
5662,kessoku_band,0,1579
5663,ketchup,0,2915
5664,ketchup_bottle,0,1496
5665,kettle,0,2988
5666,key,0,19956
5667,key_earrings,0,2391
5668,key_necklace,0,3564
5669,keyblade,0,1156
5670,keyboard_(instrument),0,3785
5671,keyhole,0,4264
5672,keyring,0,844
5673,kibito_high_school_uniform,0,2399
5674,kickboard,0,944
5675,kicking,0,14169
5676,kidnapped,0,699
5677,kidnapping,0,749
5678,kigurumi,0,2966
5679,kikkoumon,0,1901
5680,kikumon,0,1473
5681,kimono,0,315800
5682,kimono_lift,0,1449
5683,kimono_pull,0,1987
5684,kimono_skirt,0,2029
5685,kinchaku,0,1396
5686,kindergarten,0,640
5687,kindergarten_bag,0,654
5688,kindergarten_uniform,0,5649
5689,kine,0,1797
5690,king_(chess),0,1666
5691,king_(playing_card),0,647
5692,kirin_(armor),0,1567
5693,kirisame_marisa_(cosplay),0,809
5694,kiseru,0,5526
5695,kishimen_hair,0,1905
5696,kiss,0,86207
5697,kissing_cheek,0,9618
5698,kissing_forehead,0,2967
5699,kissing_hand,0,2453
5700,kissing_neck,0,1777
5701,kissing_penis,0,1741
5702,kita_high_school_uniform,0,13137
5703,kitauji_high_school_uniform,0,3873
5704,kitchen,0,8842
5705,kitchen_knife,0,2768
5706,kite,0,769
5707,kitsune,0,15605
5708,kitten,0,1186
5709,kittysuit,0,815
5710,kiwi_(fruit),0,1731
5711,kiwi_slice,0,919
5712,kiyosumi_school_uniform,0,1503
5713,knee_blush,0,985
5714,knee_boots,0,79228
5715,knee_guards,0,698
5716,knee_pads,0,17068
5717,knee_up,0,54102
5718,kneehighs,0,156872
5719,kneeless_merfolk,0,706
5720,kneeling,0,146083
5721,kneepits,0,27688
5722,knees,0,13681
5723,knees_apart_feet_together,0,3905
5724,knees_out_of_frame,0,1783
5725,knees_to_chest,0,6888
5726,knees_together_feet_apart,0,39214
5727,knees_up,0,75179
5728,knife,0,83174
5729,knife_sheath,0,1704
5730,knight,0,10637
5731,knight_(chess),0,1184
5732,knights_of_blood_uniform_(sao),0,651
5733,knit_hat,0,804
5734,knitting,0,690
5735,knitting_needle,0,627
5736,knives_between_fingers,0,1319
5737,knocking,0,620
5738,knotted_penis,0,2118
5739,koban_(gold),0,671
5740,kobeya_uniform,0,719
5741,kodomo_doushi,0,6095
5742,kogal,0,10587
5743,koi,0,1674
5744,koinobori,0,772
5745,koishi_day,0,1636
5746,komainu_boy,0,785
5747,komainu_girl,0,601
5748,kono_lolicon_domome,0,1610
5749,konohagakure_shinobi_uniform,0,1322
5750,konohagakure_symbol,0,3174
5751,korean_clothes,0,4474
5752,korean_text,0,38405
5753,kosode,0,777
5754,kotatsu,0,8485
5755,kote,0,11085
5756,kotoyoro,0,1207
5757,kouhaku_nawa,0,2272
5758,kourindou_tengu_costume,0,1815
5759,kousaka_kirino's_school_uniform,0,1028
5760,kriss_vector,0,906
5761,kuji-in,0,2048
5762,kunai,0,6470
5763,kundala_(fate),0,628
5764,kung_fu,0,700
5765,kupaa,0,652
5766,kurokote,0,6750
5767,kuromorimine_military_uniform,0,3773
5768,kuromorimine_school_uniform,0,2234
5769,kusazuri,0,2417
5770,kyuubi,0,7623
5771,kyuudou,0,902
5772,l_hand,0,1126
5773,la_grondement_du_haine,0,992
5774,lab_coat,0,37565
5775,laboratory,0,861
5776,labret_piercing,0,1700
5777,lace,0,46436
5778,lace-trimmed_apron,0,612
5779,lace-trimmed_bra,0,15679
5780,lace-trimmed_choker,0,2263
5781,lace-trimmed_collar,0,989
5782,lace-trimmed_dress,0,5420
5783,lace-trimmed_gloves,0,2090
5784,lace-trimmed_hairband,0,1523
5785,lace-trimmed_headwear,0,847
5786,lace-trimmed_panties,0,14246
5787,lace-trimmed_shirt,0,1747
5788,lace-trimmed_skirt,0,2464
5789,lace-trimmed_sleeves,0,4194
5790,lace-trimmed_thighhighs,0,15630
5791,lace-up_boots,0,35622
5792,lace_background,0,887
5793,lace_border,0,815
5794,lace_bra,0,4415
5795,lace_choker,0,2941
5796,lace_collar,0,770
5797,lace_gloves,0,2663
5798,lace_panties,0,5600
5799,lace_pantyhose,0,760
5800,lace_pantyhose_hooked_on_heel_(meme),0,607
5801,lace_sleeves,0,1340
5802,lace_thighhighs,0,947
5803,lace_trim,0,65588
5804,lactation,0,25355
5805,lactation_through_clothes,0,1902
5806,ladder,0,4855
5807,ladle,0,8116
5808,ladybug,0,1521
5809,laevatein_(touhou),0,4562
5810,laguz_(fire_emblem),0,950
5811,lake,0,7555
5812,lalafell,0,2332
5813,lamia,0,6019
5814,lamp,0,21154
5815,lamppost,0,13078
5816,lampshade,0,805
5817,lance,0,6064
5818,lance_of_longinus_(evangelion),0,937
5819,landscape,0,9623
5820,lane_line,0,990
5821,lantern,0,35940
5822,lanyard,0,13370
5823,lap_pillow,0,10936
5824,lap_pillow_invitation,0,1284
5825,lapel_pin,0,3668
5826,lapels,0,39214
5827,laptop,0,10603
5828,large_areolae,0,36530
5829,large_bow,0,10087
5830,large_breasts,0,2066694
5831,large_ears,0,2355
5832,large_hands,0,2700
5833,large_hat,0,6484
5834,large_horns,0,1225
5835,large_insertion,0,2784
5836,large_nose,0,2902
5837,large_pectorals,0,53643
5838,large_penis,0,40146
5839,large_syringe,0,1011
5840,large_tail,0,6696
5841,large_testicles,0,3601
5842,laser,0,2658
5843,laser_sight,0,847
5844,last_defense_academy_school_uniform,0,1335
5845,latex,0,17217
5846,latex_bodysuit,0,6239
5847,latex_boots,0,763
5848,latex_gloves,0,3443
5849,latex_legwear,0,1754
5850,latex_leotard,0,1196
5851,latex_pants,0,649
5852,latex_thighhighs,0,1224
5853,latin_cross,0,6365
5854,latin_text,0,684
5855,lattice,0,2013
5856,laughing,0,20229
5857,laundry,0,1836
5858,laundry_basket,0,1213
5859,laurel_crown,0,8654
5860,laurels,0,815
5861,lava,0,2260
5862,lavender_(flower),0,787
5863,layered_bikini,0,5846
5864,layered_clothes,0,8341
5865,layered_dress,0,21131
5866,layered_gloves,0,1052
5867,layered_kimono,0,3599
5868,layered_shirt,0,2765
5869,layered_skirt,0,20446
5870,layered_sleeves,0,42980
5871,lazy_eye,0,1071
5872,lead_pipe,0,1285
5873,leaf,0,131444
5874,leaf_background,0,980
5875,leaf_earrings,0,1153
5876,leaf_hair_ornament,0,18506
5877,leaf_hat_ornament,0,1525
5878,leaf_on_head,0,12375
5879,leaf_print,0,7942
5880,leaf_umbrella,0,1226
5881,leaning,0,6409
5882,leaning_back,0,24359
5883,leaning_forward,0,150194
5884,leaning_on_object,0,3826
5885,leaning_on_person,0,10010
5886,leaning_on_table,0,1253
5887,leaning_to_the_side,0,13753
5888,leash,0,35285
5889,leash_pull,0,1923
5890,leather,0,19481
5891,leather_armor,0,1762
5892,leather_belt,0,3656
5893,leather_boots,0,2296
5894,leather_gloves,0,2813
5895,leather_jacket,0,10012
5896,leather_pants,0,2181
5897,lectern,0,783
5898,left-handed,0,5215
5899,left-to-right_manga,0,2853
5900,leg_armor,0,3428
5901,leg_belt,0,3547
5902,leg_between_thighs,0,2276
5903,leg_cutout,0,963
5904,leg_focus,0,702
5905,leg_grab,0,14116
5906,leg_hair,0,6829
5907,leg_lift,0,20082
5908,leg_lock,0,5598
5909,leg_ribbon,0,16488
5910,leg_tattoo,0,13919
5911,leg_up,0,103237
5912,leg_warmers,0,21456
5913,leg_wrap,0,2232
5914,legband,0,1365
5915,leggings,0,21983
5916,leggings_under_shorts,0,1145
5917,legs,0,173395
5918,legs_apart,0,44073
5919,legs_folded,0,2220
5920,legs_over_head,0,1754
5921,legs_together,0,35152
5922,legs_up,0,43607
5923,legwear_garter,0,4776
5924,lei,0,816
5925,lemon,0,7230
5926,lemon_hair_ornament,0,740
5927,lemon_print,0,726
5928,lemon_slice,0,4553
5929,lens_flare,0,47427
5930,leopard_ears,0,1260
5931,leopard_print,0,9639
5932,leopard_print_bikini,0,1128
5933,leopard_tail,0,1090
5934,leotard,0,289557
5935,leotard_aside,0,8159
5936,leotard_peek,0,2148
5937,leotard_pull,0,3841
5938,leotard_under_clothes,0,9879
5939,letter,0,7890
5940,letter_hair_ornament,0,3045
5941,letterboxed,0,64919
5942,letterman_jacket,0,6570
5943,lettuce,0,3254
5944,levitation,0,2015
5945,lgbt_pride,0,748
5946,library,0,6560
5947,license_plate,0,1552
5948,licking,0,53648
5949,licking_another's_cheek,0,800
5950,licking_another's_face,0,2960
5951,licking_another's_neck,0,1349
5952,licking_armpit,0,1708
5953,licking_breast,0,1000
5954,licking_ear,0,1417
5955,licking_finger,0,4648
5956,licking_foot,0,1642
5957,licking_lips,0,28274
5958,licking_nipple,0,4052
5959,licking_own_finger,0,890
5960,licking_penis,0,15700
5961,licking_testicle,0,973
5962,lifebuoy,0,5055
5963,lifebuoy_hair_ornament,0,1766
5964,lifebuoy_ornament,0,918
5965,lifeguard,0,939
5966,lifted_by_tail,0,823
5967,lifting_another's_clothes,0,5109
5968,lifting_own_clothes,0,82162
5969,lifting_person,0,9155
5970,light,0,14531
5971,light_areolae,0,1949
5972,light_blush,0,112310
5973,light_bulb,0,4586
5974,light_censor,0,2256
5975,light_frown,0,22142
5976,light_machine_gun,0,1903
5977,light_particles,0,75776
5978,light_persona,0,853
5979,light_rays,0,31257
5980,light_smile,0,100410
5981,light_trail,0,5727
5982,lighter,0,2757
5983,lighthouse,0,1787
5984,lighting_cigarette,0,801
5985,lightning,0,8629
5986,lightning_ahoge,0,809
5987,lightning_bolt_hair_ornament,0,1566
5988,lightning_bolt_print,0,1608
5989,lightning_bolt_symbol,0,9830
5990,lights,0,2754
5991,lightsaber,0,1803
5992,ligne_claire,0,946
5993,like_and_retweet,0,1920
5994,lillian_girls'_academy_school_uniform,0,920
5995,lily_(flower),0,11038
5996,lily_of_the_valley,0,2686
5997,lily_pad,0,5974
5998,lime_(fruit),0,1404
5999,lime_slice,0,1075
6000,limited_palette,0,24207
6001,limiter_(tsukumo_sana),0,820
6002,linea_alba,0,11898
6003,linear_hatching,0,3914
6004,lineart,0,14747
6005,lineup,0,5540
6006,lingerie,0,63687
6007,linked_collar,0,653
6008,linked_piercing,0,3349
6009,lion,0,3255
6010,lion_boy,0,3505
6011,lion_ears,0,13936
6012,lion_girl,0,8318
6013,lion_mane,0,847
6014,lion_tail,0,7480
6015,lip_piercing,0,4534
6016,lipgloss,0,1434
6017,lips,0,166368
6018,lipstick,0,68697
6019,lipstick_mark,0,7597
6020,lipstick_mark_on_face,0,1664
6021,lipstick_mark_on_penis,0,1711
6022,lipstick_mark_on_testicles,0,805
6023,lipstick_ring,0,1207
6024,lipstick_tube,0,4025
6025,liquid,0,3656
6026,liquid_clothes,0,830
6027,liquid_hair,0,2110
6028,liquid_halo,0,1168
6029,liquor,0,969
6030,listening_to_music,0,1217
6031,little_busters!_school_uniform,0,3126
6032,little_red_riding_hood_(fairy_tale_character)_(cosplay),0,1326
6033,liu_association_south_uniform,0,604
6034,livestream,0,3297
6035,living_clothes,0,1814
6036,living_hair,0,698
6037,living_room,0,1205
6038,lizard,0,1804
6039,lizard_tail,0,3362
6040,load_bearing_equipment,0,867
6041,load_bearing_vest,0,2641
6042,loaded_interior,0,1955
6043,loafers,0,77889
6044,lobster,0,710
6045,lock,0,7294
6046,locked_arms,0,7662
6047,locker,0,8155
6048,locker_room,0,4858
6049,locomotive,0,1173
6050,lofter_username,0,668
6051,log,0,2623
6052,log_pose,0,1526
6053,logo,0,78356
6054,logo_parody,0,1779
6055,loincloth,0,9247
6056,loli,0,194327
6057,lolidom,0,1082
6058,lolita_fashion,0,38766
6059,lolita_hairband,0,16180
6060,lollipop,0,37011
6061,lollipop_in_mouth,0,1765
6062,lone_nape_hair,0,2349
6063,lonely,0,701
6064,long-tailed_tit,0,675
6065,long_arms,0,818
6066,long_bangs,0,44187
6067,long_beard,0,3155
6068,long_braid,0,14962
6069,long_coat,0,11367
6070,long_dress,0,46477
6071,long_earlobes,0,1791
6072,long_eyebrows,0,830
6073,long_eyelashes,0,11669
6074,long_fingernails,0,50026
6075,long_fingers,0,818
6076,long_hair,0,5698058
6077,long_hair_between_eyes,0,16880
6078,long_hoodie,0,791
6079,long_horns,0,1730
6080,long_labia,0,2099
6081,long_legs,0,25251
6082,long_mustache,0,715
6083,long_neck,0,1795
6084,long_nose,0,2401
6085,long_pointy_ears,0,8583
6086,long_ribbon,0,2000
6087,long_scarf,0,1318
6088,long_shirt,0,4949
6089,long_sideburns,0,12333
6090,long_sidelocks,0,25195
6091,long_skirt,0,50209
6092,long_sleeves,0,2155338
6093,long_toenails,0,1073
6094,long_tongue,0,8774
6095,longcat_(meme),0,663
6096,look-alike,0,3696
6097,looking_afar,0,22270
6098,looking_ahead,0,51956
6099,looking_at_animal,0,8609
6100,looking_at_another,0,392312
6101,looking_at_breasts,0,2796
6102,looking_at_creature,0,610
6103,looking_at_flowers,0,1039
6104,looking_at_food,0,3629
6105,looking_at_hand,0,1576
6106,looking_at_mirror,0,4939
6107,looking_at_object,0,15799
6108,looking_at_penis,0,10435
6109,looking_at_phone,0,8099
6110,looking_at_screen,0,666
6111,looking_at_self,0,827
6112,looking_at_viewer,0,4485351
6113,looking_away,0,38145
6114,looking_back,0,340382
6115,looking_down,0,127608
6116,looking_outside,0,2280
6117,looking_over_eyewear,0,5747
6118,looking_through_own_legs,0,1802
6119,looking_to_the_side,0,255704
6120,looking_up,0,92596
6121,loose_belt,0,4873
6122,loose_bowtie,0,4161
6123,loose_clothes,0,3603
6124,loose_hair_strand,0,9159
6125,loose_neck_ribbon,0,644
6126,loose_necktie,0,9383
6127,loose_shirt,0,1924
6128,loose_socks,0,19783
6129,loose_thighhigh,0,703
6130,loosely_tucked_bangs,0,664
6131,lop_rabbit_ears,0,2745
6132,lord_camelot_(fate),0,1655
6133,lotion,0,4830
6134,lotion_bottle,0,2707
6135,lotus,0,5696
6136,lotus_leaf,0,1235
6137,lounge_chair,0,2775
6138,loungewear,0,2719
6139,love_hotel,0,729
6140,love_letter,0,2945
6141,lovestruck,0,1570
6142,loving_aura,0,1872
6143,low-braided_long_hair,0,10020
6144,low-cut_armhole,0,1211
6145,low-tied_long_hair,0,54630
6146,low-tied_sidelocks,0,6677
6147,low_drills,0,868
6148,low_horns,0,783
6149,low_neckline,0,3749
6150,low_poly,0,686
6151,low_ponytail,0,75068
6152,low_side_ponytail,0,2465
6153,low_twin_braids,0,20986
6154,low_twintails,0,151145
6155,low_wings,0,40469
6156,lower_body,0,7399
6157,lower_eyelashes_only,0,1763
6158,lower_teeth_only,0,17196
6159,lowleg,0,18660
6160,lowleg_bikini,0,5843
6161,lowleg_panties,0,7529
6162,lowleg_pants,0,1677
6163,lowleg_shorts,0,826
6164,lowleg_skirt,0,1246
6165,lube,0,2511
6166,luminosite_eternelle,0,1101
6167,luna_nova_school_uniform,0,1221
6168,lunatic_gun,0,613
6169,lunchbox,0,634
6170,lute_(instrument),0,1629
6171,luxury_(idolmaster),0,773
6172,lycoris_uniform,0,3646
6173,lying,0,570730
6174,lying_on_lap,0,1720
6175,lying_on_person,0,7285
6176,lying_on_water,0,1209
6177,lyre,0,1874
6178,lyrics,0,2264
6179,m16,0,1048
6180,m16a1,0,611
6181,m1911,0,1992
6182,m4_carbine,0,2963
6183,m_legs,0,15697
6184,macaron,0,7666
6185,mace,0,3187
6186,machete,0,665
6187,machine,0,2209
6188,machine_gun,0,8439
6189,machinery,0,9091
6190,madoka_runes,0,616
6191,maebari,0,11049
6192,magatama,0,13862
6193,magatama_earrings,0,2118
6194,magatama_hair_ornament,0,703
6195,magatama_necklace,0,4148
6196,magazine_(object),0,3942
6197,magazine_(weapon),0,6317
6198,magazine_cover,0,5641
6199,mage_staff,0,5599
6200,magic,0,21599
6201,magic_arm,0,820
6202,magic_circle,0,12282
6203,magical_boy,0,1361
6204,magical_girl,0,101488
6205,magical_musket_(madoka_magica),0,2298
6206,magician,0,1133
6207,magik's_crown,0,647
6208,magnet,0,1044
6209,magnifying_glass,0,3609
6210,mahjong,0,2379
6211,mahjong_tile,0,2411
6212,maid,0,193864
6213,maid_apron,0,72871
6214,maid_bikini,0,6487
6215,maid_day,0,1995
6216,maid_headdress,0,190844
6217,mailbox_(incoming_mail),0,781
6218,major_injury_underreaction,0,951
6219,makeup,0,171097
6220,makeup_brush,0,1572
6221,makizushi,0,2074
6222,male-female_symbol,0,645
6223,male_focus,0,1033610
6224,male_maid,0,8093
6225,male_masturbation,0,8055
6226,male_on_futa,0,1214
6227,male_penetrated,0,16253
6228,male_playboy_bunny,0,3426
6229,male_pubic_hair,0,63435
6230,male_swimwear,0,12051
6231,male_underwear,0,20580
6232,male_underwear_peek,0,1318
6233,male_underwear_pull,0,1358
6234,male_with_breasts,0,844
6235,mallet,0,4054
6236,mamemaki,0,787
6237,mami_mogu_mogu,0,747
6238,manboobs,0,816
6239,mandarin_collar,0,16464
6240,mandarin_orange,0,6966
6241,mane,0,1240
6242,maneki-neko,0,1645
6243,manga_(object),0,3559
6244,manga_cover,0,2888
6245,manly,0,10262
6246,mannequin,0,1742
6247,mansion,0,951
6248,manta_ray,0,988
6249,map,0,5867
6250,map_(object),0,931
6251,maple_leaf,0,13509
6252,maple_leaf_print,0,1878
6253,maracas,0,926
6254,maria_the_ripper,0,933
6255,marionette,0,670
6256,mark_under_both_eyes,0,2665
6257,mark_under_eye,0,2685
6258,marker,0,3445
6259,market,0,606
6260,market_stall,0,1109
6261,marking_on_cheek,0,1556
6262,markings,0,742
6263,marriage_proposal,0,1216
6264,mars_symbol,0,3890
6265,marshmallow,0,1553
6266,marshmallow_(site),0,2029
6267,martial_arts,0,1113
6268,martial_arts_belt,0,1712
6269,mary_janes,0,52340
6270,masamune_(ff7),0,640
6271,mascara,0,5183
6272,mascot,0,2838
6273,mascot_costume,0,942
6274,mash_kyrielight_(dangerous_beast)_(cosplay),0,1773
6275,mask,0,181560
6276,mask_around_neck,0,2805
6277,mask_lift,0,1056
6278,mask_on_head,0,25808
6279,mask_over_one_eye,0,1112
6280,mask_pull,0,8000
6281,masked,0,2119
6282,masochism,0,1606
6283,masquerade_mask,0,1219
6284,massage,0,1421
6285,mast,0,1684
6286,master_sword,0,2560
6287,masturbation,0,45716
6288,masturbation_through_clothes,0,3122
6289,masturbation_under_clothes,0,1548
6290,masu,0,1060
6291,mat,0,1932
6292,matching_outfits,0,5377
6293,materia,0,1429
6294,material_growth,0,11758
6295,math,0,1377
6296,mating_press,0,5297
6297,mature_eyes,0,779
6298,mature_female,0,45827
6299,mature_male,0,42128
6300,mauser_98,0,938
6301,mayonnaise,0,629
6302,mayqueen_maid_uniform,0,795
6303,mazda,0,768
6304,meadow,0,1326
6305,meandros,0,3092
6306,measurements,0,786
6307,measuring,0,1210
6308,meat,0,10361
6309,mecha,0,52461
6310,mecha_focus,0,12366
6311,mecha_musume,0,15089
6312,mecha_pilot_suit,0,25639
6313,mechabare,0,4689
6314,mechanic,0,958
6315,mechanical_arms,0,22450
6316,mechanical_ears,0,3398
6317,mechanical_eyes,0,2772
6318,mechanical_halo,0,20629
6319,mechanical_hands,0,4264
6320,mechanical_horns,0,5448
6321,mechanical_legs,0,6640
6322,mechanical_pencil,0,2533
6323,mechanical_tail,0,6455
6324,mechanical_wings,0,7632
6325,mechanization,0,2258
6326,medal,0,5564
6327,medallion,0,2018
6328,median_furrow,0,13131
6329,medical_eyepatch,0,8379
6330,medicine,0,716
6331,medieval,0,1364
6332,medium_breasts,0,1121463
6333,medium_dress,0,13183
6334,medium_hair,0,570575
6335,medium_sideburns,0,1289
6336,medium_skirt,0,11240
6337,mega_pokemon,0,8658
6338,mega_ring,0,881
6339,mega_stone,0,2594
6340,megaphone,0,6207
6341,megurigaoka_high_school_uniform,0,645
6342,meiji_schoolgirl_uniform,0,3631
6343,meka_(overwatch),0,769
6344,melon,0,1642
6345,melon_bread,0,1386
6346,melon_soda,0,929
6347,melting,0,4245
6348,melting_halo,0,1167
6349,melting_popsicle,0,3848
6350,meme,0,77128
6351,memosprite,0,1096
6352,menacing_(jojo),0,1010
6353,menu,0,3494
6354,menu_board,0,1387
6355,merchandise,0,1765
6356,merfolk,0,15823
6357,mermaid,0,14394
6358,merman,0,1488
6359,merry_christmas,0,11805
6360,messenger_bag,0,1905
6361,messy,0,2016
6362,messy_hair,0,84596
6363,messy_room,0,1689
6364,mesugaki,0,3782
6365,meta,0,1369
6366,metal_baseball_bat,0,864
6367,metal_collar,0,9361
6368,metal_gloves,0,761
6369,metal_hair_tubes,0,822
6370,metal_hairband,0,3312
6371,metal_skin,0,2666
6372,metal_wings,0,620
6373,metal_wrist_cuffs,0,887
6374,metamoran_vest,0,1479
6375,meteor,0,733
6376,meteor_shower,0,1340
6377,mexico,0,608
6378,mg42,0,1221
6379,micro_bikini,0,55728
6380,micro_bra,0,1192
6381,micro_panties,0,2918
6382,micro_shorts,0,16740
6383,microdress,0,6389
6384,microphone,0,66235
6385,microphone_stand,0,9075
6386,microskirt,0,25611
6387,microsoft_paint_(software),0,784
6388,microwave,0,1177
6389,midair,0,10137
6390,middle_finger,0,7543
6391,middle_part,0,862
6392,middle_ring,0,3481
6393,middle_w,0,840
6394,midriff,0,375067
6395,midriff_peek,0,28529
6396,midriff_sarashi,0,1135
6397,miko,0,21637
6398,miku_day,0,2413
6399,milestone_celebration,0,6438
6400,military,0,103722
6401,military_coat,0,668
6402,military_combat_uniform,0,2394
6403,military_dress_uniform,0,1551
6404,military_fatigues,0,759
6405,military_hat,0,30496
6406,military_jacket,0,11866
6407,military_operator,0,903
6408,military_rank_insignia,0,1126
6409,military_uniform,0,110940
6410,military_vehicle,0,21559
6411,milk,0,6634
6412,milk_bottle,0,4595
6413,milk_carton,0,4292
6414,milking_handjob,0,715
6415,milking_machine,0,2442
6416,milkshake,0,756
6417,milky_way,0,1403
6418,millennium_cheerleader_outfit_(blue_archive),0,3685
6419,millennium_puzzle,0,720
6420,millennium_science_school_logo,0,13162
6421,mimic,0,955
6422,mimic_chest,0,848
6423,mimikaki,0,3138
6424,mind_break,0,1678
6425,mind_control,0,13263
6426,mini-hakkero,0,2927
6427,mini_chef_hat,0,1010
6428,mini_crown,0,23557
6429,mini_hat,0,35834
6430,mini_person,0,38770
6431,mini_top_hat,0,13410
6432,mini_wings,0,8621
6433,mini_witch_hat,0,928
6434,miniboy,0,7266
6435,minigirl,0,30750
6436,minigun,0,946
6437,minimap,0,723
6438,miniskirt,0,353557
6439,minotaur,0,1355
6440,mint,0,766
6441,mint_chocolate,0,725
6442,miqo'te,0,11064
6443,mira-cra_park!,0,1932
6444,miracle_mallet,0,923
6445,mirror,0,37370
6446,mirror_selfie,0,4203
6447,misaki_high_school_uniform,0,976
6448,misleading_thumbnail,0,2284
6449,mismatched_bikini,0,4746
6450,mismatched_ear_covers,0,800
6451,mismatched_earrings,0,1828
6452,mismatched_eyebrows,0,2389
6453,mismatched_eyelashes,0,896
6454,mismatched_footwear,0,5707
6455,mismatched_gloves,0,12321
6456,mismatched_horns,0,822
6457,mismatched_legwear,0,20916
6458,mismatched_pubic_hair,0,3741
6459,mismatched_pupils,0,12958
6460,mismatched_sclera,0,2088
6461,mismatched_sleeves,0,2952
6462,mismatched_thighhighs,0,1083
6463,mismatched_wings,0,918
6464,missile,0,2967
6465,missile_pod,0,1658
6466,missing_eye,0,954
6467,missing_halo,0,3945
6468,missing_headwear,0,45880
6469,missing_legwear,0,5454
6470,missing_tail,0,2730
6471,missing_tooth,0,1300
6472,missing_wings,0,2800
6473,missionary,0,42327
6474,mistletoe,0,955
6475,misunderstanding,0,1587
6476,mitakihara_school_uniform,0,12979
6477,mithra_(ff11),0,1579
6478,mitre,0,1702
6479,mitsudomoe_(shape),0,7144
6480,mittens,0,19886
6481,mixed-language_text,0,9040
6482,mixed-sex_bathing,0,8630
6483,mixed-sex_combat,0,652
6484,mixed_signals,0,707
6485,mixing_bowl,0,2604
6486,miyamasuzaka_girls'_academy_school_uniform,0,2408
6487,mizu_happi,0,1001
6488,mmf_threesome,0,16662
6489,mmm_threesome,0,1312
6490,moaning,0,11241
6491,mob_cap,0,96558
6492,mob_face,0,1584
6493,mob_x_character,0,3701
6494,mobile_suit,0,12510
6495,mochi,0,5795
6496,mochi_trail,0,1659
6497,model_kit,0,1177
6498,moe_moe_kyun!,0,813
6499,moegi_high_school_uniform,0,782
6500,mohawk,0,5115
6501,mojyo,0,1020
6502,mole,0,360948
6503,mole_above_eye,0,1213
6504,mole_above_mouth,0,2280
6505,mole_on_arm,0,1854
6506,mole_on_armpit,0,1243
6507,mole_on_ass,0,3196
6508,mole_on_breast,0,51518
6509,mole_on_cheek,0,4327
6510,mole_on_chest,0,808
6511,mole_on_collarbone,0,1835
6512,mole_on_crotch,0,766
6513,mole_on_neck,0,11343
6514,mole_on_pussy,0,1080
6515,mole_on_shoulder,0,1712
6516,mole_on_stomach,0,2507
6517,mole_on_thigh,0,7934
6518,mole_under_each_eye,0,4298
6519,mole_under_eye,0,226742
6520,mole_under_mouth,0,70046
6521,molestation,0,3377
6522,money,0,8640
6523,monitor,0,16276
6524,monk,0,1122
6525,monkey,0,3212
6526,monkey_boy,0,1419
6527,monkey_ears,0,2086
6528,monkey_girl,0,1281
6529,monkey_tail,0,5506
6530,monochrome,0,797019
6531,monochrome_background,0,1652
6532,monocle,0,12196
6533,monocle_chain,0,795
6534,mons_pubis,0,691
6535,monster,0,39673
6536,monster_boy,0,12484
6537,monster_energy,0,2793
6538,monster_focus,0,1516
6539,monster_girl,0,74857
6540,monsterification,0,4581
6541,moon,0,97506
6542,moon_(ornament),0,2362
6543,moon_phases,0,1533
6544,moonlight,0,4504
6545,moose_ears,0,815
6546,mop,0,4285
6547,more_muscular_than_canon,0,2121
6548,morning,0,4042
6549,morning_after,0,2055
6550,morning_glory,0,2294
6551,morning_glory_print,0,714
6552,morrigan_aensland_(cosplay),0,921
6553,mortar_(bowl),0,677
6554,mortarboard,0,953
6555,mosaic_censoring,0,268665
6556,mosin-nagant,0,927
6557,moss,0,4961
6558,moth,0,2002
6559,moth_antennae,0,762
6560,moth_girl,0,1206
6561,moth_wings,0,869
6562,mother's_day,0,674
6563,mother_and_child,0,28333
6564,mother_and_daughter,0,20256
6565,mother_and_son,0,8589
6566,motherly,0,1500
6567,motion_blur,0,32068
6568,motion_lines,0,111343
6569,motor_vehicle,0,56948
6570,motorcycle,0,11989
6571,motorcycle_helmet,0,2305
6572,motosu_school_uniform,0,953
6573,motoyui,0,1391
6574,mount_fuji,0,1269
6575,mountain,0,29967
6576,mountainous_horizon,0,14289
6577,mouse_(animal),0,9675
6578,mouse_boy,0,768
6579,mouse_ears,0,32577
6580,mouse_girl,0,17710
6581,mouse_tail,0,19973
6582,mousepad_(object),0,750
6583,mousetrap,0,887
6584,mouth_drool,0,13114
6585,mouth_hold,0,94596
6586,mouth_insertion,0,1805
6587,mouth_mask,0,41781
6588,mouth_piercing,0,1881
6589,mouth_pull,0,2158
6590,mouth_veil,0,4848
6591,movie_poster_(medium),0,1370
6592,movie_theater,0,1170
6593,mp3_player,0,5295
6594,mtu_virus,0,1073
6595,mud,0,1068
6596,mudra,0,644
6597,muffin,0,890
6598,muffin_top,0,1148
6599,mug,0,37576
6600,mugshot,0,909
6601,mukyuu,0,627
6602,mullet,0,1893
6603,multi-strapped_bikini_bottom,0,10932
6604,multi-strapped_bikini_top,0,2778
6605,multi-strapped_panties,0,1582
6606,multi-tied_hair,0,9435
6607,multicolored_armor,0,826
6608,multicolored_background,0,13372
6609,multicolored_bikini,0,9909
6610,multicolored_bodysuit,0,9858
6611,multicolored_boots,0,2933
6612,multicolored_bow,0,3525
6613,multicolored_bowtie,0,1208
6614,multicolored_buttons,0,847
6615,multicolored_cape,0,1596
6616,multicolored_clothes,0,5475
6617,multicolored_coat,0,4059
6618,multicolored_dress,0,14196
6619,multicolored_eyes,0,59530
6620,multicolored_flower,0,1724
6621,multicolored_fur,0,5490
6622,multicolored_gloves,0,13952
6623,multicolored_hair,0,1056663
6624,multicolored_hair_bobbles,0,1498
6625,multicolored_hairband,0,5089
6626,multicolored_halo,0,3606
6627,multicolored_hat,0,2435
6628,multicolored_hoodie,0,1615
6629,multicolored_horns,0,5855
6630,multicolored_jacket,0,24270
6631,multicolored_kimono,0,2299
6632,multicolored_leotard,0,4731
6633,multicolored_nails,0,12204
6634,multicolored_necktie,0,1545
6635,multicolored_pants,0,880
6636,multicolored_pantyhose,0,864
6637,multicolored_ribbon,0,1058
6638,multicolored_scarf,0,1552
6639,multicolored_shirt,0,4652
6640,multicolored_shoes,0,5038
6641,multicolored_shorts,0,717
6642,multicolored_skin,0,22378
6643,multicolored_skirt,0,7354
6644,multicolored_sky,0,662
6645,multicolored_stripes,0,785
6646,multicolored_swimsuit,0,5134
6647,multicolored_tail,0,1715
6648,multicolored_thighhighs,0,4393
6649,multicolored_wings,0,8912
6650,multiple_4koma,0,6422
6651,multiple_anal,0,761
6652,multiple_belts,0,11012
6653,multiple_boys,0,635157
6654,multiple_bracelets,0,4460
6655,multiple_braids,0,4131
6656,multiple_cats,0,639
6657,multiple_condoms,0,3269
6658,multiple_crossover,0,6002
6659,multiple_drawing_challenge,0,3708
6660,multiple_earrings,0,8610
6661,multiple_expressions,0,12300
6662,multiple_girls,0,1944314
6663,multiple_hair_bows,0,14707
6664,multiple_hairclips,0,4716
6665,multiple_hat_bows,0,644
6666,multiple_hats,0,1056
6667,multiple_heads,0,2314
6668,multiple_horns,0,10064
6669,multiple_legs,0,1792
6670,multiple_moles,0,11603
6671,multiple_monitors,0,731
6672,multiple_monochrome,0,1871
6673,multiple_necklaces,0,2438
6674,multiple_others,0,25896
6675,multiple_persona,0,15790
6676,multiple_piercings,0,3986
6677,multiple_riders,0,1244
6678,multiple_rings,0,19198
6679,multiple_scars,0,5381
6680,multiple_scoops,0,1524
6681,multiple_straps,0,692
6682,multiple_swords,0,3186
6683,multiple_tails,0,63202
6684,multiple_thigh_straps,0,1104
6685,multiple_torii,0,1322
6686,multiple_traps,0,2194
6687,multiple_unit_train,0,766
6688,multiple_views,0,244474
6689,multiple_weapons,0,3409
6690,multiple_wings,0,11031
6691,multitasking,0,1121
6692,mummy,0,1401
6693,mummy_costume,0,3918
6694,mundane_made_awesome,0,1304
6695,mundane_utility,0,991
6696,muneate,0,13524
6697,murder,0,1281
6698,muscular,0,181082
6699,muscular_arms,0,3686
6700,muscular_female,0,34644
6701,muscular_male,0,127401
6702,mushroom,0,14636
6703,mushroom_on_head,0,699
6704,music,0,984
6705,musical_note,0,70273
6706,musical_note_earrings,0,685
6707,musical_note_hair_ornament,0,9087
6708,musical_note_print,0,2076
6709,musical_staff,0,4742
6710,musket,0,1003
6711,musou_isshin_(genshin_impact),0,2063
6712,mustache,0,37437
6713,mustache_stubble,0,4074
6714,muted_colors,0,8525
6715,mutton_chops,0,1271
6716,mutual_hug,0,1813
6717,mutual_masturbation,0,995
6718,mutual_orgasm,0,731
6719,muzzle_(mask),0,1519
6720,muzzle_flash,0,1363
6721,mygo!!!!!_(bang_dream!),0,864
6722,mystical_high_collar,0,827
6723,n_corp._fanatic_(identity)_(project_moon),0,608
6724,nagatekkou,0,904
6725,naginata,0,2846
6726,nail_(hardware),0,3774
6727,nail_art,0,3204
6728,nail_bat,0,1498
6729,nail_polish,0,316051
6730,nail_polish_bottle,0,892
6731,naizuri,0,847
6732,naked_apron,0,12430
6733,naked_bandage,0,3832
6734,naked_cape,0,2519
6735,naked_capelet,0,761
6736,naked_chocolate,0,625
6737,naked_cloak,0,1084
6738,naked_coat,0,3486
6739,naked_hoodie,0,2121
6740,naked_jacket,0,4782
6741,naked_kimono,0,2358
6742,naked_overalls,0,1555
6743,naked_ribbon,0,7897
6744,naked_robe,0,737
6745,naked_scarf,0,1272
6746,naked_sheet,0,2882
6747,naked_shirt,0,19124
6748,naked_shoes,0,3286
6749,naked_skirt,0,877
6750,naked_sweater,0,3970
6751,naked_tabard,0,1082
6752,naked_towel,0,16928
6753,name_connection,0,12725
6754,name_tag,0,26995
6755,namekian,0,974
6756,nameless_dagger_(fate),0,612
6757,nanairogaoka_middle_school_uniform,0,1428
6758,nanamori_school_uniform,0,4476
6759,nanodesu_(phrase),0,954
6760,naoetsu_high_school_uniform,0,3799
6761,nape,0,4267
6762,nape_braid,0,3895
6763,napkin,0,2061
6764,naranja_academy_school_uniform,0,2436
6765,narration,0,1938
6766,narrow_hips,0,809
6767,narrow_waist,0,14766
6768,narrowed_eyes,0,9444
6769,narutomaki,0,1027
6770,nata_(tool),0,1421
6771,native_american,0,2014
6772,natural_wedgie,0,798
6773,naturally_detached_hair,0,1528
6774,nature,0,61844
6775,naughty_face,0,33632
6776,naval_uniform,0,13984
6777,navel,0,1475102
6778,navel_cutout,0,19203
6779,navel_focus,0,613
6780,navel_hair,0,9370
6781,navel_piercing,0,16946
6782,nazi,0,1452
6783,nearly_naked_apron,0,1707
6784,nebula,0,1704
6785,neck,0,3235
6786,neck_bell,0,61838
6787,neck_flower,0,3507
6788,neck_fur,0,3936
6789,neck_garter,0,864
6790,neck_grab,0,724
6791,neck_ribbon,0,192956
6792,neck_ring,0,15635
6793,neck_ruff,0,4977
6794,neck_tassel,0,2269
6795,neck_tattoo,0,11106
6796,neckerchief,0,234863
6797,necklace,0,343232
6798,necktie,0,604800
6799,necktie_between_breasts,0,14476
6800,necktie_grab,0,3227
6801,neckwear_grab,0,4852
6802,neco_spirit,0,698
6803,needle,0,5527
6804,needle_(hollow_knight),0,1055
6805,negative_space,0,1471
6806,negligee,0,4095
6807,nejiri_hachimaki,0,1936
6808,nekomata,0,10097
6809,nemophila_(flower),0,921
6810,nengajou,0,3342
6811,neo_zeon,0,1225
6812,neon_lights,0,3181
6813,neon_palette,0,951
6814,neon_trim,0,4809
6815,nerv_logo,0,728
6816,nervous,0,16472
6817,nervous_smile,0,10803
6818,nervous_sweating,0,22298
6819,nesoberi,0,794
6820,net,0,1298
6821,neta,0,872
6822,netnavi,0,1510
6823,netorare,0,10306
6824,new_school_swimsuit,0,1841
6825,new_year,0,30410
6826,newsboy_cap,0,26320
6827,newspaper,0,5413
6828,newtype_flash,0,617
6829,nib_pen_(object),0,1669
6830,nico_nico_nii,0,670
6831,night,0,155679
6832,night_raven_college_school_uniform,0,1889
6833,night_vision_device,0,1316
6834,nightcap,0,5230
6835,nightgown,0,11462
6836,nightstand,0,969
6837,nigirizushi,0,742
6838,nihonga,0,1153
6839,nihongami,0,1339
6840,nijigasaki_school_uniform,0,5542
6841,nijisanji_idol_uniform,0,627
6842,nike_(company),0,2763
6843,ninja,0,20680
6844,ninja_mask,0,2467
6845,nintendo_3ds,0,1086
6846,nintendo_ds,0,1455
6847,nintendo_switch,0,8523
6848,nipple-to-nipple,0,955
6849,nipple_bar,0,5098
6850,nipple_chain,0,1277
6851,nipple_clamps,0,1610
6852,nipple_cutout,0,1361
6853,nipple_indents,0,1489
6854,nipple_jewelry,0,1767
6855,nipple_penetration,0,684
6856,nipple_piercing,0,21444
6857,nipple_pull,0,1523
6858,nipple_rings,0,5718
6859,nipple_rub,0,1678
6860,nipple_slip,0,20955
6861,nipple_stimulation,0,33508
6862,nipple_tweak,0,21767
6863,nippleless_clothes,0,980
6864,nipples,0,1036012
6865,nissan,0,1343
6866,nissin_cup_noodle,0,1478
6867,no_blindfold,0,1665
6868,no_bra,0,116638
6869,no_cape,0,616
6870,no_coat,0,631
6871,no_dickey,0,4032
6872,no_eyebrows,0,2864
6873,no_eyepatch,0,1696
6874,no_eyes,0,12862
6875,no_eyewear,0,4462
6876,no_feet,0,4047
6877,no_gloves,0,2215
6878,no_hair_ornament,0,997
6879,no_humans,0,213806
6880,no_jacket,0,4627
6881,no_lineart,0,4664
6882,no_mask,0,2240
6883,no_mole,0,1597
6884,no_mouth,0,19491
6885,no_nipples,0,7796
6886,no_nose,0,28598
6887,no_panties,0,108224
6888,no_pants,0,72281
6889,no_pupils,0,20441
6890,no_pussy,0,6727
6891,no_sclera,0,3818
6892,no_shirt,0,13762
6893,no_shoes,0,117153
6894,no_socks,0,8190
6895,no_symbol,0,737
6896,no_testicles,0,2920
6897,noctchill_(idolmaster),0,624
6898,noh_mask,0,2051
6899,nohrian_maid_uniform,0,663
6900,non-circular_lens_flare,0,827
6901,non-humanoid_robot,0,7842
6902,nontraditional_miko,0,34558
6903,nontraditional_playboy_bunny,0,6205
6904,noodles,0,10037
6905,noose,0,2198
6906,noren,0,632
6907,nori_(seaweed),0,741
6908,normal_suit_(gundam),0,2350
6909,nose,0,28869
6910,nose_blush,0,137741
6911,nose_bubble,0,4066
6912,nose_piercing,0,5054
6913,nose_ring,0,2083
6914,nosebleed,0,16466
6915,noses_touching,0,1416
6916,nostrils,0,6088
6917,notched_ear,0,6366
6918,notched_lapels,0,19662
6919,note,0,1367
6920,notebook,0,9863
6921,notepad,0,3074
6922,notice_lines,0,47828
6923,novel_cover,0,2825
6924,novelty_censor,0,6779
6925,nude,0,626678
6926,nude_cover,0,6328
6927,nudist,0,1117
6928,number_print,0,1781
6929,number_pun,0,653
6930,number_tattoo,0,12951
6931,numbered,0,6640
6932,numbered_panels,0,633
6933,numbers_(nanoha),0,759
6934,nun,0,31681
6935,nun_headdress,0,15326
6936,nunchaku,0,706
6937,nurse,0,20756
6938,nurse_cap,0,31810
6939,nursing_handjob,0,2078
6940,nuzzle,0,737
6941,nyan,0,1198
6942,o-ring,0,68664
6943,o-ring_belt,0,2831
6944,o-ring_bikini,0,15413
6945,o-ring_bottom,0,5062
6946,o-ring_choker,0,9954
6947,o-ring_collar,0,961
6948,o-ring_harness,0,1310
6949,o-ring_one-piece_swimsuit,0,1361
6950,o-ring_panties,0,764
6951,o-ring_thigh_strap,0,8001
6952,o-ring_top,0,13888
6953,o3o,0,4249
6954,o_o,0,26874
6955,oar,0,1155
6956,obese,0,1056
6957,obi,0,100923
6958,obiage,0,6665
6959,obidome,0,1228
6960,obijime,0,11355
6961,object_floating_above_hand,0,1522
6962,object_focus,0,2705
6963,object_head,0,4081
6964,object_in_pocket,0,1924
6965,object_insertion,0,33812
6966,object_namesake,0,5030
6967,object_on_breast,0,1117
6968,object_on_head,0,10893
6969,object_through_head,0,2835
6970,objectification,0,1891
6971,obliques,0,4090
6972,oc_x_canon,0,3180
6973,ocarina,0,640
6974,ocean,0,129579
6975,octoling,0,9900
6976,octopus,0,6466
6977,oda_uri,0,1733
6978,odaiba_girls_high_school_uniform,0,1186
6979,odaibako,0,1363
6980,odd_one_out,0,1596
6981,oekaki,0,26603
6982,off-shoulder_bikini,0,2885
6983,off-shoulder_coat,0,827
6984,off-shoulder_dress,0,40048
6985,off-shoulder_jacket,0,3203
6986,off-shoulder_leotard,0,641
6987,off-shoulder_one-piece_swimsuit,0,1849
6988,off-shoulder_shirt,0,32886
6989,off-shoulder_sweater,0,16816
6990,off_shoulder,0,317028
6991,offering_hand,0,2435
6992,office,0,3855
6993,office_chair,0,7750
6994,office_lady,0,20980
6995,official_alternate_color,0,2979
6996,official_alternate_costume,0,504724
6997,official_alternate_eye_color,0,2812
6998,official_alternate_hair_color,0,5507
6999,official_alternate_hair_length,0,5124
7000,official_alternate_hairstyle,0,78785
7001,official_art_inset,0,2810
7002,official_style,0,14042
7003,ofuda,0,30389
7004,ofuda_between_fingers,0,1160
7005,ofuda_on_clothes,0,4256
7006,ofuda_on_head,0,2441
7007,ofuda_on_nipples,0,692
7008,ofuda_on_pussy,0,700
7009,oil-paper_umbrella,0,17545
7010,oil_lamp,0,600
7011,ojou-sama_pose,0,1943
7012,ok_sign,0,5456
7013,ok_sign_over_eye,0,649
7014,okamoto_condoms,0,630
7015,okobo,0,7375
7016,old,0,17084
7017,old_man,0,13810
7018,old_school_swimsuit,0,9131
7019,old_woman,0,3303
7020,omamori,0,653
7021,omelet,0,5622
7022,omikuji,0,1642
7023,omurice,0,3903
7024,on_back,0,326665
7025,on_bed,0,155405
7026,on_bench,0,7573
7027,on_boat,0,1009
7028,on_box,0,928
7029,on_car,0,2060
7030,on_chair,0,36827
7031,on_couch,0,30991
7032,on_crescent,0,784
7033,on_desk,0,9771
7034,on_floor,0,35652
7035,on_food,0,845
7036,on_ground,0,32722
7037,on_head,0,24769
7038,on_innertube,0,1309
7039,on_lap,0,5232
7040,on_motorcycle,0,2971
7041,on_one_knee,0,17336
7042,on_person,0,2415
7043,on_pillow,0,724
7044,on_railing,0,1725
7045,on_rock,0,2695
7046,on_roof,0,1628
7047,on_rooftop,0,943
7048,on_scooter,0,1014
7049,on_shoulder,0,5837
7050,on_side,0,114109
7051,on_stairs,0,1017
7052,on_stomach,0,83950
7053,on_stool,0,2781
7054,on_swing,0,3665
7055,on_table,0,5604
7056,on_tank,0,866
7057,on_throne,0,6972
7058,on_toilet,0,680
7059,on_tree_stump,0,825
7060,on_water,0,947
7061,onahole_handjob,0,715
7062,onahole_job,0,688
7063,onbashira,0,1275
7064,one-eyed,0,16335
7065,one-eyed_mecha,0,3877
7066,one-hour_drawing_challenge,0,44962
7067,one-piece_swimsuit,0,170623
7068,one-piece_swimsuit_pull,0,6795
7069,one-piece_tan,0,12509
7070,one-piece_thong,0,1050
7071,one_arm_handstand,0,700
7072,one_breast_out,0,17653
7073,one_ear_down,0,1572
7074,one_eye_closed,0,570327
7075,one_eye_covered,0,64518
7076,one_side_up,0,137281
7077,onee-loli,0,4713
7078,onee-shota,0,15889
7079,onesie,0,2830
7080,oni,0,45100
7081,oni_horns,0,4176
7082,oni_mask,0,3622
7083,onigiri,0,9075
7084,onigiri_print,0,722
7085,onii-shota,0,1714
7086,onion,0,1461
7087,onmyouji,0,1592
7088,onsen,0,23253
7089,ooarai_(emblem),0,804
7090,ooarai_military_uniform,0,2802
7091,ooarai_school_uniform,0,9996
7092,oohashi_high_school_uniform,0,1761
7093,oonusa,0,798
7094,ootachi,0,2193
7095,opaque_glasses,0,7410
7096,open-chest_sweater,0,3321
7097,open-toe_boots,0,4428
7098,open-toe_shoes,0,2160
7099,open_belt,0,2904
7100,open_bodysuit,0,1837
7101,open_book,0,37234
7102,open_box,0,678
7103,open_bra,0,3327
7104,open_cardigan,0,26064
7105,open_clothes,0,692371
7106,open_coat,0,72773
7107,open_collar,0,13208
7108,open_door,0,8377
7109,open_dress,0,5286
7110,open_fly,0,25181
7111,open_hand,0,23101
7112,open_hands,0,10578
7113,open_hoodie,0,9821
7114,open_jacket,0,347423
7115,open_jumpsuit,0,771
7116,open_kimono,0,18239
7117,open_mouth,0,3174960
7118,open_pajamas,0,717
7119,open_pants,0,3290
7120,open_robe,0,4308
7121,open_shirt,0,140906
7122,open_shorts,0,4849
7123,open_skirt,0,3161
7124,open_vest,0,13686
7125,open_window,0,3116
7126,opened_by_self,0,2023
7127,opening_door,0,3258
7128,oppai_loli,0,8787
7129,optical_sight,0,1266
7130,options,0,830
7131,oral,0,105187
7132,oral_invitation,0,2420
7133,oran_berry,0,884
7134,orange-framed_eyewear,0,833
7135,orange-tinted_eyewear,0,7469
7136,orange_(fruit),0,9174
7137,orange_apron,0,1266
7138,orange_ascot,0,2076
7139,orange_background,0,40032
7140,orange_bag,0,641
7141,orange_bandana,0,1020
7142,orange_belt,0,2850
7143,orange_bikini,0,8830
7144,orange_bodysuit,0,4394
7145,orange_boots,0,2615
7146,orange_border,0,1160
7147,orange_bow,0,26606
7148,orange_bowtie,0,7644
7149,orange_bra,0,1058
7150,orange_butterfly,0,600
7151,orange_cape,0,1870
7152,orange_capelet,0,656
7153,orange_cardigan,0,756
7154,orange_cat,0,1478
7155,orange_choker,0,3357
7156,orange_coat,0,1323
7157,orange_dress,0,11299
7158,orange_eyes,0,233762
7159,orange_eyeshadow,0,729
7160,orange_flower,0,13635
7161,orange_fur,0,5965
7162,orange_gem,0,1179
7163,orange_gloves,0,6923
7164,orange_goggles,0,881
7165,orange_hair,0,320034
7166,orange_hairband,0,5748
7167,orange_halo,0,2810
7168,orange_hat,0,7378
7169,orange_headband,0,2129
7170,orange_hoodie,0,3489
7171,orange_horns,0,1314
7172,orange_jacket,0,12371
7173,orange_juice,0,998
7174,orange_jumpsuit,0,1596
7175,orange_kimono,0,5123
7176,orange_leotard,0,1415
7177,orange_lips,0,706
7178,orange_nails,0,7698
7179,orange_neckerchief,0,5304
7180,orange_necktie,0,7857
7181,orange_outline,0,733
7182,orange_panties,0,2016
7183,orange_pants,0,4794
7184,orange_pantyhose,0,2824
7185,orange_pupils,0,1816
7186,orange_ribbon,0,7797
7187,orange_rose,0,2513
7188,orange_sailor_collar,0,2451
7189,orange_sash,0,1011
7190,orange_scarf,0,4290
7191,orange_sclera,0,986
7192,orange_scrunchie,0,3550
7193,orange_shirt,0,18757
7194,orange_shoes,0,4717
7195,orange_shorts,0,6273
7196,orange_skin,0,3440
7197,orange_skirt,0,13925
7198,orange_sky,0,8504
7199,orange_sleeves,0,2281
7200,orange_slice,0,3547
7201,orange_socks,0,2235
7202,orange_streaks,0,916
7203,orange_sweater,0,2677
7204,orange_tabard,0,656
7205,orange_tail,0,3062
7206,orange_tank_top,0,1895
7207,orange_theme,0,4978
7208,orange_thighhighs,0,3922
7209,orange_trim,0,917
7210,orange_vest,0,2967
7211,orange_wings,0,908
7212,orb,0,10922
7213,orc,0,4802
7214,orca,0,1018
7215,orca_girl,0,1063
7216,orca_hood,0,696
7217,orchid,0,757
7218,organs,0,1064
7219,orgasm,0,22323
7220,orgy,0,7560
7221,origami,0,2571
7222,original_race_uniform_(umamusume),0,931
7223,originium_arts_(arknights),0,829
7224,oripathy_lesion_(arknights),0,10322
7225,ornament,0,663
7226,ornate_armor,0,790
7227,ornate_border,0,4028
7228,ornate_clothes,0,845
7229,ornate_ring,0,1514
7230,osmanthus,0,606
7231,otaku,0,1495
7232,other_focus,0,31113
7233,other_with_female,0,871
7234,other_with_male,0,680
7235,otonokizaka_school_uniform,0,8097
7236,otter,0,1297
7237,otter_ears,0,1256
7238,otter_tail,0,861
7239,ouji_fashion,0,4218
7240,out-of-frame_censoring,0,13663
7241,out_of_character,0,1279
7242,out_of_frame,0,40759
7243,outdoors,0,726586
7244,outer_glow,0,671
7245,outie_navel,0,2140
7246,outline,0,80220
7247,outside_border,0,89054
7248,outstretched_arm,0,86819
7249,outstretched_arms,0,85995
7250,outstretched_hand,0,30500
7251,outstretched_leg,0,2152
7252,outstretched_legs,0,875
7253,oven,0,1070
7254,oven_mitts,0,2291
7255,over-kneehighs,0,9395
7256,over-rim_eyewear,0,4549
7257,over_shoulder,0,15898
7258,over_the_knee,0,870
7259,over_the_mouth_gag,0,815
7260,over_the_nose_gag,0,619
7261,overall_shorts,0,3509
7262,overall_skirt,0,1472
7263,overalls,0,29951
7264,overcast,0,3935
7265,overcoat,0,2191
7266,overexposure,0,652
7267,overgrown,0,3336
7268,oversized_animal,0,4281
7269,oversized_breast_cup,0,1601
7270,oversized_clothes,0,16945
7271,oversized_flower,0,643
7272,oversized_food,0,3134
7273,oversized_forearms,0,868
7274,oversized_limbs,0,1304
7275,oversized_object,0,13270
7276,oversized_shirt,0,5857
7277,oversized_wings,0,2882
7278,overskirt,0,6134
7279,ovum,0,4314
7280,owl,0,5306
7281,owl_ears,0,1531
7282,owl_girl,0,1054
7283,own_hands_clasped,0,20175
7284,own_hands_together,0,106747
7285,oxfords,0,684
7286,oxygen_mask,0,830
7287,oyakodon_(sex),0,886
7288,p90,0,1235
7289,pacifier,0,3282
7290,package,0,817
7291,padded_coat,0,840
7292,padded_jacket,0,907
7293,paddle,0,4342
7294,padlock,0,4129
7295,padlocked_collar,0,907
7296,page_number,0,27949
7297,pagoda,0,1248
7298,pain,0,3353
7299,paint,0,4901
7300,paint_can,0,1082
7301,paint_on_body,0,1056
7302,paint_on_clothes,0,1613
7303,paint_palette,0,3051
7304,paint_splatter,0,6825
7305,paint_splatter_on_face,0,1951
7306,paint_tube,0,721
7307,paintbrush,0,17780
7308,painted_clothes,0,803
7309,painterly,0,9361
7310,painting_(action),0,3010
7311,painting_(object),0,8520
7312,pairing_name,0,824
7313,paizuri,0,52084
7314,paizuri_invitation,0,969
7315,paizuri_under_clothes,0,6563
7316,pajamas,0,37062
7317,pale_colors,0,3620
7318,pale_skin,0,68470
7319,palm_leaf,0,3817
7320,palm_tree,0,29030
7321,palms,0,3170
7322,palms_together,0,3760
7323,pancake,0,6515
7324,pancake_stack,0,2592
7325,panda,0,4532
7326,panda_boy,0,752
7327,panda_ears,0,2970
7328,panda_girl,0,687
7329,panda_hair_ornament,0,970
7330,panda_hood,0,1103
7331,panicking,0,1792
7332,pankou,0,1378
7333,pansy,0,774
7334,pant_suit,0,4012
7335,panther_ears,0,4457
7336,panther_girl,0,4152
7337,panther_tail,0,3008
7338,panties,0,770625
7339,panties_around_ankles,0,646
7340,panties_around_one_ankle,0,816
7341,panties_around_one_leg,0,25411
7342,panties_aside,0,29754
7343,panties_on_head,0,1552
7344,panties_on_penis,0,605
7345,panties_over_garter_belt,0,794
7346,panties_over_pantyhose,0,874
7347,panties_under_buruma,0,1687
7348,panties_under_pantyhose,0,33785
7349,panties_under_shorts,0,1256
7350,panties_visible_through_clothes,0,624
7351,pants,0,638393
7352,pants_around_one_leg,0,852
7353,pants_pull,0,14693
7354,pants_rolled_up,0,2643
7355,pants_tucked_in,0,2373
7356,pants_under_dress,0,967
7357,pants_under_skirt,0,1921
7358,panty_lift,0,965
7359,panty_peek,0,10009
7360,panty_pull,0,55738
7361,panty_straps,0,6603
7362,pantyhose,0,686182
7363,pantyhose_only,0,932
7364,pantyhose_pull,0,13546
7365,pantyhose_under_shorts,0,16476
7366,pantyhose_under_swimsuit,0,1036
7367,pantylines,0,5098
7368,pantyshot,0,75415
7369,panzer_iv,0,1095
7370,papakha,0,2056
7371,paper,0,40840
7372,paper_airplane,0,2255
7373,paper_bag,0,6541
7374,paper_crane,0,1631
7375,paper_fan,0,8414
7376,paper_lantern,0,10729
7377,paper_on_head,0,1222
7378,paper_stack,0,2011
7379,paper_texture,0,1150
7380,paperclip,0,826
7381,papers,0,1647
7382,paradeus,0,603
7383,paradis_military_uniform,0,4067
7384,parallel_hairclips,0,18606
7385,paralyzer,0,942
7386,parasite_suit_(darling_in_the_franxx),0,789
7387,parasol,0,14652
7388,parent_and_child,0,40227
7389,parfait,0,6735
7390,park,0,2758
7391,park_bench,0,3478
7392,parka,0,1261
7393,parking_lot,0,623
7394,parody,0,102211
7395,parrot,0,1500
7396,parted_bangs,0,284715
7397,parted_hair,0,10008
7398,parted_lips,0,682262
7399,partial_humanization,0,1581
7400,partially_colored,0,19991
7401,partially_fingerless_gloves,0,37925
7402,partially_open_jacket,0,633
7403,partially_open_shirt,0,602
7404,partially_shaded_face,0,5053
7405,partially_submerged,0,42452
7406,partially_unbuttoned,0,22722
7407,partially_underwater_shot,0,2580
7408,partially_undressed,0,8811
7409,partially_unzipped,0,11466
7410,partially_visible_vulva,0,25557
7411,party,0,1000
7412,party_hat,0,4824
7413,party_popper,0,2951
7414,pasta,0,2346
7415,pastel_colors,0,4191
7416,pasties,0,32409
7417,pastry,0,3721
7418,pastry_bag,0,1535
7419,pastry_box,0,732
7420,patch,0,4627
7421,patchwork_clothes,0,2170
7422,patchwork_skin,0,3734
7423,path,0,5274
7424,patreon_logo,0,23508
7425,patreon_username,0,58823
7426,patterned,0,1097
7427,patterned_background,0,4744
7428,patterned_clothing,0,5362
7429,patterned_hair,0,1001
7430,patterned_legwear,0,785
7431,pauldrons,0,48230
7432,pavement,0,2878
7433,paw_gloves,0,21037
7434,paw_hair_ornament,0,926
7435,paw_pose,0,33855
7436,paw_print,0,19843
7437,paw_print_background,0,2295
7438,paw_print_pattern,0,1133
7439,paw_print_soles,0,810
7440,paw_shoes,0,5408
7441,pawn_(chess),0,1191
7442,pawpads,0,8944
7443,payphone,0,705
7444,pc-98_(style),0,709
7445,pea_pod,0,602
7446,peace_symbol,0,1560
7447,peach,0,12713
7448,peach_hat_ornament,0,1809
7449,peacock_feathers,0,1079
7450,peaked_cap,0,57399
7451,peanut_mouth,0,1640
7452,pear,0,890
7453,pear-shaped_figure,0,3249
7454,pearl_(gemstone),0,4255
7455,pearl_bracelet,0,2951
7456,pearl_earrings,0,5515
7457,pearl_hair_ornament,0,2482
7458,pearl_necklace,0,14655
7459,pearl_thong,0,1210
7460,pebble,0,624
7461,pecha_berry,0,625
7462,pectoral_cleavage,0,18345
7463,pectoral_docking,0,652
7464,pectoral_focus,0,1158
7465,pectoral_grab,0,2612
7466,pectoral_press,0,1248
7467,pectorals,0,119116
7468,pee,0,13268
7469,pee_stain,0,1309
7470,peeing,0,13928
7471,peeing_self,0,4966
7472,peeking,0,4267
7473,peeking_out,0,7818
7474,peeking_through_fingers,0,703
7475,peeling,0,705
7476,pegasus,0,1541
7477,pegasus_knight_uniform_(fire_emblem),0,654
7478,pegging,0,658
7479,pelt,0,1452
7480,pelvic_curtain,0,69072
7481,pelvic_curtain_aside,0,654
7482,pelvic_curtain_lift,0,1339
7483,pen,0,27418
7484,pen_in_pocket,0,1061
7485,pencil,0,14632
7486,pencil_case,0,1860
7487,pencil_dress,0,3676
7488,pencil_skirt,0,51237
7489,pendant,0,44617
7490,pendant_choker,0,7239
7491,pendant_collar,0,1095
7492,pendant_watch,0,918
7493,pendulum,0,2226
7494,penetration_gesture,0,724
7495,penguin,0,8753
7496,penguin_costume,0,901
7497,penguin_girl,0,842
7498,penguin_hood,0,1262
7499,penguin_tail,0,717
7500,penis,0,524570
7501,penis_awe,0,7413
7502,penis_in_panties,0,1036
7503,penis_measuring,0,999
7504,penis_on_ass,0,1640
7505,penis_on_face,0,7701
7506,penis_on_head,0,797
7507,penis_on_pussy,0,1207
7508,penis_on_stomach,0,875
7509,penis_out,0,3653
7510,penis_over_eyes,0,1735
7511,penis_over_one_eye,0,780
7512,penis_peek,0,2067
7513,penis_piercing,0,620
7514,penis_shadow,0,1148
7515,penis_size_difference,0,3379
7516,penis_tentacle,0,959
7517,penis_to_breast,0,1147
7518,penis_under_another's_clothes,0,933
7519,penises_touching,0,1709
7520,penlight_(glowstick),0,1926
7521,pennant,0,2017
7522,pentacle,0,1971
7523,pentagram,0,7509
7524,peony_(flower),0,1738
7525,peony_print,0,949
7526,people,0,8461
7527,perfume_bottle,0,1738
7528,perineum,0,7962
7529,perky_breasts,0,5056
7530,perpendicular_paizuri,0,2119
7531,persimmon,0,876
7532,persocom_(chobits),0,661
7533,person_and_animalization,0,1828
7534,person_on_head,0,907
7535,persona_(summon),0,1320
7536,personality_switch,0,1812
7537,personification,0,43032
7538,perspective,0,9131
7539,perversion_of_canon,0,2125
7540,pervert,0,8919
7541,perverted_utility,0,719
7542,pet,0,1777
7543,pet_bowl,0,1865
7544,pet_food,0,1085
7545,pet_play,0,3528
7546,petals,0,162886
7547,petals_on_liquid,0,2178
7548,petite,0,27438
7549,petrification,0,681
7550,petticoat,0,24089
7551,petting,0,5747
7552,phallic_symbol,0,2559
7553,phimosis,0,3994
7554,phoenix,0,1015
7555,phone,0,137857
7556,phone_booth,0,802
7557,phonograph,0,2693
7558,photo_(object),0,17819
7559,photo_background,0,12620
7560,photo_inset,0,4505
7561,photorealistic,0,1594
7562,phrygian_cap,0,723
7563,piano,0,5754
7564,piano_bench,0,774
7565,piano_keys,0,1088
7566,piano_print,0,836
7567,pickaxe,0,2004
7568,pickelhaube,0,750
7569,picking_up,0,635
7570,pickup_truck,0,986
7571,picnic,0,2154
7572,picnic_basket,0,2894
7573,picnic_blanket,0,1045
7574,picture_frame,0,16870
7575,pie,0,3201
7576,pie_slice,0,634
7577,pier,0,1495
7578,piercing,0,158016
7579,pig,0,4351
7580,pig_ears,0,1353
7581,pig_girl,0,644
7582,pigeon,0,1798
7583,pigeon-toed,0,14019
7584,piggyback,0,6507
7585,pikachu_(cosplay),0,635
7586,pikmin_(creature),0,2443
7587,pile_of_books,0,634
7588,piledriver_(sex),0,1027
7589,pill,0,5836
7590,pill_bottle,0,628
7591,pill_earrings,0,1419
7592,pill_hair_ornament,0,829
7593,pillar,0,11793
7594,pillarboxed,0,8141
7595,pillbox_hat,0,4265
7596,pillory,0,966
7597,pillow,0,187495
7598,pillow_grab,0,4316
7599,pillow_hug,0,10627
7600,pilot,0,1434
7601,pilot_helmet,0,731
7602,pilot_suit,0,1149
7603,pin,0,1024
7604,pinafore_dress,0,32564
7605,pince-nez,0,6635
7606,pincers,0,680
7607,pinching,0,5111
7608,pinching_another's_belly,0,706
7609,pinching_own_belly,0,1180
7610,pinching_sleeves,0,2129
7611,pincushion,0,629
7612,pine_tree,0,2942
7613,pineapple,0,1444
7614,pinecone,0,717
7615,pink-framed_eyewear,0,4686
7616,pink-tinted_eyewear,0,4943
7617,pink_apron,0,6537
7618,pink_arm_warmers,0,2257
7619,pink_armor,0,642
7620,pink_ascot,0,2660
7621,pink_babydoll,0,943
7622,pink_background,0,136421
7623,pink_bag,0,7171
7624,pink_belt,0,5508
7625,pink_bikini,0,27348
7626,pink_blood,0,3823
7627,pink_bodysuit,0,4499
7628,pink_boots,0,12685
7629,pink_border,0,4421
7630,pink_bow,0,109034
7631,pink_bowtie,0,24850
7632,pink_bra,0,25166
7633,pink_buruma,0,969
7634,pink_butterfly,0,1146
7635,pink_camisole,0,3290
7636,pink_cape,0,3137
7637,pink_capelet,0,3157
7638,pink_cardigan,0,13315
7639,pink_choker,0,12596
7640,pink_coat,0,5032
7641,pink_collar,0,4041
7642,pink_crown,0,846
7643,pink_dress,0,87354
7644,pink_eyeliner,0,740
7645,pink_eyes,0,387461
7646,pink_eyeshadow,0,5797
7647,pink_feathers,0,940
7648,pink_fire,0,975
7649,pink_flower,0,86210
7650,pink_fur,0,6300
7651,pink_gem,0,3207
7652,pink_gloves,0,16539
7653,pink_hair,0,961088
7654,pink_hairband,0,15340
7655,pink_hakama,0,1422
7656,pink_halo,0,46579
7657,pink_hat,0,26378
7658,pink_headband,0,1575
7659,pink_helmet,0,794
7660,pink_hood,0,640
7661,pink_hoodie,0,6448
7662,pink_horns,0,3010
7663,pink_jacket,0,41822
7664,pink_kimono,0,21146
7665,pink_leg_warmers,0,1129
7666,pink_leotard,0,7923
7667,pink_lips,0,42883
7668,pink_nails,0,67458
7669,pink_neckerchief,0,10774
7670,pink_necktie,0,11423
7671,pink_nose,0,626
7672,pink_one-piece_swimsuit,0,3171
7673,pink_outline,0,1887
7674,pink_pajamas,0,4760
7675,pink_panties,0,58303
7676,pink_pants,0,6267
7677,pink_pantyhose,0,4439
7678,pink_petals,0,8002
7679,pink_pubic_hair,0,888
7680,pink_pupils,0,11678
7681,pink_ribbon,0,59857
7682,pink_robe,0,709
7683,pink_rose,0,17985
7684,pink_sailor_collar,0,3638
7685,pink_sandals,0,1295
7686,pink_sarong,0,861
7687,pink_sash,0,2168
7688,pink_scarf,0,8775
7689,pink_sclera,0,1200
7690,pink_scrunchie,0,5687
7691,pink_serafuku,0,810
7692,pink_shirt,0,65070
7693,pink_shoes,0,22175
7694,pink_shorts,0,9575
7695,pink_skin,0,12231
7696,pink_skirt,0,60356
7697,pink_sky,0,2719
7698,pink_sleeves,0,7164
7699,pink_slippers,0,1954
7700,pink_socks,0,6218
7701,pink_sports_bra,0,1165
7702,pink_streaks,0,6037
7703,pink_sweater,0,15805
7704,pink_sweater_vest,0,1487
7705,pink_tail,0,5073
7706,pink_tank_top,0,1734
7707,pink_theme,0,18560
7708,pink_thighhighs,0,17945
7709,pink_track_suit,0,1405
7710,pink_trim,0,2219
7711,pink_tulip,0,1207
7712,pink_umbrella,0,1783
7713,pink_vest,0,4360
7714,pink_wings,0,3873
7715,pink_wrist_cuffs,0,2736
7716,pinky_out,0,9107
7717,pinky_ring,0,717
7718,pinky_swear,0,738
7719,pinned,0,2343
7720,pinstripe_dress,0,1869
7721,pinstripe_jacket,0,3434
7722,pinstripe_pants,0,1537
7723,pinstripe_pattern,0,15904
7724,pinstripe_shirt,0,3301
7725,pinstripe_skirt,0,1064
7726,pinstripe_suit,0,1755
7727,pinstripe_vest,0,985
7728,pinup_(style),0,726
7729,pinwheel,0,2228
7730,pinwheel_hair_ornament,0,620
7731,pirate_costume,0,4642
7732,pirate_hat,0,7736
7733,pitcher_(container),0,1234
7734,pitchfork,0,853
7735,pitching,0,807
7736,pith_helmet,0,3173
7737,pixel_art,0,21811
7738,pixel_heart,0,1110
7739,pixelated,0,1733
7740,pixie_cut,0,1530
7741,pixiv_id,0,3355
7742,pixiv_logo,0,2667
7743,pixiv_username,0,3536
7744,pizza,0,6974
7745,pizza_box,0,1513
7746,pizza_slice,0,2410
7747,plackart,0,857
7748,plague_doctor_mask,0,872
7749,plaid,0,5305
7750,plaid_apron,0,741
7751,plaid_background,0,3860
7752,plaid_bikini,0,3404
7753,plaid_bow,0,12855
7754,plaid_bowtie,0,6751
7755,plaid_bra,0,1103
7756,plaid_capelet,0,603
7757,plaid_clothes,0,179870
7758,plaid_coat,0,637
7759,plaid_dress,0,8420
7760,plaid_hat,0,3729
7761,plaid_jacket,0,3921
7762,plaid_lapels,0,980
7763,plaid_necktie,0,5600
7764,plaid_panties,0,1637
7765,plaid_pants,0,4068
7766,plaid_ribbon,0,1398
7767,plaid_scarf,0,9772
7768,plaid_shawl,0,653
7769,plaid_shirt,0,11180
7770,plaid_shorts,0,1091
7771,plaid_skirt,0,122512
7772,plaid_sleeves,0,974
7773,plaid_socks,0,712
7774,plaid_vest,0,10590
7775,planet,0,13159
7776,planet_hair_ornament,0,1206
7777,planetary_ring,0,801
7778,plant,0,94397
7779,plant_focus,0,846
7780,plant_girl,0,3233
7781,plant_hair,0,1051
7782,plant_name,0,611
7783,plant_roots,0,1683
7784,plantar_flexion,0,4801
7785,planted,0,11264
7786,planted_sword,0,8004
7787,planted_umbrella,0,722
7788,plap,0,2451
7789,plastic_bag,0,5443
7790,plastic_bottle,0,1863
7791,plate,0,61530
7792,plate_armor,0,3336
7793,plate_stack,0,638
7794,platform_boots,0,5072
7795,platform_heels,0,3796
7796,platform_sandals,0,14655
7797,platform_shoes,0,5983
7798,playable_command_(touhou),0,1145
7799,playboy_bunny,0,137260
7800,player_2,0,1364
7801,playground,0,1101
7802,playing,0,1472
7803,playing_card,0,15132
7804,playing_flute,0,736
7805,playing_games,0,10218
7806,playing_guitar,0,2225
7807,playing_instrument,0,18546
7808,playing_piano,0,1417
7809,playing_sports,0,4325
7810,playing_video_games,0,8118
7811,playing_with_another's_hair,0,978
7812,playing_with_own_hair,0,4451
7813,playstation_controller,0,2107
7814,playstation_portable,0,1681
7815,pleading_face_emoji,0,781
7816,pleated_dress,0,30248
7817,pleated_shirt,0,756
7818,pleated_shorts,0,2018
7819,pleated_skirt,0,659153
7820,pleated_sleeves,0,904
7821,plectrum,0,6780
7822,pliers,0,663
7823,plug_(piercing),0,841
7824,plugsuit_(evangelion),0,13305
7825,plum_blossoms,0,4448
7826,plume,0,2831
7827,plumeria,0,1031
7828,plump,0,40403
7829,plunging_neckline,0,7274
7830,plus_sign,0,761
7831,pocari_sweat,0,875
7832,pocket,0,56484
7833,pocket_square,0,621
7834,pocket_watch,0,7785
7835,pocky,0,19800
7836,pocky_day,0,3420
7837,pocky_in_mouth,0,3163
7838,pocky_kiss,0,2722
7839,poi_(phrase),0,645
7840,pointed_crown,0,2608
7841,pointer,0,2626
7842,pointing,0,85700
7843,pointing_at_another,0,4043
7844,pointing_at_self,0,9500
7845,pointing_at_viewer,0,15870
7846,pointing_down,0,825
7847,pointing_forward,0,1769
7848,pointing_melee_weapon,0,795
7849,pointing_out_the_details,0,2406
7850,pointing_to_the_side,0,698
7851,pointing_up,0,8147
7852,pointless_censoring,0,16334
7853,pointless_condom,0,2868
7854,pointy_boots,0,1149
7855,pointy_breasts,0,2120
7856,pointy_ears,0,541688
7857,pointy_hair,0,8403
7858,pointy_hat,0,850
7859,pointy_nose,0,5735
7860,pointy_shoes,0,1332
7861,poison,0,898
7862,poke_ball,0,36491
7863,poke_ball_(basic),0,25295
7864,poke_ball_print,0,4019
7865,poke_ball_symbol,0,3174
7866,poke_ball_theme,0,1333
7867,pokedex_number,0,2695
7868,pokemon_(creature),0,212898
7869,pokemon_card,0,2062
7870,pokemon_day,0,644
7871,pokemon_focus,0,35465
7872,pokemon_move,0,1605
7873,pokemon_on_head,0,3138
7874,pokemon_on_lap,0,656
7875,pokemon_on_shoulder,0,2546
7876,pokemon_tail,0,729
7877,pokemon_team,0,1210
7878,pokephilia,0,6282
7879,poker,0,639
7880,poker_chip,0,3597
7881,poker_table,0,1122
7882,poketch,0,649
7883,poking,0,7426
7884,poking_another's_breast,0,990
7885,polar_bear,0,1420
7886,polaroid_photo,0,1581
7887,pole,0,8701
7888,pole_dancing,0,3243
7889,polearm,0,70041
7890,poleyn,0,1361
7891,police,0,15600
7892,police_badge,0,2056
7893,police_car,0,1141
7894,police_hat,0,6014
7895,police_uniform,0,14071
7896,policeman,0,1476
7897,policewoman,0,9359
7898,polka_dot,0,77575
7899,polka_dot_background,0,21805
7900,polka_dot_bikini,0,5770
7901,polka_dot_bow,0,12883
7902,polka_dot_bowtie,0,1070
7903,polka_dot_bra,0,2487
7904,polka_dot_camisole,0,733
7905,polka_dot_dress,0,3602
7906,polka_dot_hairband,0,767
7907,polka_dot_headwear,0,2317
7908,polka_dot_pajamas,0,1429
7909,polka_dot_panties,0,7939
7910,polka_dot_ribbon,0,1322
7911,polka_dot_scrunchie,0,1295
7912,polka_dot_shirt,0,1884
7913,polka_dot_skirt,0,1844
7914,polka_dot_socks,0,600
7915,polka_dot_swimsuit,0,1598
7916,polka_dot_thighhighs,0,794
7917,polo_shirt,0,3552
7918,pom_pom_(cheerleading),0,22929
7919,pom_pom_(clothes),0,66386
7920,pom_pom_beanie,0,2008
7921,pom_pom_earrings,0,1570
7922,pom_pom_hair_ornament,0,10460
7923,pomegranate,0,820
7924,pompadour,0,5785
7925,pon_de_ring,0,754
7926,poncho,0,3329
7927,pond,0,3624
7928,pony_(animal),0,767
7929,ponytail,0,892289
7930,ponytail_holder,0,604
7931,ponytail_with_braided_base,0,2078
7932,pool,0,23915
7933,pool_ladder,0,3584
7934,pool_of_blood,0,2085
7935,pool_table,0,894
7936,poolside,0,11599
7937,poop,0,615
7938,popcorn,0,2520
7939,popped_button,0,1452
7940,popped_collar,0,15021
7941,poppy_(flower),0,1327
7942,popsicle,0,33371
7943,popsicle_in_mouth,0,3250
7944,popsicle_stick,0,929
7945,porch,0,1520
7946,porkpie_hat,0,4082
7947,pornography,0,2327
7948,pornography_production,0,1711
7949,portal_(object),0,1794
7950,portrait,0,126537
7951,portrait_(object),0,2643
7952,pose,0,11573
7953,pose_imitation,0,1028
7954,posing,0,1458
7955,possessed,0,4071
7956,post-apocalypse,0,1693
7957,postage_stamp,0,615
7958,postbox_(outgoing_mail),0,618
7959,poster_(medium),0,2155
7960,poster_(object),0,9292
7961,poster_parody,0,709
7962,pot,0,3451
7963,potara_earrings,0,2231
7964,potato,0,1916
7965,potato_chips,0,4003
7966,potion,0,3135
7967,potted_plant,0,28675
7968,pouch,0,47556
7969,pouring,0,8194
7970,pouring_onto_self,0,2217
7971,pout,0,34638
7972,pouty_lips,0,1105
7973,pov,0,173617
7974,pov_across_bed,0,1087
7975,pov_across_table,0,3245
7976,pov_breasts,0,918
7977,pov_crotch,0,24766
7978,pov_doorway,0,3383
7979,pov_hands,0,41454
7980,pov_legs,0,609
7981,pov_peephole,0,881
7982,pov_stomped,0,741
7983,power_armor,0,8093
7984,power_connection,0,1087
7985,power_lines,0,13174
7986,power_suit,0,1516
7987,power_suit_(metroid),0,2072
7988,power_symbol,0,3529
7989,power_symbol-shaped_pupils,0,2694
7990,powering_up,0,2035
7991,prank,0,1305
7992,pravda_military_uniform,0,978
7993,pravda_school_uniform,0,1407
7994,prayer_beads,0,3457
7995,praying,0,5473
7996,precum,0,21361
7997,precum_drip,0,2138
7998,precum_string,0,670
7999,precum_through_clothes,0,759
8000,pregnancy_test,0,1096
8001,pregnant,0,12502
8002,prehensile_hair,0,3067
8003,prehensile_tail,0,2923
8004,presenting_own_armpit,0,14390
8005,presenting_own_ass,0,2625
8006,presenting_own_body,0,19674
8007,presenting_own_breasts,0,1979
8008,presenting_own_foot,0,5241
8009,presenting_own_pussy,0,2485
8010,presenting_removed_panties,0,1011
8011,price,0,612
8012,price_tag,0,1006
8013,priest,0,3157
8014,priestess,0,951
8015,primarch,0,947
8016,prince,0,1071
8017,princess,0,5377
8018,princess_carry,0,17912
8019,print_apron,0,1059
8020,print_bikini,0,34183
8021,print_bodysuit,0,758
8022,print_boots,0,756
8023,print_bow,0,5080
8024,print_bowtie,0,3988
8025,print_bra,0,2992
8026,print_dress,0,13718
8027,print_eyepatch,0,766
8028,print_gloves,0,11638
8029,print_hairband,0,725
8030,print_haori,0,1629
8031,print_hat,0,759
8032,print_headwear,0,1945
8033,print_hoodie,0,2101
8034,print_jacket,0,3151
8035,print_kimono,0,30380
8036,print_leotard,0,681
8037,print_mug,0,830
8038,print_necktie,0,1683
8039,print_pajamas,0,900
8040,print_panties,0,11056
8041,print_pants,0,1136
8042,print_pantyhose,0,8749
8043,print_ribbon,0,846
8044,print_sarong,0,1003
8045,print_scarf,0,1002
8046,print_shirt,0,25144
8047,print_shorts,0,1755
8048,print_skirt,0,10263
8049,print_sleeves,0,1819
8050,print_socks,0,925
8051,print_sweater,0,1427
8052,print_swimsuit,0,939
8053,print_thighhighs,0,14919
8054,prison,0,1173
8055,prison_cell,0,1151
8056,prison_clothes,0,2248
8057,prisoner,0,612
8058,problem_solver_68_(blue_archive),0,879
8059,procreate_(software),0,1688
8060,product_placement,0,3257
8061,profanity,0,5228
8062,profile,0,168289
8063,profile_picture,0,635
8064,projected_inset,0,3269
8065,projectile_cum,0,10404
8066,projectile_lactation,0,2989
8067,prone_bone,0,5601
8068,propeller,0,1829
8069,propeller_fighter,0,1527
8070,propeller_hair_ornament,0,849
8071,prostate_milking,0,618
8072,prosthesis,0,11945
8073,prosthetic_arm,0,8116
8074,prosthetic_leg,0,3215
8075,prostitution,0,3604
8076,prostration,0,1062
8077,protecting,0,1359
8078,prototype_design,0,2233
8079,psychic,0,1077
8080,pubic_hair,0,172976
8081,pubic_hair_peek,0,8572
8082,pubic_stubble,0,1431
8083,pubic_tattoo,0,17831
8084,pubic_tattoo_visible_through_clothes,0,1247
8085,public_indecency,0,17572
8086,public_nudity,0,5147
8087,public_restroom,0,1337
8088,public_use,0,1504
8089,public_vibrator,0,826
8090,puchimasu!_(style),0,1391
8091,puckered_anus,0,3333
8092,puckered_lips,0,6492
8093,pudding,0,5345
8094,puddle,0,7396
8095,puff_and_slash_sleeves,0,1594
8096,puff_of_air,0,17931
8097,puffy_cheeks,0,2275
8098,puffy_chest,0,849
8099,puffy_detached_sleeves,0,6313
8100,puffy_long_sleeves,0,91320
8101,puffy_nipples,0,42888
8102,puffy_pants,0,3591
8103,puffy_short_sleeves,0,237940
8104,puffy_shorts,0,4116
8105,puffy_sleeves,0,481162
8106,pull_cord,0,731
8107,pulling,0,3298
8108,pulling_another's_clothes,0,4287
8109,pulling_own_clothes,0,21005
8110,pump_action,0,1859
8111,pumpkin,0,15607
8112,pumpkin_hair_ornament,0,1096
8113,pumpkin_hat,0,1173
8114,pumps,0,9119
8115,pun,0,8417
8116,punching,0,10315
8117,punk,0,2055
8118,puppet,0,5748
8119,puppet_rings,0,817
8120,puppet_strings,0,2640
8121,puppy,0,1466
8122,puritan_collar,0,886
8123,purple-framed_eyewear,0,1844
8124,purple-tinted_eyewear,0,4668
8125,purple_apron,0,1131
8126,purple_arm_warmers,0,964
8127,purple_armband,0,1126
8128,purple_armor,0,1677
8129,purple_ascot,0,3361
8130,purple_background,0,61014
8131,purple_bag,0,1332
8132,purple_belt,0,4962
8133,purple_bikini,0,21325
8134,purple_bodysuit,0,5880
8135,purple_boots,0,7521
8136,purple_border,0,1687
8137,purple_bow,0,59813
8138,purple_bowtie,0,20506
8139,purple_bra,0,9577
8140,purple_butterfly,0,2788
8141,purple_camisole,0,933
8142,purple_cape,0,7673
8143,purple_capelet,0,4421
8144,purple_cardigan,0,2461
8145,purple_choker,0,7785
8146,purple_cloak,0,1599
8147,purple_coat,0,8922
8148,purple_collar,0,2172
8149,purple_corset,0,914
8150,purple_dress,0,71557
8151,purple_eyes,0,1091867
8152,purple_eyeshadow,0,5159
8153,purple_feathers,0,842
8154,purple_fire,0,3442
8155,purple_flower,0,48127
8156,purple_fur,0,4110
8157,purple_gem,0,7578
8158,purple_gloves,0,26154
8159,purple_hair,0,844001
8160,purple_hairband,0,10059
8161,purple_hakama,0,1426
8162,purple_halo,0,10784
8163,purple_hat,0,22755
8164,purple_headband,0,1036
8165,purple_hood,0,947
8166,purple_hoodie,0,4044
8167,purple_horns,0,4702
8168,purple_jacket,0,28768
8169,purple_kimono,0,20240
8170,purple_leotard,0,9960
8171,purple_lips,0,11248
8172,purple_nails,0,38406
8173,purple_neckerchief,0,3323
8174,purple_necktie,0,14013
8175,purple_one-piece_swimsuit,0,2286
8176,purple_outline,0,936
8177,purple_pajamas,0,638
8178,purple_panties,0,17227
8179,purple_pants,0,8855
8180,purple_pantyhose,0,11468
8181,purple_petals,0,746
8182,purple_pubic_hair,0,1153
8183,purple_pupils,0,2802
8184,purple_ribbon,0,33654
8185,purple_robe,0,1900
8186,purple_rope,0,3571
8187,purple_rose,0,8892
8188,purple_sailor_collar,0,6835
8189,purple_sandals,0,659
8190,purple_sarong,0,794
8191,purple_sash,0,6583
8192,purple_scarf,0,6006
8193,purple_sclera,0,1062
8194,purple_scrunchie,0,2743
8195,purple_serafuku,0,3794
8196,purple_shirt,0,54999
8197,purple_shoes,0,12236
8198,purple_shorts,0,7266
8199,purple_skin,0,16363
8200,purple_skirt,0,51822
8201,purple_sky,0,5867
8202,purple_sleeves,0,9825
8203,purple_socks,0,3551
8204,purple_sports_bra,0,688
8205,purple_streaks,0,5239
8206,purple_suit,0,764
8207,purple_sweater,0,5737
8208,purple_sweater_vest,0,1191
8209,purple_tabard,0,2086
8210,purple_tail,0,6714
8211,purple_tank_top,0,1112
8212,purple_theme,0,13048
8213,purple_thighhighs,0,27591
8214,purple_tongue,0,2114
8215,purple_trim,0,2037
8216,purple_tunic,0,724
8217,purple_umbrella,0,4888
8218,purple_veil,0,2792
8219,purple_vest,0,8839
8220,purple_wings,0,7909
8221,purple_wrist_cuffs,0,716
8222,pursed_lips,0,1820
8223,push-ups,0,602
8224,pushing,0,1674
8225,pushing_away,0,1185
8226,pussy,0,465172
8227,pussy_cutout,0,907
8228,pussy_focus,0,964
8229,pussy_juice,0,140318
8230,pussy_juice_drip_through_clothes,0,1913
8231,pussy_juice_on_fingers,0,986
8232,pussy_juice_puddle,0,3070
8233,pussy_juice_stain,0,6473
8234,pussy_juice_trail,0,6459
8235,pussy_peek,0,8196
8236,pussy_piercing,0,2600
8237,pussyjob,0,4957
8238,putting_on_gloves,0,609
8239,puzzle,0,745
8240,puzzle_piece,0,941
8241,pyramid_(structure),0,1078
8242,pyrokinesis,0,4466
8243,qingdai_guanmao,0,5242
8244,qingxin_flower,0,909
8245,qixiong_ruqun,0,1296
8246,qr_code,0,3234
8247,quad_braids,0,998
8248,quad_drills,0,878
8249,quad_tails,0,7154
8250,quadruple_amputee,0,1194
8251,quarter_note,0,4513
8252,queen,0,850
8253,queen_(chess),0,1538
8254,queen_(playing_card),0,753
8255,queen_of_spades_symbol,0,1658
8256,quill,0,5342
8257,quilted_jacket,0,827
8258,quiver,0,7547
8259,raana_the_cat,0,671
8260,rabbit,0,35666
8261,rabbit-shaped_pupils,0,3020
8262,rabbit_boy,0,4968
8263,rabbit_costume,0,1387
8264,rabbit_ear_hairband,0,24260
8265,rabbit_ear_headphones,0,730
8266,rabbit_ears,0,299757
8267,rabbit_girl,0,51899
8268,rabbit_hair_ornament,0,20095
8269,rabbit_hat,0,1484
8270,rabbit_hood,0,5105
8271,rabbit_house_uniform,0,2082
8272,rabbit_on_head,0,918
8273,rabbit_ornament,0,607
8274,rabbit_pose,0,7212
8275,rabbit_print,0,4617
8276,rabbit_tail,0,80970
8277,raccoon,0,1938
8278,raccoon_boy,0,1095
8279,raccoon_ears,0,18584
8280,raccoon_girl,0,9467
8281,raccoon_tail,0,13982
8282,race_bib,0,1168
8283,race_fetishism,0,2030
8284,race_fetishism_symbol,0,1803
8285,race_queen,0,11382
8286,race_vehicle,0,2178
8287,racecar,0,1858
8288,racerback,0,1755
8289,racing,0,890
8290,racing_suit,0,1097
8291,racket,0,3593
8292,radar,0,718
8293,radar_hair_ornament,0,1002
8294,radiation_symbol,0,1353
8295,radio,0,2071
8296,radio_antenna,0,9992
8297,radish,0,1419
8298,raglan_sleeves,0,14301
8299,railgun,0,697
8300,railing,0,31551
8301,railroad_crossing,0,1034
8302,railroad_tracks,0,3285
8303,raimon,0,1583
8304,raimon_soccer_uniform,0,1041
8305,rain,0,44003
8306,rainbow,0,12610
8307,rainbow_background,0,964
8308,rainbow_bikini,0,751
8309,rainbow_gradient,0,2640
8310,rainbow_hair,0,2132
8311,rainbow_order,0,2758
8312,raincoat,0,5916
8313,raised_eyebrow,0,10800
8314,raised_eyebrows,0,40893
8315,raised_fist,0,2638
8316,raised_inner_eyebrows,0,21131
8317,ramen,0,5409
8318,ramune,0,2532
8319,randoseru,0,17838
8320,ranguage,0,10011
8321,rape,0,42651
8322,rape_face,0,729
8323,rapier,0,6488
8324,rash_guard,0,1135
8325,raspberry,0,1200
8326,rattle,0,974
8327,ray_gun,0,1035
8328,rayman_limbs,0,2269
8329,razor,0,765
8330,razor_blade_hair_ornament,0,718
8331,reach-around,0,4180
8332,reaching,0,44700
8333,reaching_towards_another,0,1983
8334,reaching_towards_viewer,0,33589
8335,reading,0,21744
8336,ready_to_draw,0,1785
8337,real_life_insert,0,3522
8338,real_world_location,0,3958
8339,realistic,0,30320
8340,rear-view_mirror,0,601
8341,rearing,0,912
8342,reclining,0,10316
8343,recorder,0,1574
8344,recording,0,11953
8345,rectangular_earrings,0,667
8346,rectangular_eyewear,0,9646
8347,rectangular_halo,0,3942
8348,rectangular_mouth,0,2875
8349,recurring_image,0,927
8350,recursion,0,625
8351,recursive_genderswap,0,644
8352,red-framed_eyewear,0,40837
8353,red-tinted_eyewear,0,6983
8354,red_apron,0,3320
8355,red_armband,0,10334
8356,red_armor,0,6969
8357,red_ascot,0,23061
8358,red_background,0,86856
8359,red_bag,0,6736
8360,red_bandana,0,5616
8361,red_bandeau,0,1457
8362,red_belt,0,10578
8363,red_bikini,0,42737
8364,red_bodysuit,0,14093
8365,red_bonnet,0,780
8366,red_boots,0,24361
8367,red_border,0,2962
8368,red_bow,0,298616
8369,red_bowtie,0,103635
8370,red_bra,0,10333
8371,red_bull,0,733
8372,red_buruma,0,9459
8373,red_butterfly,0,1420
8374,red_buttons,0,801
8375,red_camisole,0,1216
8376,red_cape,0,40300
8377,red_capelet,0,17878
8378,red_car,0,821
8379,red_cardigan,0,2448
8380,red_carpet,0,1304
8381,red_choker,0,23134
8382,red_cloak,0,8010
8383,red_coat,0,22842
8384,red_collar,0,16290
8385,red_corset,0,2068
8386,red_cross,0,3259
8387,red_crown,0,1436
8388,red_dress,0,132135
8389,red_eyeliner,0,17837
8390,red_eyes,0,1639023
8391,red_eyeshadow,0,20444
8392,red_feathers,0,2151
8393,red_feet,0,695
8394,red_flower,0,102722
8395,red_fur,0,5473
8396,red_gem,0,16247
8397,red_gloves,0,61787
8398,red_hair,0,678545
8399,red_hairband,0,36675
8400,red_hakama,0,18651
8401,red_halo,0,33127
8402,red_hands,0,4943
8403,red_hanfu,0,1924
8404,red_haori,0,1389
8405,red_hat,0,80918
8406,red_headband,0,10454
8407,red_headscarf,0,706
8408,red_helmet,0,3575
8409,red_hood,0,4203
8410,red_hoodie,0,6252
8411,red_horns,0,23526
8412,red_jacket,0,85525
8413,red_jumpsuit,0,814
8414,red_kimono,0,25382
8415,red_leotard,0,20804
8416,red_light,0,770
8417,red_lips,0,36229
8418,red_male_swimwear,0,623
8419,red_male_underwear,0,1162
8420,red_mask,0,3503
8421,red_mittens,0,1834
8422,red_moon,0,6010
8423,red_nails,0,80255
8424,red_neckerchief,0,70196
8425,red_necktie,0,108553
8426,red_nose,0,1837
8427,red_one-piece_swimsuit,0,4340
8428,red_oni,0,1284
8429,red_outline,0,2134
8430,red_overalls,0,625
8431,red_panda,0,605
8432,red_panda_ears,0,1076
8433,red_panda_girl,0,734
8434,red_panda_tail,0,811
8435,red_panties,0,18302
8436,red_pants,0,21580
8437,red_pantyhose,0,7761
8438,red_petals,0,3524
8439,red_pubic_hair,0,1065
8440,red_pupils,0,19932
8441,red_ribbon,0,245389
8442,red_robe,0,2437
8443,red_rope,0,7504
8444,red_rose,0,41555
8445,red_sailor_collar,0,8851
8446,red_sandals,0,2931
8447,red_sarong,0,679
8448,red_sash,0,15088
8449,red_scales,0,1288
8450,red_scarf,0,45186
8451,red_sclera,0,9079
8452,red_scrunchie,0,7935
8453,red_shawl,0,1379
8454,red_shirt,0,100553
8455,red_shoes,0,61042
8456,red_shorts,0,20996
8457,red_shrug,0,1182
8458,red_skin,0,17717
8459,red_skirt,0,149832
8460,red_sky,0,4358
8461,red_sleeves,0,12015
8462,red_slingshot_swimsuit,0,675
8463,red_slippers,0,691
8464,red_socks,0,8650
8465,red_sports_bra,0,1688
8466,red_star,0,1200
8467,red_streaks,0,19206
8468,red_suit,0,1810
8469,red_sun,0,792
8470,red_sweater,0,14952
8471,red_sweater_vest,0,896
8472,red_tabard,0,1918
8473,red_tail,0,3438
8474,red_tank_top,0,3474
8475,red_tattoo,0,5407
8476,red_theme,0,13617
8477,red_thighhighs,0,26573
8478,red_track_suit,0,1682
8479,red_trim,0,7817
8480,red_tube_top,0,1071
8481,red_tulip,0,863
8482,red_tunic,0,678
8483,red_umbrella,0,5625
8484,red_veil,0,727
8485,red_vest,0,32456
8486,red_wine,0,1865
8487,red_wings,0,10994
8488,red_wrist_cuffs,0,1286
8489,redesign,0,3630
8490,reference_inset,0,11954
8491,reference_sheet,0,20648
8492,reflection,0,51993
8493,reflection_focus,0,5506
8494,reflective_floor,0,4591
8495,reflective_liquid,0,7139
8496,reflective_surface,0,706
8497,refraction,0,1110
8498,refrigerator,0,3735
8499,regional_and_normal,0,890
8500,rei_no_himo,0,3703
8501,rei_no_pool,0,985
8502,reichsadler,0,620
8503,reindeer,0,1645
8504,reindeer_antlers,0,7176
8505,reindeer_costume,0,2610
8506,reindeer_girl,0,834
8507,reins,0,2801
8508,rejection,0,620
8509,relaxing,0,930
8510,reloading,0,891
8511,remembering,0,1079
8512,remote_control,0,6236
8513,remote_control_vibrator,0,11274
8514,removing_eyewear,0,851
8515,removing_jacket,0,1271
8516,reptile_boy,0,1111
8517,reptile_girl,0,2202
8518,request_inset,0,5138
8519,rerebrace,0,1172
8520,respirator,0,3528
8521,restaurant,0,4881
8522,resting,0,702
8523,restrained,0,63591
8524,retro_artstyle,0,23232
8525,retrofuturism,0,923
8526,revealing_clothes,0,66606
8527,revealing_layer,0,907
8528,reverse_bunnysuit,0,8648
8529,reverse_cowgirl_position,0,10679
8530,reverse_fellatio,0,1446
8531,reverse_grip,0,8138
8532,reverse_netorare,0,722
8533,reverse_nursing_handjob,0,732
8534,reverse_outfit,0,9075
8535,reverse_spitroast,0,1071
8536,reverse_suspended_congress,0,7963
8537,reverse_trap,0,8019
8538,reverse_upright_straddle,0,5662
8539,revolver,0,8720
8540,rhine_lab_logo,0,917
8541,rhodes_island_logo_(arknights),0,1609
8542,rhythmic_gymnastics,0,700
8543,ribbed_bodysuit,0,1676
8544,ribbed_cardigan,0,728
8545,ribbed_dress,0,4587
8546,ribbed_leotard,0,2033
8547,ribbed_shirt,0,7610
8548,ribbed_sleeves,0,2585
8549,ribbed_socks,0,3918
8550,ribbed_sweater,0,45405
8551,ribbed_thighhighs,0,2397
8552,ribbon,0,1358132
8553,ribbon-trimmed_bikini,0,1214
8554,ribbon-trimmed_capelet,0,1014
8555,ribbon-trimmed_clothes,0,2500
8556,ribbon-trimmed_collar,0,3832
8557,ribbon-trimmed_dress,0,2671
8558,ribbon-trimmed_headwear,0,1512
8559,ribbon-trimmed_shirt,0,1053
8560,ribbon-trimmed_skirt,0,5358
8561,ribbon-trimmed_sleeves,0,44619
8562,ribbon-trimmed_socks,0,752
8563,ribbon-trimmed_thighhighs,0,6238
8564,ribbon_as_bra,0,650
8565,ribbon_between_breasts,0,760
8566,ribbon_bondage,0,3049
8567,ribbon_choker,0,15319
8568,ribbon_earrings,0,1004
8569,ribbon_in_braid,0,3096
8570,ribbon_in_mouth,0,2493
8571,ribbon_trim,0,73288
8572,ribs,0,15055
8573,rice,0,11634
8574,rice_bowl,0,3933
8575,rice_cooker,0,606
8576,rice_hat,0,1433
8577,rice_on_face,0,1388
8578,rice_paddy,0,1090
8579,rider_belt,0,2755
8580,riding,0,21629
8581,riding_animal,0,1135
8582,riding_bicycle,0,1400
8583,riding_crop,0,5029
8584,riding_pokemon,0,2287
8585,rifle,0,51145
8586,rigging,0,32330
8587,right-over-left_kimono,0,849
8588,right-to-left_comic,0,1408
8589,rimless_eyewear,0,11228
8590,rina-chan_board,0,858
8591,ring,0,118829
8592,ring-con,0,649
8593,ring_gag,0,1600
8594,ring_hair_extensions,0,3130
8595,ring_hair_ornament,0,2896
8596,ring_light_reflection,0,3938
8597,ring_necklace,0,1184
8598,ring_of_light_(blue_archive),0,681
8599,ring_piercing,0,7452
8600,ringed_eyes,0,34941
8601,ringlets,0,8072
8602,ripples,0,14110
8603,rising_sun_flag,0,1364
8604,rito,0,641
8605,ritual_baton,0,2612
8606,rivalry,0,700
8607,river,0,10088
8608,riverbank,0,796
8609,riyo_(lyomsnpmp)_(style),0,1063
8610,road,0,22202
8611,road_sign,0,8117
8612,roasted_sweet_potato,0,1360
8613,robe,0,61010
8614,robot,0,85718
8615,robot_animal,0,2562
8616,robot_boy,0,713
8617,robot_ears,0,8841
8618,robot_girl,0,7230
8619,robot_joints,0,12502
8620,rock,0,34580
8621,rock_paper_scissors,0,655
8622,rocket,0,1749
8623,rocket_launcher,0,3775
8624,rod,0,612
8625,rod_of_remorse,0,4092
8626,role_reversal,0,2543
8627,roller_coaster,0,673
8628,roller_skates,0,4159
8629,rolling,0,604
8630,rolling_eyes,0,19818
8631,rolling_suitcase,0,2458
8632,romaji_text,0,8004
8633,roman_clothes,0,636
8634,roman_numeral,0,4477
8635,romper,0,5918
8636,rooftop,0,5892
8637,rook_(chess),0,1603
8638,rooster,0,765
8639,roots_(hair),0,6654
8640,rope,0,65187
8641,rope_belt,0,2786
8642,rosary,0,948
8643,rose,0,137852
8644,rose_bush,0,715
8645,rose_petals,0,8346
8646,rose_print,0,8359
8647,roswaal_mansion_maid_uniform,0,5645
8648,rotary_phone,0,2113
8649,rotational_symmetry,0,3121
8650,rough_sex,0,3953
8651,round-bottom_flask,0,2443
8652,round_border,0,3793
8653,round_eyewear,0,68952
8654,round_table,0,2257
8655,round_teeth,0,19277
8656,round_window,0,2286
8657,rounded_collar,0,756
8658,rounded_corners,0,1622
8659,roundel,0,1954
8660,rowboat,0,784
8661,royal_robe,0,604
8662,rpg_(weapon),0,697
8663,rubber_band,0,621
8664,rubber_boots,0,4782
8665,rubber_duck,0,6817
8666,rubber_gloves,0,1639
8667,rubbing,0,692
8668,rubbing_eyes,0,4994
8669,rubble,0,3770
8670,rubik's_cube,0,886
8671,rudder_footwear,0,5352
8672,ruffle_bikini,0,5111
8673,ruffling_hair,0,1617
8674,rug,0,4966
8675,ruining_the_glorious_moment,0,1023
8676,ruins,0,13961
8677,ruler,0,2177
8678,runes,0,2367
8679,running,0,39652
8680,running_bond,0,5083
8681,running_track,0,1519
8682,runny_makeup,0,3039
8683,runny_nose,0,1120
8684,rural,0,1175
8685,russia,0,786
8686,russian_flag,0,814
8687,russian_text,0,3926
8688,russo-ukrainian_war,0,974
8689,rust,0,1199
8690,ruyi_jingu_bang,0,775
8691,ryona,0,3167
8692,ryouou_school_uniform,0,5305
8693,s.e.e.s,0,694
8694,sabaton,0,1197
8695,saber_(fate)_(cosplay),0,602
8696,saber_(weapon),0,1496
8697,sacabambaspis,0,658
8698,sack,0,16447
8699,sad,0,16213
8700,sad_smile,0,1208
8701,saddle,0,1984
8702,sadism,0,1542
8703,safety_glasses,0,1110
8704,safety_pin,0,4519
8705,sagging_breasts,0,9109
8706,sail,0,747
8707,sailboat,0,696
8708,sailor,0,6286
8709,sailor_bikini,0,4231
8710,sailor_collar,0,377772
8711,sailor_collar_lift,0,682
8712,sailor_dress,0,46639
8713,sailor_hat,0,21483
8714,sailor_moon_redraw_challenge_(meme),0,1543
8715,sailor_senshi,0,1346
8716,sailor_senshi_uniform,0,9736
8717,sailor_shirt,0,33865
8718,sailor_swimsuit_(idolmaster),0,1019
8719,sainan_high_school_uniform,0,978
8720,saint_quartz_(fate),0,872
8721,saiyan,0,1532
8722,saiyan_armor,0,1879
8723,sakazuki,0,10428
8724,sake,0,8407
8725,sake_bottle,0,5084
8726,sakugawa_school_uniform,0,1994
8727,sakura_empire_(emblem),0,656
8728,sakura_mochi,0,649
8729,sakuragaoka_high_school_uniform,0,10655
8730,sakuramon,0,2167
8731,salad,0,1476
8732,salaryman,0,2125
8733,saliva,0,139628
8734,saliva_on_penis,0,1542
8735,saliva_trail,0,25672
8736,salmon_run_(splatoon),0,779
8737,salt_shaker,0,633
8738,salute,0,19407
8739,sam_browne_belt,0,1325
8740,same-sex_bathing,0,14018
8741,sample_watermark,0,29250
8742,samurai,0,3641
8743,sanbaka_(nijisanji),0,999
8744,sand,0,32208
8745,sand_castle,0,1482
8746,sand_sculpture,0,1902
8747,sandals,0,137478
8748,sandwich,0,6703
8749,sandwiched,0,11748
8750,sangvis_ferri,0,2975
8751,sanpaku,0,15238
8752,sanshoku_dango,0,3505
8753,santa_bikini,0,4103
8754,santa_costume,0,43807
8755,santa_dress,0,8825
8756,santa_hat,0,46862
8757,sarashi,0,31808
8758,sarong,0,18174
8759,sash,0,184864
8760,satchel,0,3524
8761,satellite_dish,0,757
8762,satin,0,1650
8763,satin_panties,0,1305
8764,saturn_(planet),0,723
8765,sauce,0,1262
8766,saucer,0,12543
8767,sauna,0,1696
8768,saunders_military_uniform,0,1304
8769,saunders_school_uniform,0,895
8770,saury,0,809
8771,sausage,0,2480
8772,saw,0,2218
8773,saxophone,0,704
8774,sayagata,0,1097
8775,scabbard,0,17114
8776,scale_armor,0,1252
8777,scales,0,23848
8778,scalpel,0,1173
8779,scanlines,0,967
8780,scar,0,154746
8781,scar_across_eye,0,37320
8782,scar_across_eyebrow,0,681
8783,scar_on_arm,0,12328
8784,scar_on_back,0,1482
8785,scar_on_breast,0,741
8786,scar_on_cheek,0,22907
8787,scar_on_chest,0,11152
8788,scar_on_face,0,97142
8789,scar_on_forehead,0,5993
8790,scar_on_hand,0,2272
8791,scar_on_leg,0,3567
8792,scar_on_mouth,0,2952
8793,scar_on_neck,0,4800
8794,scar_on_nose,0,8293
8795,scar_on_shoulder,0,1930
8796,scar_on_stomach,0,4002
8797,scar_on_tail,0,1164
8798,scared,0,19628
8799,scarf,0,265645
8800,scarf_bow,0,694
8801,scarf_over_mouth,0,2082
8802,scarlet_devil_mansion,0,2113
8803,scars_all_over,0,1363
8804,scene_reference,0,12658
8805,scenery,0,70022
8806,scepter,0,3787
8807,school,0,8135
8808,school_bag,0,40393
8809,school_briefcase,0,2234
8810,school_chair,0,10150
8811,school_desk,0,22873
8812,school_emblem,0,5059
8813,school_gym,0,990
8814,school_hat,0,3896
8815,school_of_fish,0,1004
8816,school_swimsuit,0,72049
8817,school_uniform,0,985859
8818,science_babies,0,818
8819,science_fiction,0,54963
8820,scientist,0,622
8821,scissor_blade_(kill_la_kill),0,2348
8822,scissorhold,0,712
8823,scissors,0,12947
8824,scolding,0,770
8825,scoop_neck,0,1146
8826,scooter,0,2332
8827,scope,0,6593
8828,scorpion_tail,0,808
8829,scouter,0,1231
8830,scowl,0,6036
8831,scratches,0,5190
8832,scratching,0,790
8833,scratching_cheek,0,1272
8834,scratching_head,0,1343
8835,screaming,0,4827
8836,screen,0,3258
8837,screen_light,0,1061
8838,screenshot_background,0,1925
8839,screenshot_inset,0,5403
8840,screentones,0,5013
8841,screw,0,2513
8842,screw_hair_ornament,0,1212
8843,screw_in_head,0,922
8844,screwdriver,0,1941
8845,scribble_censor,0,2104
8846,scroll,0,11657
8847,scrunchie,0,100038
8848,sculpture,0,636
8849,scylla,0,1368
8850,scythe,0,19794
8851,seagull,0,6442
8852,seal_(animal),0,1647
8853,seal_impression,0,1449
8854,seamed_legwear,0,3691
8855,seaplane,0,693
8856,searchlight,0,1224
8857,seashell,0,5073
8858,season_connection,0,1009
8859,seatbelt,0,1586
8860,seaweed,0,1949
8861,seductive_smile,0,14111
8862,see-through_babydoll,0,655
8863,see-through_bikini,0,942
8864,see-through_body,0,3150
8865,see-through_bodysuit,0,740
8866,see-through_bra,0,714
8867,see-through_cleavage,0,12219
8868,see-through_clothes,0,199826
8869,see-through_curtains,0,1157
8870,see-through_dress,0,8323
8871,see-through_dress_layer,0,686
8872,see-through_gloves,0,703
8873,see-through_hair,0,673
8874,see-through_jacket,0,2912
8875,see-through_legwear,0,3450
8876,see-through_leotard,0,4610
8877,see-through_mask,0,611
8878,see-through_one-piece_swimsuit,0,984
8879,see-through_panties,0,1330
8880,see-through_pantyhose,0,601
8881,see-through_sarong,0,1345
8882,see-through_shawl,0,892
8883,see-through_shirt,0,17701
8884,see-through_silhouette,0,7085
8885,see-through_skirt,0,5473
8886,see-through_skirt_layer,0,670
8887,see-through_sleeves,0,18014
8888,see-through_thighhighs,0,962
8889,see-through_veil,0,5777
8890,seed,0,887
8891,segmented_comic,0,5084
8892,seigaiha,0,3452
8893,seikan_hikou,0,602
8894,seiren_academy_school_uniform,0,793
8895,seisho_music_academy_school_uniform,0,931
8896,seishou_elementary_school_uniform,0,742
8897,seiza,0,46914
8898,selection_university_military_uniform,0,676
8899,self-harm,0,2205
8900,self-harm_scar,0,1572
8901,self_cosplay,0,1803
8902,self_hug,0,1270
8903,self_wedgie,0,1866
8904,selfcest,0,3991
8905,selfie,0,29204
8906,selfie_stick,0,1092
8907,semi-rimless_eyewear,0,59830
8908,senbei,0,890
8909,senkou_hanabi,0,833
8910,separated_legs,0,741
8911,sepia,0,9923
8912,sequential,0,1969
8913,serafuku,0,370484
8914,seraph,0,912
8915,serasuku,0,674
8916,serious,0,37025
8917,setsubun,0,2904
8918,sett,0,657
8919,severed_arm,0,811
8920,severed_hair,0,955
8921,severed_head,0,2939
8922,severed_limb,0,1522
8923,sewing,0,1269
8924,sewing_needle,0,1140
8925,sex,0,341941
8926,sex_from_behind,0,86581
8927,sex_machine,0,2961
8928,sex_toy,0,67379
8929,sextuplets,0,901
8930,sexual_coaching,0,978
8931,sexual_harassment,0,657
8932,sexualized_chibi,0,692
8933,sexually_suggestive,0,15441
8934,shackles,0,14351
8935,shade,0,21129
8936,shaded_face,0,75047
8937,shading_eyes,0,4047
8938,shadow,0,152481
8939,shaft_look,0,698
8940,shaking,0,2174
8941,shaking_head,0,843
8942,shako_cap,0,4480
8943,shakujou,0,845
8944,shallow_water,0,2873
8945,shamisen,0,656
8946,shamoji,0,953
8947,shampoo_bottle,0,1073
8948,shaped_lollipop,0,758
8949,shaped_pubic_hair,0,845
8950,shards,0,2623
8951,shared_bathing,0,22773
8952,shared_blanket,0,952
8953,shared_clothes,0,4352
8954,shared_earphones,0,1218
8955,shared_food,0,2236
8956,shared_object_insertion,0,1063
8957,shared_scarf,0,3354
8958,shared_speech_bubble,0,2045
8959,shared_umbrella,0,2894
8960,sharing_food,0,878
8961,sharingan,0,1200
8962,shark,0,4899
8963,shark_boy,0,708
8964,shark_costume,0,2202
8965,shark_fin,0,1078
8966,shark_girl,0,14092
8967,shark_hair_ornament,0,5254
8968,shark_hood,0,3145
8969,shark_print,0,867
8970,shark_tail,0,18594
8971,sharp_fingernails,0,32387
8972,sharp_tail,0,2273
8973,sharp_teeth,0,112964
8974,sharp_toenails,0,2159
8975,shaved_head,0,718
8976,shaved_ice,0,4459
8977,shawl,0,35399
8978,sheath,0,64342
8979,sheathed,0,33315
8980,sheep,0,6468
8981,sheep_costume,0,706
8982,sheep_ears,0,6501
8983,sheep_girl,0,6554
8984,sheep_horns,0,12309
8985,sheep_tail,0,1040
8986,sheet_ghost,0,1403
8987,sheet_grab,0,12050
8988,sheet_music,0,2666
8989,sheikah,0,1504
8990,shelf,0,11710
8991,shell,0,15092
8992,shell_bikini,0,2079
8993,shell_casing,0,4542
8994,shell_earrings,0,799
8995,shell_hair_ornament,0,1942
8996,shell_necklace,0,2003
8997,sheriff_badge,0,750
8998,shiba_inu,0,2591
8999,shibari,0,21913
9000,shibari_over_clothes,0,6973
9001,shibari_under_clothes,0,623
9002,shide,0,6201
9003,shield,0,35574
9004,shield_on_back,0,1319
9005,shihakusho,0,1127
9006,shikigami,0,2071
9007,shikishi,0,6721
9008,shimaidon_(sex),0,2586
9009,shimakaze_(kancolle)_(cosplay),0,4182
9010,shimenawa,0,16144
9011,shimokitazawa_high_school_uniform,0,1535
9012,shin_guards,0,2538
9013,shinai,0,1592
9014,shinda_sekai_sensen_uniform,0,1929
9015,shindan_maker,0,775
9016,shinigami,0,972
9017,shinsengumi,0,2502
9018,shiny,0,4696
9019,shiny_and_normal,0,1971
9020,shiny_clothes,0,30881
9021,shiny_eyes,0,895
9022,shiny_legwear,0,1809
9023,shiny_pokemon,0,12035
9024,shiny_skin,0,147495
9025,shiny_swimsuit,0,1556
9026,ship,0,7972
9027,ship's_wheel,0,611
9028,ship_turret,0,21007
9029,shippou_(pattern),0,1027
9030,shiromuku,0,769
9031,shirt,0,2647825
9032,shirt_around_waist,0,1203
9033,shirt_bow,0,1107
9034,shirt_in_mouth,0,2455
9035,shirt_lift,0,101197
9036,shirt_overhang,0,1652
9037,shirt_partially_removed,0,1158
9038,shirt_partially_tucked_in,0,1351
9039,shirt_pull,0,8811
9040,shirt_tucked_in,0,51670
9041,shirt_tug,0,4716
9042,shirt_under_dress,0,1942
9043,shirt_under_shirt,0,2511
9044,shirt_under_sweater,0,1149
9045,shish_kebab,0,712
9046,shochuumimai,0,617
9047,shoe_dangle,0,4332
9048,shoe_soles,0,17223
9049,shoelaces,0,3728
9050,shoes,0,774334
9051,shogi,0,802
9052,shooting_star,0,7706
9053,shop,0,7581
9054,shopping,0,1951
9055,shopping_bag,0,9885
9056,shopping_basket,0,834
9057,shopping_cart,0,1461
9058,shore,0,7867
9059,short-sleeved_jacket,0,2982
9060,short-sleeved_sweater,0,1827
9061,short_bangs,0,6766
9062,short_braid,0,911
9063,short_dress,0,121568
9064,short_eyebrows,0,37525
9065,short_hair,0,2893448
9066,short_hair_with_long_locks,0,62484
9067,short_jumpsuit,0,2237
9068,short_kimono,0,16892
9069,short_necktie,0,13086
9070,short_over_long_sleeves,0,21266
9071,short_ponytail,0,45409
9072,short_shorts,0,180115
9073,short_side_ponytail,0,2165
9074,short_sideburns,0,962
9075,short_sleeves,0,832922
9076,short_sword,0,3639
9077,short_tail,0,2622
9078,short_twintails,0,80279
9079,short_yukata,0,700
9080,shorts,0,602428
9081,shorts_around_one_leg,0,1579
9082,shorts_aside,0,791
9083,shorts_pull,0,9401
9084,shorts_tan,0,901
9085,shorts_under_dress,0,2815
9086,shorts_under_skirt,0,12901
9087,shortstack,0,5263
9088,shot_glass,0,767
9089,shota,0,27482
9090,shotgun,0,7273
9091,shotgun_shell,0,1328
9092,shouji,0,6667
9093,shoujo_kitou-chuu,0,832
9094,shoulder_armor,0,94664
9095,shoulder_bag,0,45057
9096,shoulder_belt,0,3567
9097,shoulder_blades,0,18482
9098,shoulder_blush,0,2524
9099,shoulder_boards,0,5608
9100,shoulder_cannon,0,1966
9101,shoulder_carry,0,4138
9102,shoulder_cutout,0,32865
9103,shoulder_freckles,0,699
9104,shoulder_guard,0,1157
9105,shoulder_holster,0,2060
9106,shoulder_pads,0,11507
9107,shoulder_patch,0,938
9108,shoulder_peek,0,3047
9109,shoulder_plates,0,1074
9110,shoulder_sash,0,2891
9111,shoulder_spikes,0,6427
9112,shoulder_strap,0,3846
9113,shoulder_tattoo,0,23309
9114,shout_lines,0,913
9115,shouting,0,11966
9116,shovel,0,5412
9117,shower_(place),0,3732
9118,shower_head,0,4660
9119,showering,0,6033
9120,showgirl_skirt,0,14298
9121,shrimp,0,4534
9122,shrimp_tempura,0,1833
9123,shrine,0,5916
9124,shrug_(clothing),0,40707
9125,shrugging,0,1259
9126,shuangyaji,0,1106
9127,shuka_high_school_uniform,0,2423
9128,shuriken,0,3908
9129,shuriken_hair_ornament,0,911
9130,shushing,0,10778
9131,shuuchiin_academy_school_uniform,0,2821
9132,shuujin_academy_school_uniform,0,2019
9133,shy,0,13186
9134,siblings,0,149865
9135,sick,0,2116
9136,sickle,0,1297
9137,side-by-side,0,14804
9138,side-tie_bikini_bottom,0,115860
9139,side-tie_dress,0,735
9140,side-tie_leotard,0,3749
9141,side-tie_panties,0,46444
9142,side-tie_peek,0,1875
9143,side-tie_shirt,0,711
9144,side-tie_skirt,0,761
9145,side-tie_swimsuit,0,836
9146,side_ahoge,0,3599
9147,side_braid,0,77971
9148,side_braids,0,16682
9149,side_cape,0,5052
9150,side_cutout,0,7819
9151,side_drill,0,2497
9152,side_part,0,3750
9153,side_ponytail,0,221387
9154,side_slit,0,55222
9155,side_slit_shorts,0,2026
9156,side_up_bun,0,4544
9157,side_up_ring,0,1099
9158,sideboob,0,146809
9159,sideboob_cutout,0,719
9160,sideburns,0,36184
9161,sideburns_stubble,0,3701
9162,sidecut,0,2682
9163,sideless_dress,0,2517
9164,sideless_kimono,0,2919
9165,sideless_outfit,0,6751
9166,sideless_shirt,0,2395
9167,sidelighting,0,11513
9168,sidelocks,0,854507
9169,sidelocks_tied_back,0,1423
9170,sidepec,0,2962
9171,sidesaddle,0,2175
9172,sidewalk,0,2530
9173,sideways,0,5530
9174,sideways_glance,0,43954
9175,sideways_hat,0,1824
9176,sideways_mouth,0,9621
9177,sig_556,0,671
9178,sig_mpx,0,630
9179,sig_sauer,0,3063
9180,sigh,0,4192
9181,sign,0,32823
9182,sign_around_neck,0,615
9183,signature,0,403242
9184,signpost,0,862
9185,silent_comic,0,26234
9186,silhouette,0,21265
9187,silk,0,7718
9188,silver_armlet,0,668
9189,silver_bracelet,0,955
9190,silver_dress,0,1209
9191,silver_earrings,0,850
9192,silver_hairband,0,713
9193,silver_necklace,0,850
9194,silver_skin,0,1131
9195,silver_trim,0,2049
9196,simple_background,0,2586632
9197,simple_bird,0,2919
9198,simplified_chinese_text,0,2923
9199,simulacrum_(titanfall),0,614
9200,simulated_fellatio,0,1450
9201,singing,0,14678
9202,single-shoulder_dress,0,1351
9203,single-shoulder_shirt,0,1169
9204,single_arm_warmer,0,2069
9205,single_bang,0,765
9206,single_bare_arm,0,953
9207,single_bare_foot,0,2420
9208,single_bare_leg,0,1654
9209,single_bare_shoulder,0,31342
9210,single_blush_sticker,0,1695
9211,single_boot,0,1646
9212,single_braid,0,169057
9213,single_braided_sidelock,0,2773
9214,single_breast_curtain,0,3047
9215,single_bridal_gauntlet,0,1723
9216,single_detached_sleeve,0,9173
9217,single_drill,0,892
9218,single_ear_cover,0,9735
9219,single_earphone_removed,0,600
9220,single_earring,0,65171
9221,single_elbow_glove,0,10194
9222,single_elbow_pad,0,889
9223,single_epaulette,0,2837
9224,single_fingerless_glove,0,6323
9225,single_fishnet_legwear,0,1462
9226,single_garter_strap,0,2784
9227,single_gauntlet,0,4594
9228,single_glove,0,54324
9229,single_hair_bun,0,86746
9230,single_hair_intake,0,11996
9231,single_hair_ring,0,6469
9232,single_hair_streak,0,7217
9233,single_hair_tube,0,4380
9234,single_half_glove,0,896
9235,single_head_wing,0,1590
9236,single_horizontal_stripe,0,2465
9237,single_horn,0,47821
9238,single_knee_boot,0,791
9239,single_knee_pad,0,1662
9240,single_kneehigh,0,5555
9241,single_leg_pantyhose,0,11639
9242,single_mechanical_arm,0,10466
9243,single_mechanical_eye,0,1201
9244,single_mechanical_hand,0,1042
9245,single_off_shoulder,0,10206
9246,single_over-kneehigh,0,633
9247,single_pantsleg,0,3492
9248,single_pauldron,0,9948
9249,single_sandal,0,813
9250,single_shoe,0,10367
9251,single_shoulder_pad,0,2243
9252,single_side_bun,0,36176
9253,single_sidelock,0,16602
9254,single_sleeve,0,8803
9255,single_sleeve_past_fingers,0,858
9256,single_sock,0,12357
9257,single_sode,0,791
9258,single_strap,0,2879
9259,single_stripe,0,2908
9260,single_tear,0,1739
9261,single_thigh_boot,0,2254
9262,single_thighhigh,0,76349
9263,single_unworn_glove,0,625
9264,single_vambrace,0,615
9265,single_vertical_stripe,0,3128
9266,single_wing,0,12385
9267,single_wrist_cuff,0,2381
9268,singlet,0,768
9269,sink,0,4989
9270,sinking,0,800
9271,siren_(azur_lane),0,856
9272,sisters,0,86727
9273,sitting,0,1212328
9274,sitting_backwards,0,1473
9275,sitting_in_tree,0,2879
9276,sitting_on_animal,0,821
9277,sitting_on_branch,0,1327
9278,sitting_on_face,0,4802
9279,sitting_on_lap,0,16665
9280,sitting_on_object,0,2605
9281,sitting_on_person,0,31508
9282,sitting_on_shoulder,0,1271
9283,sitting_on_stairs,0,3540
9284,sitting_on_table,0,1631
9285,sitting_on_water,0,827
9286,sitting_sideways,0,1078
9287,sitting_split,0,626
9288,sixteenth_note,0,1090
9289,size_difference,0,28683
9290,skateboard,0,2882
9291,skateboarding,0,758
9292,skates,0,6448
9293,skating,0,1069
9294,skeletal_arm,0,951
9295,skeletal_hand,0,955
9296,skeletal_wings,0,895
9297,skeleton,0,12193
9298,skeleton_print,0,1642
9299,sketch,0,183082
9300,sketch_background,0,911
9301,sketchbook,0,3840
9302,skewer,0,4573
9303,ski_goggles,0,1375
9304,skin-covered_horns,0,19113
9305,skin_fang,0,93215
9306,skin_fangs,0,6126
9307,skin_tight,0,49312
9308,skindentation,0,150269
9309,skinny,0,10251
9310,skinny_dipping,0,730
9311,skirt,0,2011347
9312,skirt_around_one_leg,0,3180
9313,skirt_basket,0,1258
9314,skirt_bow,0,2233
9315,skirt_caught_on_object,0,664
9316,skirt_cutout,0,1836
9317,skirt_flip,0,1359
9318,skirt_lift,0,88673
9319,skirt_peek,0,785
9320,skirt_pull,0,10814
9321,skirt_set,0,59879
9322,skirt_suit,0,5341
9323,skirt_tug,0,4293
9324,skirt_under_dress,0,1969
9325,skull,0,32664
9326,skull_and_crossbones,0,4646
9327,skull_belt,0,706
9328,skull_earrings,0,3264
9329,skull_hair_ornament,0,11418
9330,skull_hat_ornament,0,934
9331,skull_mask,0,2891
9332,skull_necklace,0,1634
9333,skull_on_head,0,1275
9334,skull_ornament,0,2281
9335,skull_print,0,4515
9336,sky,0,566377
9337,sky_focus,0,1096
9338,sky_lantern,0,1121
9339,sky_print,0,1048
9340,skyline,0,3565
9341,skyscraper,0,10459
9342,slap_mark,0,3876
9343,slapping,0,2156
9344,slashing,0,1939
9345,slave,0,5225
9346,sledgehammer,0,644
9347,sleep_mask,0,4659
9348,sleep_molestation,0,4031
9349,sleeping,0,93098
9350,sleeping_bag,0,693
9351,sleeping_on_person,0,4229
9352,sleeping_upright,0,3998
9353,sleepwear,0,6158
9354,sleepy,0,12197
9355,sleeve_bow,0,6091
9356,sleeve_cuffs,0,26217
9357,sleeve_garter,0,4423
9358,sleeve_ribbon,0,3324
9359,sleeve_rolled_up,0,920
9360,sleeved_leotard,0,2173
9361,sleeveless,0,578702
9362,sleeveless_bodysuit,0,2020
9363,sleeveless_coat,0,3010
9364,sleeveless_dress,0,210294
9365,sleeveless_hoodie,0,2875
9366,sleeveless_jacket,0,13790
9367,sleeveless_kimono,0,9172
9368,sleeveless_shirt,0,208715
9369,sleeveless_shrug,0,643
9370,sleeveless_sweater,0,7233
9371,sleeveless_turtleneck,0,21679
9372,sleeves_past_fingers,0,70265
9373,sleeves_past_wrists,0,218973
9374,sleeves_pushed_up,0,5724
9375,sleeves_rolled_up,0,54276
9376,sleigh,0,873
9377,slice_of_life,0,10922
9378,slide,0,838
9379,sliding,0,641
9380,sliding_doors,0,14039
9381,slim_legs,0,1126
9382,slime_(creature),0,5331
9383,slime_(substance),0,9285
9384,slime_girl,0,5126
9385,sling_bikini_top,0,1515
9386,slingshot_swimsuit,0,14760
9387,slippers,0,21059
9388,slit_pupils,0,85604
9389,slouching,0,953
9390,slug,0,842
9391,slug_girl,0,612
9392,slytherin,0,756
9393,small_breasts,0,655396
9394,small_chastity_cage,0,1086
9395,small_dragon,0,1124
9396,small_horns,0,6606
9397,small_nipples,0,797
9398,small_penis,0,6013
9399,small_sweatdrop,0,11119
9400,smalldom,0,1455
9401,smartphone,0,108605
9402,smartphone_case,0,1155
9403,smeared_lipstick,0,939
9404,smegma,0,973
9405,smell,0,5484
9406,smelling,0,6424
9407,smelling_clothes,0,1312
9408,smelling_flower,0,756
9409,smelling_penis,0,983
9410,smile,0,3822036
9411,smiley_face,0,3819
9412,smirk,0,34220
9413,smock,0,691
9414,smoke,0,54169
9415,smoke_trail,0,3276
9416,smokestack,0,5328
9417,smokestack_hair_ornament,0,1779
9418,smoking,0,31570
9419,smoking_barrel,0,1890
9420,smoking_pipe,0,12611
9421,smoking_pipe_in_mouth,0,686
9422,smug,0,31464
9423,snack,0,1798
9424,snail,0,2194
9425,snake,0,29391
9426,snake_earrings,0,1665
9427,snake_girl,0,2387
9428,snake_hair,0,2473
9429,snake_hair_ornament,0,17210
9430,snake_print,0,1212
9431,snake_tail,0,5791
9432,snake_tattoo,0,1013
9433,snap-fit_buckle,0,3012
9434,snapchat,0,730
9435,snapping_fingers,0,706
9436,sneakers,0,88727
9437,sneezing,0,1379
9438,sniper_rifle,0,11103
9439,snorkel,0,2052
9440,snot,0,5389
9441,snout,0,9531
9442,snow,0,52102
9443,snow_globe,0,1075
9444,snow_leopard_boy,0,905
9445,snow_leopard_ears,0,2731
9446,snow_leopard_girl,0,1272
9447,snow_leopard_tail,0,1934
9448,snow_on_head,0,880
9449,snow_rabbit,0,1290
9450,snow_strawberry_(idolmaster),0,697
9451,snowball,0,2076
9452,snowball_fight,0,616
9453,snowboard,0,734
9454,snowflake_background,0,1438
9455,snowflake_hair_ornament,0,4737
9456,snowflake_print,0,5245
9457,snowflakes,0,17361
9458,snowing,0,35031
9459,snowman,0,8078
9460,so_moe_i'm_gonna_die!,0,731
9461,soaking_feet,0,11738
9462,soap,0,2711
9463,soap_bottle,0,1291
9464,soap_bubbles,0,7908
9465,soap_censor,0,1968
9466,soba,0,777
9467,sobbing,0,821
9468,sobu_high_school_uniform,0,1854
9469,soccer,0,1649
9470,soccer_ball,0,4207
9471,soccer_uniform,0,5601
9472,social_network,0,633
9473,sock_pull,0,862
9474,socks,0,530750
9475,socks_over_pantyhose,0,697
9476,soda,0,2427
9477,soda_bottle,0,2189
9478,soda_can,0,5779
9479,sode,0,5006
9480,soft_serve,0,1305
9481,soldier,0,6015
9482,soles,0,137067
9483,solid_circle_eyes,0,10568
9484,solid_circle_pupils,0,1586
9485,solid_eyes,0,3296
9486,solid_oval_eyes,0,12906
9487,solo,0,6498180
9488,solo_focus,0,453533
9489,sombrero,0,616
9490,song_name,0,6352
9491,songover,0,720
9492,sophist's_robe_(ff14),0,1271
9493,sorcerer's_sutra_scroll,0,1770
9494,sos_brigade,0,627
9495,soul_gem,0,6017
9496,sound_effects,0,45021
9497,sound_effects_only,0,824
9498,sounding,0,978
9499,soup,0,2497
9500,source_quote,0,912
9501,souryuu_asuka_langley_(cosplay),0,833
9502,soviet,0,1257
9503,soviet_army,0,627
9504,soy_sauce,0,885
9505,space,0,22261
9506,space_helmet,0,4628
9507,space_print,0,1153
9508,spacecraft,0,6827
9509,spacecraft_interior,0,892
9510,spacesuit,0,7047
9511,spade_(shape),0,6517
9512,spade_hair_ornament,0,1165
9513,spade_tattoo,0,791
9514,spaghetti,0,1746
9515,spaghetti_strap,0,31897
9516,spandex,0,3135
9517,spanish_text,0,1984
9518,spanked,0,5952
9519,spanking,0,3082
9520,sparkle,0,211198
9521,sparkle_background,0,6257
9522,sparkle_hair_ornament,0,1516
9523,sparkle_print,0,1991
9524,sparkler,0,3634
9525,sparkling_aura,0,2615
9526,sparkling_eyes,0,16859
9527,sparks,0,3745
9528,sparrow,0,1405
9529,sparse_arm_hair,0,848
9530,sparse_chest_hair,0,1964
9531,sparse_leg_hair,0,739
9532,sparse_navel_hair,0,818
9533,sparse_pubic_hair,0,5903
9534,sparse_stubble,0,1618
9535,spasm,0,719
9536,spatula,0,4511
9537,speaker,0,5247
9538,speaking_tube_headset,0,622
9539,spear,0,28561
9540,spear_the_gungnir,0,2354
9541,special_feeling_(meme),0,681
9542,species_connection,0,992
9543,speech_bubble,0,447862
9544,speed_lines,0,13260
9545,spell_card,0,1617
9546,sperm_cell,0,2468
9547,sphere_earrings,0,8295
9548,sphere_hair_ornament,0,15505
9549,spider,0,3531
9550,spider_girl,0,3150
9551,spider_lily,0,8053
9552,spider_print,0,1137
9553,spider_web,0,7158
9554,spider_web_print,0,6112
9555,spiked_anklet,0,755
9556,spiked_armlet,0,3354
9557,spiked_armor,0,1028
9558,spiked_ball_and_chain,0,753
9559,spiked_belt,0,1077
9560,spiked_boots,0,916
9561,spiked_bracelet,0,14709
9562,spiked_choker,0,3999
9563,spiked_club,0,2447
9564,spiked_collar,0,17147
9565,spiked_ear_piercing,0,1949
9566,spiked_gauntlets,0,778
9567,spiked_gloves,0,648
9568,spiked_hair,0,97912
9569,spiked_hairband,0,2104
9570,spiked_halo,0,2866
9571,spiked_headband,0,887
9572,spiked_helmet,0,864
9573,spiked_jacket,0,1430
9574,spiked_mace,0,697
9575,spiked_pauldrons,0,1489
9576,spiked_penis,0,680
9577,spiked_shell,0,2256
9578,spiked_tail,0,2630
9579,spikes,0,61035
9580,spill,0,5076
9581,spilling,0,3993
9582,spine,0,2976
9583,spines,0,1192
9584,spinning,0,2266
9585,spiral,0,1124
9586,spiral-only_eyes,0,848
9587,spirit,0,2969
9588,spirit_blossom_(league_of_legends),0,778
9589,spit_take,0,1636
9590,spitroast,0,6087
9591,spitting,0,2816
9592,splashing,0,12115
9593,splatter,0,1557
9594,splatter_background,0,656
9595,splattershot_(splatoon),0,1219
9596,split,0,14840
9597,split-color_clothes,0,819
9598,split-color_hair,0,27959
9599,split_mouth,0,34567
9600,split_ponytail,0,3016
9601,split_screen,0,2707
9602,split_theme,0,2273
9603,spoiler_(automobile),0,1857
9604,spoken_anger_vein,0,7231
9605,spoken_animal,0,783
9606,spoken_blush,0,10420
9607,spoken_character,0,6202
9608,spoken_ellipsis,0,50189
9609,spoken_emoji,0,711
9610,spoken_exclamation_mark,0,19026
9611,spoken_expression,0,1813
9612,spoken_flying_sweatdrops,0,650
9613,spoken_food,0,1927
9614,spoken_heart,0,71486
9615,spoken_interrobang,0,7387
9616,spoken_musical_note,0,12170
9617,spoken_object,0,3187
9618,spoken_question_mark,0,28619
9619,spoken_squiggle,0,7524
9620,spoken_sweatdrop,0,3584
9621,spoken_x,0,901
9622,spoken_zzz,0,1057
9623,sponge,0,2133
9624,spoon,0,32679
9625,spooning,0,3010
9626,spork,0,814
9627,sports_bikini,0,3329
9628,sports_bra,0,46348
9629,sports_bra_lift,0,1337
9630,sports_car,0,3509
9631,sports_festival,0,715
9632,sports_panties,0,1647
9633,sports_utility_vehicle,0,685
9634,sportswear,0,30571
9635,spot_color,0,57540
9636,spotlight,0,8314
9637,spots,0,629
9638,spotted_fur,0,608
9639,spray_bottle,0,899
9640,spray_can,0,2397
9641,spray_paint,0,871
9642,spraying,0,704
9643,spread_anus,0,7716
9644,spread_armpit,0,976
9645,spread_arms,0,26094
9646,spread_ass,0,6855
9647,spread_fingers,0,5133
9648,spread_legs,0,320048
9649,spread_navel,0,887
9650,spread_pussy,0,37870
9651,spread_pussy_under_clothes,0,2751
9652,spread_toes,0,6671
9653,spread_wings,0,3305
9654,spreader_bar,0,1566
9655,spreading_another's_anus,0,1174
9656,spreading_another's_pussy,0,4378
9657,spreading_own_anus,0,1510
9658,spreading_own_pussy,0,20242
9659,spring_(season),0,3675
9660,spring_onion,0,7938
9661,sprinkles,0,1707
9662,sprite,0,3401
9663,sprout,0,859
9664,spurs,0,898
9665,square,0,1160
9666,square-end_necktie,0,2782
9667,square_4koma,0,4231
9668,square_neckline,0,2694
9669,square_pupils,0,1182
9670,squat_toilet,0,771
9671,squatting,0,116045
9672,squatting_cowgirl_position,0,9951
9673,squeans,0,15414
9674,squeezing,0,1050
9675,squid,0,2624
9676,squidbeak_splatoon,0,1156
9677,squiggle,0,22230
9678,squinting,0,2290
9679,squirrel,0,3812
9680,squirrel_ears,0,5941
9681,squirrel_girl,0,5144
9682,squirrel_tail,0,5560
9683,st._chronica_academy_school_uniform,0,916
9684,st._gloriana's_(emblem),0,1306
9685,st._gloriana's_military_uniform,0,2640
9686,st._gloriana's_school_uniform,0,3075
9687,st._theresa's_girls_academy_school_uniform,0,910
9688,stab,0,3199
9689,stacking,0,874
9690,stadium,0,2762
9691,staff,0,76381
9692,staff_of_selection_(fate),0,646
9693,stage,0,8495
9694,stage_connection,0,616
9695,stage_curtains,0,977
9696,stage_lights,0,6192
9697,stahlhelm,0,920
9698,stain,0,1578
9699,stained_clothes,0,1267
9700,stained_glass,0,5612
9701,stained_panties,0,2684
9702,stained_sheets,0,1175
9703,stairs,0,33703
9704,stalk_in_mouth,0,2110
9705,stamp_mark,0,788
9706,stand_(jojo),0,7556
9707,standard_bearer,0,964
9708,standing,0,1224680
9709,standing_cunnilingus,0,673
9710,standing_missionary,0,631
9711,standing_on_liquid,0,3383
9712,standing_on_one_leg,0,115694
9713,standing_sex,0,19672
9714,standing_split,0,12345
9715,stapler,0,705
9716,star-shaped_eyewear,0,1574
9717,star-shaped_pupils,0,30058
9718,star_(sky),0,78892
9719,star_(symbol),0,329274
9720,star_balloon,0,1098
9721,star_brooch,0,3599
9722,star_choker,0,4295
9723,star_earrings,0,18975
9724,star_facial_mark,0,4220
9725,star_guardian_(league_of_legends),0,1249
9726,star_hair_ornament,0,49486
9727,star_halo,0,6754
9728,star_hat_ornament,0,12815
9729,star_in_eye,0,12783
9730,star_necklace,0,4139
9731,star_of_david,0,1628
9732,star_of_life,0,603
9733,star_ornament,0,2965
9734,star_pasties,0,1747
9735,star_print,0,20912
9736,star_print_bikini,0,882
9737,star_sticker,0,3232
9738,star_symbol_background,0,10071
9739,star_tattoo,0,2208
9740,star_trail,0,665
9741,star_wand,0,1338
9742,starfighter,0,737
9743,starfish,0,8489
9744,starfish_hair_ornament,0,1347
9745,staring,0,5921
9746,starlight_academy_school_uniform,0,1179
9747,starry_hair,0,1423
9748,starry_sky,0,49158
9749,starry_sky_background,0,3529
9750,starry_sky_print,0,4469
9751,starter_pokemon_trio,0,3592
9752,starting_future_(umamusume),0,1213
9753,stasis_tank,0,673
9754,static,0,921
9755,stationary_restraints,0,4030
9756,stats,0,1393
9757,statue,0,8473
9758,steak,0,1580
9759,stealth_sex,0,2163
9760,steam,0,69118
9761,steam_censor,0,3807
9762,steam_from_mouth,0,608
9763,steam_locomotive,0,804
9764,steamed_bun,0,6156
9765,steaming_body,0,38032
9766,steaming_cup,0,883
9767,steampunk,0,1976
9768,steepled_fingers,0,10134
9769,steering_wheel,0,4447
9770,step-siblings,0,1192
9771,stepped_on,0,3000
9772,steppee_focus,0,607
9773,stethoscope,0,4968
9774,stick,0,8238
9775,stick_figure,0,611
9776,stick_poster,0,600
9777,sticker,0,11433
9778,sticker_(medium),0,2805
9779,sticker_on_face,0,4819
9780,sticky_note,0,1713
9781,stiff_tail,0,735
9782,stile_uniform,0,811
9783,stiletto_(weapon),0,1139
9784,stiletto_heels,0,4631
9785,still_life,0,9301
9786,stirring,0,702
9787,stirrup_footwear,0,1405
9788,stirrup_legwear,0,13589
9789,stitched_arm,0,2008
9790,stitched_face,0,5104
9791,stitched_leg,0,1102
9792,stitched_mouth,0,1805
9793,stitched_neck,0,1208
9794,stitched_torso,0,1380
9795,stitches,0,17721
9796,stocks,0,831
9797,stole,0,3657
9798,stomach,0,377762
9799,stomach_bulge,0,14073
9800,stomach_cutout,0,7351
9801,stomach_growling,0,845
9802,stomach_tattoo,0,8726
9803,stomping,0,1069
9804,stone,0,1598
9805,stone_floor,0,2948
9806,stone_lantern,0,2331
9807,stone_stairs,0,1773
9808,stone_walkway,0,850
9809,stone_wall,0,3014
9810,stool,0,15234
9811,stop_sign,0,888
9812,stopwatch,0,1390
9813,stopwatch_around_neck,0,687
9814,store_clerk,0,656
9815,storefront,0,1640
9816,storm,0,1511
9817,stove,0,2619
9818,straddling,0,89263
9819,straddling_paizuri,0,4978
9820,straight-on,0,49052
9821,straight_hair,0,93521
9822,straitjacket,0,1733
9823,strangling,0,5707
9824,strap,0,15098
9825,strap-on,0,3368
9826,strap_between_breasts,0,5616
9827,strap_gap,0,15605
9828,strap_lift,0,1737
9829,strap_pull,0,8047
9830,strap_slip,0,48816
9831,strapless,0,218415
9832,strapless_bikini,0,7523
9833,strapless_bottom,0,1101
9834,strapless_bra,0,3509
9835,strapless_dress,0,70836
9836,strapless_leotard,0,91662
9837,strapless_one-piece_swimsuit,0,1393
9838,strapless_shirt,0,6260
9839,strappy_heels,0,5768
9840,straw_hat,0,30509
9841,straw_hat_pirates,0,738
9842,strawberry,0,33009
9843,strawberry_cake,0,1421
9844,strawberry_hair_ornament,0,2660
9845,strawberry_panties,0,944
9846,strawberry_parfait,0,709
9847,strawberry_print,0,3352
9848,strawberry_shortcake,0,4469
9849,strawberry_slice,0,1111
9850,stray_pubic_hair,0,5375
9851,streaked_hair,0,383695
9852,stream,0,2141
9853,streamers,0,3277
9854,streaming_tears,0,12015
9855,street,0,10589
9856,streetwear,0,2120
9857,stretching,0,21517
9858,striker_unit,0,3006
9859,string,0,17636
9860,string_around_finger,0,806
9861,string_bikini,0,62155
9862,string_bra,0,1600
9863,string_of_fate,0,6185
9864,string_of_flags,0,5640
9865,string_of_light_bulbs,0,709
9866,string_panties,0,15914
9867,striped_arm_warmers,0,3190
9868,striped_background,0,16826
9869,striped_belt,0,832
9870,striped_bikini,0,32460
9871,striped_bow,0,43796
9872,striped_bowtie,0,16840
9873,striped_bra,0,4311
9874,striped_choker,0,608
9875,striped_clothes,0,331557
9876,striped_coat,0,1645
9877,striped_dress,0,19546
9878,striped_fur,0,1818
9879,striped_gloves,0,3151
9880,striped_hair,0,2164
9881,striped_hairband,0,2871
9882,striped_hat,0,1031
9883,striped_headwear,0,3436
9884,striped_hoodie,0,1876
9885,striped_horns,0,5021
9886,striped_jacket,0,10389
9887,striped_kimono,0,3473
9888,striped_leg_warmers,0,782
9889,striped_neckerchief,0,932
9890,striped_necktie,0,22674
9891,striped_one-piece_swimsuit,0,1172
9892,striped_pajamas,0,1313
9893,striped_panties,0,47383
9894,striped_pants,0,6973
9895,striped_pantyhose,0,12771
9896,striped_ribbon,0,8061
9897,striped_scarf,0,8447
9898,striped_shirt,0,47459
9899,striped_shorts,0,4605
9900,striped_skirt,0,10175
9901,striped_sleeves,0,5794
9902,striped_socks,0,11626
9903,striped_sweater,0,4360
9904,striped_tail,0,5441
9905,striped_tank_top,0,712
9906,striped_thighhighs,0,68197
9907,striped_vest,0,1840
9908,stripper,0,1246
9909,stripper_pole,0,4357
9910,stroking_own_chin,0,2836
9911,strong,0,1125
9912,strong_zero,0,679
9913,strongman_waist,0,2735
9914,struggling,0,2245
9915,stubble,0,39889
9916,stuck,0,3947
9917,stud_earrings,0,39652
9918,studded_belt,0,4476
9919,studded_bracelet,0,1771
9920,studded_choker,0,1860
9921,studded_collar,0,1215
9922,studded_gloves,0,895
9923,studying,0,855
9924,stuffed_animal,0,88199
9925,stuffed_bird,0,972
9926,stuffed_cat,0,5826
9927,stuffed_dog,0,1279
9928,stuffed_eggplant,0,700
9929,stuffed_fish,0,620
9930,stuffed_frog,0,814
9931,stuffed_panda,0,1174
9932,stuffed_penguin,0,1382
9933,stuffed_rabbit,0,19947
9934,stuffed_shark,0,2998
9935,stuffed_sheep,0,897
9936,stuffed_toy,0,110860
9937,stuffed_unicorn,0,754
9938,stuffed_whale,0,704
9939,stuffed_winged_unicorn,0,1142
9940,stuffing,0,760
9941,style_parody,0,32555
9942,stylus,0,5782
9943,submachine_gun,0,12571
9944,submarine,0,766
9945,submerged,0,4568
9946,subscribestar_logo,0,689
9947,subscribestar_username,0,1826
9948,subtitled,0,5166
9949,subway,0,691
9950,sucking_male_nipple,0,755
9951,suction_cups,0,7229
9952,sugar_cube,0,1575
9953,suggestive_fluid,0,8646
9954,sugimori_ken_(style),0,705
9955,sugoi_dekai,0,619
9956,suicide,0,1239
9957,suikawari,0,828
9958,suimei_academy_school_uniform,0,1570
9959,suit,0,98530
9960,suit_jacket,0,18751
9961,suit_pants,0,3119
9962,suitcase,0,11029
9963,sukajan,0,2040
9964,sukeban,0,962
9965,sukusuku_hakutaku,0,1010
9966,summer,0,13741
9967,summer_festival,0,2416
9968,summer_pockets_school_uniform,0,1138
9969,summer_uniform,0,40396
9970,sun,0,27131
9971,sun_earrings,0,1016
9972,sun_hat,0,38729
9973,sun_print,0,901
9974,sun_symbol,0,5607
9975,sun_tattoo,0,1605
9976,sunbeam,0,12623
9977,sunburst,0,4834
9978,sunburst_background,0,2945
9979,sundae,0,2113
9980,sundress,0,20161
9981,suneate,0,746
9982,sunflower,0,27713
9983,sunflower_field,0,2667
9984,sunflower_hair_ornament,0,3065
9985,sunglasses,0,130992
9986,sunken_cheeks,0,708
9987,sunlight,0,96490
9988,sunrise,0,4721
9989,sunscreen,0,2408
9990,sunset,0,36279
9991,super_crown,0,5775
9992,super_highleg,0,669
9993,super_mushroom,0,763
9994,super_robot,0,3142
9995,super_saiyan,0,6863
9996,super_saiyan_1,0,2010
9997,super_saiyan_2,0,768
9998,super_saiyan_4,0,1712
9999,super_saiyan_blue,0,1069
10000,super_star_(mario),0,677
10001,superhero_costume,0,17455
10002,supermarket,0,658
10003,suppressor,0,3392
10004,surcoat,0,1323
10005,surfboard,0,4065
10006,surfing,0,1239
10007,surgical_mask,0,6835
10008,surprise_kiss,0,3095
10009,surprised,0,68024
10010,surreal,0,6190
10011,surrounded,0,1562
10012,surrounded_by_hands,0,4147
10013,surrounded_by_penises,0,23092
10014,survey_corps_(emblem),0,1401
10015,sushi,0,6067
10016,suspended_congress,0,2777
10017,suspender_shorts,0,5542
10018,suspender_skirt,0,26745
10019,suspenders,0,89879
10020,suspenders_hanging,0,638
10021,suspenders_pull,0,642
10022,suspenders_slip,0,1055
10023,suspension,0,5235
10024,swallowing,0,643
10025,swan,0,793
10026,swastika,0,1295
10027,sway_back,0,1001
10028,sweat,0,700176
10029,sweatband,0,3241
10030,sweatdrop,0,301890
10031,sweater,0,280226
10032,sweater_around_waist,0,3641
10033,sweater_dress,0,12045
10034,sweater_guard,0,736
10035,sweater_jacket,0,634
10036,sweater_lift,0,9930
10037,sweater_pull,0,960
10038,sweater_tucked_in,0,1718
10039,sweater_vest,0,60331
10040,sweatpants,0,4121
10041,sweaty_armpits,0,4406
10042,sweaty_breasts,0,2602
10043,sweaty_clothes,0,2662
10044,sweet_lolita,0,2626
10045,sweet_potato,0,3342
10046,sweets,0,4209
10047,swept_bangs,0,152582
10048,swim_briefs,0,3058
10049,swim_cap,0,1571
10050,swim_goggles,0,829
10051,swim_ring,0,45122
10052,swim_trunks,0,5701
10053,swimming,0,6207
10054,swimsuit,0,835240
10055,swimsuit_aside,0,6415
10056,swimsuit_cover-up,0,1917
10057,swimsuit_skirt,0,704
10058,swimsuit_under_clothes,0,18212
10059,swing,0,4251
10060,swing_set,0,812
10061,swinging_weapon,0,841
10062,swirl,0,1022
10063,swirl_lollipop,0,4433
10064,swiss_roll,0,1809
10065,swivel_chair,0,11364
10066,sword,0,347177
10067,sword_of_hisou,0,3119
10068,sword_of_st._catherine_(fate),0,666
10069,sword_of_the_creator,0,605
10070,sword_on_back,0,6414
10071,sword_over_shoulder,0,3091
10072,sword_tassel,0,819
10073,symbiote,0,822
10074,symbol-shaped_pupils,0,228087
10075,symbol_in_eye,0,30910
10076,symbolism,0,1790
10077,symmetrical_docking,0,13005
10078,symmetrical_pose,0,942
10079,symmetry,0,2838
10080,syringe,0,13348
10081,syrup,0,2901
10082,t-shirt,0,90801
10083,tabard,0,30809
10084,tabby_cat,0,1101
10085,tabi,0,23532
10086,table,0,109560
10087,table_humping,0,1093
10088,table_tennis_paddle,0,833
10089,tablecloth,0,3090
10090,tablet_pc,0,8427
10091,tacet_discord_(wuthering_waves),0,938
10092,tacet_mark_(wuthering_waves),0,12667
10093,tachi-e,0,70545
10094,tactical_clothes,0,3878
10095,tactical_school_uniform,0,2184
10096,tactile_paving,0,893
10097,tag,0,1657
10098,taichou_haori,0,1116
10099,taiko_drum,0,680
10100,tail,0,1081374
10101,tail_around_own_leg,0,2747
10102,tail_bell,0,3281
10103,tail_between_legs,0,2147
10104,tail_bow,0,12525
10105,tail_grab,0,2258
10106,tail_ornament,0,28924
10107,tail_piercing,0,2564
10108,tail_raised,0,18547
10109,tail_ribbon,0,8281
10110,tail_ring,0,2437
10111,tail_through_clothes,0,7126
10112,tail_wagging,0,11715
10113,tail_wrap,0,3970
10114,tailcoat,0,13004
10115,tailcoat_playboy_bunny,0,717
10116,tailjob,0,726
10117,taimanin_suit,0,1753
10118,taiyaki,0,3374
10119,take_your_pick,0,8640
10120,taker_pov,0,710
10121,takeuchi_takashi_(style),0,893
10122,taking_picture,0,10610
10123,taking_shelter,0,625
10124,tako-san_wiener,0,705
10125,takoyaki,0,2619
10126,talisman,0,4400
10127,talking,0,23518
10128,talking_on_phone,0,3908
10129,tall_female,0,5499
10130,tall_grass,0,971
10131,tall_hair,0,845
10132,tall_male,0,614
10133,tally,0,5316
10134,talons,0,6523
10135,tam_o'_shanter,0,3311
10136,tamagoyaki,0,1297
10137,tambourine,0,1051
10138,tan,0,73589
10139,tanabata,0,2648
10140,tanghulu,0,826
10141,tangzhuang,0,3843
10142,tank,0,10113
10143,tank_top,0,111225
10144,tank_turret,0,1003
10145,tankard,0,736
10146,tankini,0,2422
10147,tanlines,0,38305
10148,tantou,0,1401
10149,tantrum,0,757
10150,tanuki,0,3398
10151,tanzaku,0,2271
10152,tape,0,11654
10153,tape_bondage,0,1207
10154,tape_gag,0,4206
10155,tape_measure,0,1527
10156,tape_on_nipples,0,998
10157,tapir_ears,0,1551
10158,tapir_girl,0,1232
10159,tapir_tail,0,1951
10160,tareme,0,53665
10161,target,0,708
10162,tarot,0,4198
10163,tarot_(medium),0,2569
10164,tarot_card,0,981
10165,tart_(food),0,1069
10166,tassel,0,90917
10167,tassel_earrings,0,15135
10168,tassel_hair_ornament,0,11099
10169,tasuki,0,12889
10170,tatami,0,19852
10171,tate_eboshi,0,13550
10172,tattoo,0,192153
10173,taur,0,7631
10174,taut_bodysuit,0,910
10175,taut_clothes,0,19648
10176,taut_dress,0,3770
10177,taut_leotard,0,1158
10178,taut_shirt,0,8164
10179,taut_swimsuit,0,988
10180,tavern,0,741
10181,tea,0,15167
10182,tea_party_(blue_archive),0,936
10183,tea_set,0,1177
10184,teacher,0,6202
10185,teacher_and_student,0,2761
10186,teacup,0,40646
10187,team_9_(touhou),0,1052
10188,team_magma,0,806
10189,team_rocket,0,3643
10190,team_rocket_uniform,0,2568
10191,team_skull,0,815
10192,teamwork,0,676
10193,teamwork_(sexual),0,10671
10194,teapot,0,18672
10195,teardrop,0,9759
10196,teardrop-framed_glasses,0,1048
10197,teardrop_earrings,0,4279
10198,teardrop_facial_mark,0,5565
10199,teardrop_tattoo,0,1908
10200,tearing_clothes,0,1646
10201,tearing_up,0,65444
10202,tears,0,277745
10203,teasing,0,4001
10204,teddy_bear,0,34052
10205,teeth,0,703276
10206,teeth_hold,0,1569
10207,tegaki,0,2087
10208,telekinesis,0,2406
10209,telescope,0,1915
10210,television,0,14019
10211,telstar,0,974
10212,temari_ball,0,874
10213,temple,0,1219
10214,tempura,0,2559
10215,tendril,0,837
10216,tengu,0,1904
10217,tengu-geta,0,7138
10218,tengu_mask,0,1042
10219,tennis,0,867
10220,tennis_ball,0,1831
10221,tennis_court,0,632
10222,tennis_racket,0,3024
10223,tennis_uniform,0,3280
10224,tenshi_kaiwai,0,1555
10225,tent,0,2708
10226,tentacle_girl,0,984
10227,tentacle_hair,0,38922
10228,tentacle_in_mouth,0,2083
10229,tentacle_pit,0,3293
10230,tentacle_sex,0,13107
10231,tentacle_tail,0,686
10232,tentacles,0,55095
10233,tentacles_on_male,0,1555
10234,tentacles_under_clothes,0,1979
10235,tented_shirt,0,2302
10236,teruterubouzu,0,1780
10237,test_plugsuit_(evangelion),0,1191
10238,test_tube,0,7801
10239,testicle_grab,0,1338
10240,testicle_peek,0,786
10241,testicle_sucking,0,1614
10242,testicles,0,123159
10243,text-only_page,0,3375
10244,text_background,0,6787
10245,text_focus,0,19012
10246,text_in_eyes,0,612
10247,text_messaging,0,2048
10248,textless_cover_page,0,4535
10249,texture,0,916
10250,thai_text,0,2136
10251,thank_you,0,9711
10252,the_pose,0,11698
10253,theft,0,1603
10254,themed_object,0,1137
10255,thermometer,0,1752
10256,thermos,0,1566
10257,they_had_lots_of_sex_afterwards_(meme),0,1375
10258,thick_arm_hair,0,966
10259,thick_arms,0,1940
10260,thick_beard,0,2597
10261,thick_chest_hair,0,1162
10262,thick_eyebrows,0,130279
10263,thick_eyelashes,0,6609
10264,thick_lineart,0,1675
10265,thick_lips,0,4160
10266,thick_mustache,0,2877
10267,thick_navel_hair,0,875
10268,thick_thighs,0,143239
10269,thigh_belt,0,9202
10270,thigh_boots,0,114333
10271,thigh_bow,0,898
10272,thigh_cutout,0,3813
10273,thigh_focus,0,941
10274,thigh_gap,0,92069
10275,thigh_grab,0,6690
10276,thigh_holster,0,9832
10277,thigh_pouch,0,6091
10278,thigh_ribbon,0,3769
10279,thigh_sex,0,4769
10280,thigh_straddling,0,683
10281,thigh_strap,0,224671
10282,thighband_pantyhose,0,34426
10283,thighhighs,0,1428473
10284,thighhighs_over_pantyhose,0,1809
10285,thighhighs_pull,0,2099
10286,thighhighs_under_boots,0,8744
10287,thighlet,0,20774
10288,thighs,0,755908
10289,thinking,0,7416
10290,third_eye,0,12714
10291,thong,0,51439
10292,thong_aside,0,1162
10293,thong_bikini,0,8947
10294,thong_leotard,0,6274
10295,thong_panties,0,21724
10296,thorns,0,8235
10297,thought_bubble,0,51847
10298,thread,0,2572
10299,three-dimensional_maneuver_gear,0,2301
10300,three-quarter_sleeves,0,17705
10301,threesome,0,39134
10302,throat_bulge,0,615
10303,throat_microphone,0,1025
10304,throne,0,8489
10305,through_clothes,0,3498
10306,through_medium,0,2147
10307,through_screen,0,1407
10308,through_wall,0,3158
10309,throwing,0,5896
10310,throwing_knife,0,1135
10311,thrusters,0,4479
10312,thumb_ring,0,4224
10313,thumbs_down,0,1125
10314,thumbs_up,0,18381
10315,tiara,0,81366
10316,ticket,0,1588
10317,tickle_torture,0,745
10318,tickling,0,3855
10319,tickling_armpits,0,1029
10320,tickling_feet,0,1391
10321,tickling_sides,0,702
10322,tie_clip,0,8605
10323,tied_ears,0,925
10324,tied_jacket,0,2190
10325,tied_shirt,0,19559
10326,tied_to_chair,0,755
10327,tied_up_(nonsexual),0,4250
10328,tiefling,0,888
10329,tiered_tray,0,2770
10330,tiger,0,6243
10331,tiger_boy,0,5715
10332,tiger_costume,0,697
10333,tiger_cub,0,634
10334,tiger_ears,0,22571
10335,tiger_girl,0,10652
10336,tiger_i,0,645
10337,tiger_print,0,13942
10338,tiger_stripes,0,4161
10339,tiger_tail,0,14673
10340,tight_clothes,0,23058
10341,tight_dress,0,2701
10342,tight_pants,0,9102
10343,tight_shirt,0,3587
10344,tile_ceiling,0,1316
10345,tile_floor,0,22078
10346,tile_roof,0,911
10347,tile_wall,0,11504
10348,tiles,0,34030
10349,tilted_halo,0,793
10350,tilted_headwear,0,18751
10351,time_paradox,0,8930
10352,time_stop,0,858
10353,timestamp,0,3348
10354,tinted_eyewear,0,40098
10355,tiptoes,0,17008
10356,tissue,0,2897
10357,tissue_box,0,6622
10358,tit_(bird),0,1020
10359,titans_(gundam),0,804
10360,title,0,4968
10361,title_parody,0,1738
10362,to_be_continued,0,890
10363,toast,0,3984
10364,toast_in_mouth,0,1644
10365,toasting_(gesture),0,793
10366,toddler,0,652
10367,toddlercon,0,1331
10368,toe_cleavage,0,1206
10369,toe_ring,0,2331
10370,toe_scrunch,0,6584
10371,toe_seam,0,1084
10372,toeless_legwear,0,26140
10373,toenail_polish,0,36031
10374,toenails,0,68173
10375,toes,0,218409
10376,tofu,0,877
10377,toga,0,1794
10378,toggles,0,1167
10379,togruta,0,665
10380,tohmi_higashi_high_school_uniform,0,611
10381,toilet,0,7341
10382,toilet_paper,0,1870
10383,toilet_stall,0,1613
10384,toilet_use,0,1905
10385,tokin_hat,0,44567
10386,tokisadame_school_uniform,0,1216
10387,tokiwadai_school_uniform,0,8474
10388,tokkuri,0,3846
10389,tokusatsu,0,6220
10390,tokyo-3_middle_school_uniform,0,2368
10391,tokyo_(city),0,1621
10392,told_you_not_to_do_that,0,2801
10393,tomato,0,7319
10394,tomato_slice,0,1036
10395,tomboy,0,12695
10396,tombstone,0,4598
10397,tomoe_(symbol),0,8230
10398,tomoeda_elementary_school_uniform,0,2154
10399,toned,0,55260
10400,toned_female,0,17140
10401,toned_male,0,24238
10402,tonfa,0,1242
10403,tongs,0,1770
10404,tongue,0,508287
10405,tongue_out,0,381765
10406,tongue_piercing,0,6596
10407,too_literal,0,892
10408,too_many,0,6979
10409,too_many_cats,0,767
10410,too_many_frills,0,640
10411,too_many_watermarks,0,4080
10412,toolbox,0,749
10413,tools,0,1628
10414,toon_(style),0,4795
10415,tooth,0,1134
10416,tooth_earrings,0,1005
10417,tooth_necklace,0,3658
10418,toothbrush,0,4954
10419,toothbrush_in_mouth,0,896
10420,toothpaste,0,775
10421,toothpick,0,930
10422,top-down_bottom-up,0,25963
10423,top_hat,0,43722
10424,topknot,0,14301
10425,topless_female,0,83327
10426,topless_male,0,53503
10427,torch,0,3673
10428,torii,0,15562
10429,toriyama_akira_(style),0,1248
10430,torn_bike_shorts,0,958
10431,torn_bikini,0,758
10432,torn_bodystocking,0,1722
10433,torn_bodysuit,0,5474
10434,torn_cape,0,5547
10435,torn_cloak,0,1451
10436,torn_clothes,0,193982
10437,torn_coat,0,1520
10438,torn_dress,0,9557
10439,torn_gloves,0,2422
10440,torn_hat,0,1010
10441,torn_jacket,0,2343
10442,torn_jeans,0,3460
10443,torn_kimono,0,754
10444,torn_leggings,0,620
10445,torn_leotard,0,3439
10446,torn_panties,0,2105
10447,torn_pants,0,13546
10448,torn_pantyhose,0,40969
10449,torn_scarf,0,2530
10450,torn_shirt,0,15811
10451,torn_shorts,0,5348
10452,torn_skirt,0,7591
10453,torn_sleeve,0,633
10454,torn_sleeves,0,5850
10455,torn_socks,0,1112
10456,torn_sweater,0,752
10457,torn_swimsuit,0,1386
10458,torn_thighhighs,0,22945
10459,torn_wings,0,1394
10460,torogao,0,11336
10461,torpedo,0,9380
10462,torpedo_launcher,0,2181
10463,torpedo_tubes,0,2330
10464,torso_flash,0,733
10465,torso_grab,0,12274
10466,torture,0,1521
10467,tote_bag,0,766
10468,tour_guide,0,680
10469,towel,0,70768
10470,towel_around_neck,0,8665
10471,towel_around_waist,0,1060
10472,towel_on_head,0,7081
10473,tower,0,7669
10474,town,0,4380
10475,toy,0,5679
10476,toyogasaki_academy_school_uniform,0,878
10477,toyota,0,1263
10478,tracen_school_uniform,0,37875
10479,tracen_swimsuit,0,2251
10480,tracen_training_uniform,0,8108
10481,track_and_field,0,1352
10482,track_jacket,0,51596
10483,track_pants,0,9192
10484,track_suit,0,13397
10485,track_uniform,0,1296
10486,trading_card,0,9451
10487,traditional_bowtie,0,13724
10488,traditional_chinese_text,0,1716
10489,traditional_clothes,0,1507
10490,traditional_halo,0,11814
10491,traditional_nun,0,3570
10492,traditional_youkai,0,2475
10493,traffic,0,735
10494,traffic_baton,0,757
10495,traffic_cone,0,2303
10496,traffic_light,0,3507
10497,traffic_mirror,0,679
10498,train,0,5790
10499,train_conductor,0,1153
10500,train_interior,0,10252
10501,train_station,0,3009
10502,train_station_platform,0,905
10503,training,0,794
10504,training_bra,0,1913
10505,training_corps_(emblem),0,868
10506,trait_connection,0,12439
10507,trampling,0,640
10508,transformation,0,7197
10509,transformation_brooch_(sailor_moon),0,628
10510,translucent,0,969
10511,translucent_bunnysuit,0,1073
10512,transmission_tower,0,956
10513,transparent,0,13591
10514,transparent_background,0,162141
10515,transparent_border,0,1032
10516,transparent_censoring,0,1411
10517,transparent_umbrella,0,4432
10518,transparent_wings,0,2807
10519,transverse_flute,0,1022
10520,trap,0,71686
10521,trapped,0,915
10522,trash,0,1172
10523,trash_bag,0,2527
10524,trash_can,0,5796
10525,travel_attendant,0,1072
10526,tray,0,47772
10527,treasure,0,656
10528,treasure_chest,0,3035
10529,treble_clef,0,6141
10530,tree,0,214368
10531,tree_horns,0,1178
10532,tree_shade,0,3732
10533,tree_stump,0,2756
10534,trefoil,0,4134
10535,trembling,0,100406
10536,trench_coat,0,7661
10537,tress_ribbon,0,25440
10538,tri_braids,0,1152
10539,tri_tails,0,2739
10540,triangle,0,8820
10541,triangle-shaped_pupils,0,1012
10542,triangle_bikini_top,0,2628
10543,triangle_earrings,0,5837
10544,triangle_facial_mark,0,3008
10545,triangle_hair_ornament,0,6797
10546,triangle_mouth,0,20632
10547,triangle_print,0,2266
10548,triangular_eyewear,0,1066
10549,triangular_headpiece,0,20110
10550,tribadism,0,4394
10551,tribal,0,2208
10552,tribal_tattoo,0,1539
10553,triceps,0,624
10554,trick_or_treat,0,3494
10555,tricorne,0,3800
10556,trident,0,6946
10557,triforce,0,3462
10558,trigger_discipline,0,11943
10559,trigram,0,1205
10560,trinity_general_school_logo,0,1381
10561,trinity_general_school_swimsuit,0,847
10562,triple_baka_(group),0,608
10563,triple_penetration,0,1649
10564,triplets,0,1485
10565,tripod,0,1163
10566,tripping,0,3320
10567,triquetra,0,1101
10568,troll_face,0,1088
10569,trolling,0,713
10570,trophy,0,1443
10571,tropical_drink,0,1959
10572,tropical_fish,0,2160
10573,trowel,0,880
10574,truck,0,3094
10575,trumpet,0,3581
10576,truss,0,624
10577,truth,0,1848
10578,trying_on_clothes,0,695
10579,tsab_ground_military_uniform,0,858
10580,tsuba_(guard),0,646
10581,tsuki_ni_kawatte_oshioki_yo,0,600
10582,tsukinomori_school_uniform,0,4255
10583,tsukumihara_academy_uniform_(fate/extra_ccc),0,798
10584,tsumami_kanzashi,0,1081
10585,tsundere,0,5865
10586,tsurime,0,59556
10587,tsuwabuki_high_school_uniform,0,1119
10588,tuanshan,0,1624
10589,tube,0,2921
10590,tube_dress,0,2193
10591,tube_top,0,25307
10592,tucked_money,0,798
10593,tucked_penis,0,1320
10594,tucking_hair,0,5711
10595,tulip,0,5088
10596,tulip_hat,0,1786
10597,tumblr_username,0,2416
10598,tuna,0,743
10599,tunic,0,16707
10600,tunnel,0,764
10601,turban,0,4096
10602,turkey_(food),0,729
10603,turn_pale,0,9802
10604,turnaround,0,4385
10605,turning_head,0,14617
10606,turntable,0,617
10607,turret,0,843
10608,turtle,0,3799
10609,turtle_shell,0,4205
10610,turtleneck,0,166465
10611,turtleneck_bodysuit,0,1761
10612,turtleneck_dress,0,6355
10613,turtleneck_jacket,0,2257
10614,turtleneck_leotard,0,4344
10615,turtleneck_shirt,0,12078
10616,turtleneck_sweater,0,53161
10617,tusks,0,5941
10618,tutu,0,2302
10619,tuxedo,0,3984
10620,tuxedo_cat,0,1031
10621,tweaking_own_nipple,0,1492
10622,twig,0,749
10623,twilight,0,8378
10624,twin_braids,0,230024
10625,twin_drills,0,65362
10626,twincest,0,3167
10627,twins,0,42198
10628,twintails,0,1142768
10629,twintails_day,0,938
10630,twintails_with_hair_base,0,1307
10631,twirling_hair,0,5315
10632,twisted_torso,0,9480
10633,twitching,0,8763
10634,twitching_penis,0,5004
10635,twitter_cutting_game,0,784
10636,twitter_logo,0,6438
10637,twitter_strip_game,0,2853
10638,twitter_username,0,394075
10639,twitter_x_logo,0,2756
10640,two-finger_salute,0,1670
10641,two-footed_footjob,0,6734
10642,two-handed,0,5760
10643,two-handed_handjob,0,1692
10644,two-sided_cape,0,9128
10645,two-sided_cloak,0,1581
10646,two-sided_coat,0,4154
10647,two-sided_dress,0,2224
10648,two-sided_fabric,0,31134
10649,two-sided_gloves,0,1419
10650,two-sided_headwear,0,2088
10651,two-sided_jacket,0,8297
10652,two-sided_skirt,0,1416
10653,two-tone_background,0,59568
10654,two-tone_bikini,0,6287
10655,two-tone_bodysuit,0,5774
10656,two-tone_boots,0,2023
10657,two-tone_bow,0,6609
10658,two-tone_bowtie,0,3055
10659,two-tone_cape,0,2659
10660,two-tone_capelet,0,698
10661,two-tone_coat,0,2481
10662,two-tone_dress,0,31025
10663,two-tone_eyes,0,17354
10664,two-tone_fur,0,12343
10665,two-tone_gloves,0,10730
10666,two-tone_hair,0,362676
10667,two-tone_hairband,0,3169
10668,two-tone_halo,0,2107
10669,two-tone_hat,0,2234
10670,two-tone_headwear,0,2512
10671,two-tone_hoodie,0,2469
10672,two-tone_horns,0,2108
10673,two-tone_jacket,0,15073
10674,two-tone_kimono,0,1743
10675,two-tone_legwear,0,1945
10676,two-tone_leotard,0,3441
10677,two-tone_mask,0,988
10678,two-tone_nails,0,803
10679,two-tone_necktie,0,1949
10680,two-tone_one-piece_swimsuit,0,2948
10681,two-tone_panties,0,960
10682,two-tone_pants,0,2157
10683,two-tone_pantyhose,0,759
10684,two-tone_ribbon,0,3570
10685,two-tone_scarf,0,2645
10686,two-tone_shirt,0,16362
10687,two-tone_shoes,0,3110
10688,two-tone_shorts,0,1497
10689,two-tone_skin,0,17150
10690,two-tone_skirt,0,7856
10691,two-tone_sleeves,0,1222
10692,two-tone_sports_bra,0,1866
10693,two-tone_sweater,0,1743
10694,two-tone_swimsuit,0,5905
10695,two-tone_tail,0,1256
10696,two-tone_thighhighs,0,2409
10697,two-tone_veil,0,1778
10698,two-tone_vest,0,838
10699,two-tone_wings,0,1477
10700,two_side_up,0,230738
10701,two_tails,0,17759
10702,tying,0,1058
10703,tying_hair,0,12040
10704,typing,0,828
10705,typo,0,4083
10706,tyrannosaurus_rex,0,695
10707,u.a._school_uniform,0,2429
10708,u.n._spacy,0,702
10709,u_u,0,7732
10710,uchikake,0,1936
10711,uchiwa,0,5104
10712,udon,0,892
10713,ufo,0,3584
10714,ugly_bastard,0,3120
10715,ukiyo-e,0,633
10716,ultra_ball,0,1442
10717,umamusume_horse_relations,0,2169
10718,umbrella,0,110875
10719,umbrella_over_shoulder,0,1837
10720,unaligned_breasts,0,6332
10721,unamused,0,5651
10722,unbuttoned,0,20274
10723,unbuttoned_shirt,0,7035
10724,uncensored,0,172954
10725,uncle_and_niece,0,1012
10726,uncommon_stimulation,0,1978
10727,unconscious,0,3093
10728,unconventional_maid,0,11892
10729,unconventional_sound_effect,0,1143
10730,unconventional_steed,0,1337
10731,undead,0,1970
10732,under-rim_eyewear,0,36229
10733,under_covers,0,21120
10734,under_kotatsu,0,2217
10735,under_table,0,3940
10736,under_tree,0,1888
10737,underboob,0,120030
10738,underboob_cutout,0,7755
10739,underbust,0,25452
10740,underbutt,0,2714
10741,undercut,0,20974
10742,underground,0,756
10743,underlighting,0,1178
10744,underpec,0,1255
10745,undershirt,0,24419
10746,undersized_animal,0,1244
10747,undersized_breast_cup,0,1821
10748,undersized_clothes,0,5006
10749,undersuit,0,1018
10750,underwater,0,27892
10751,underwear,0,953080
10752,underwear_only,0,75898
10753,underwear_writing,0,1436
10754,underworld_(ornament),0,857
10755,undone_neck_ribbon,0,1312
10756,undone_neckerchief,0,748
10757,undone_necktie,0,3240
10758,undressing,0,65190
10759,undressing_another,0,3102
10760,uneven_eyes,0,9138
10761,uneven_footwear,0,922
10762,uneven_gloves,0,5293
10763,uneven_horns,0,6373
10764,uneven_legwear,0,18157
10765,uneven_sleeves,0,4388
10766,uneven_twintails,0,1701
10767,unfastened,0,607
10768,unhappy,0,890
10769,unicorn,0,2562
10770,unicorn_girl,0,652
10771,unicorn_horn,0,810
10772,uniform,0,26242
10773,union_jack,0,2679
10774,unitard,0,1947
10775,united_states,0,1259
10776,unkempt,0,938
10777,unmoving_pattern,0,8159
10778,uno_(game),0,637
10779,unsheathed,0,6167
10780,unsheathing,0,8069
10781,untied,0,3611
10782,untied_bikini,0,8715
10783,untied_bikini_bottom,0,1009
10784,untied_bikini_top,0,1783
10785,untied_panties,0,3244
10786,untied_shoelaces,0,1667
10787,untucked_shirt,0,4860
10788,untying,0,1926
10789,unused_tire,0,1231
10790,unusual_insertion,0,645
10791,unusually_open_eyes,0,5430
10792,unworn_backpack,0,1543
10793,unworn_bag,0,2938
10794,unworn_bikini,0,1410
10795,unworn_bikini_bottom,0,1282
10796,unworn_bikini_top,0,2731
10797,unworn_boots,0,3298
10798,unworn_bowtie,0,830
10799,unworn_bra,0,6231
10800,unworn_cape,0,1173
10801,unworn_clothes,0,9547
10802,unworn_coat,0,2420
10803,unworn_crown,0,730
10804,unworn_dress,0,2264
10805,unworn_eyepatch,0,1049
10806,unworn_eyewear,0,19872
10807,unworn_gag,0,1236
10808,unworn_gloves,0,2602
10809,unworn_goggles,0,981
10810,unworn_hair_ornament,0,1242
10811,unworn_hairband,0,781
10812,unworn_hat,0,33954
10813,unworn_headwear,0,46168
10814,unworn_helmet,0,7492
10815,unworn_jacket,0,10320
10816,unworn_jewelry,0,1221
10817,unworn_mask,0,8047
10818,unworn_necklace,0,908
10819,unworn_necktie,0,1406
10820,unworn_panties,0,11770
10821,unworn_pants,0,965
10822,unworn_sandals,0,2702
10823,unworn_scarf,0,1165
10824,unworn_shirt,0,6126
10825,unworn_shoes,0,17871
10826,unworn_shorts,0,1264
10827,unworn_skirt,0,10066
10828,unworn_slippers,0,841
10829,unworn_socks,0,2990
10830,unworn_swimsuit,0,2012
10831,unworn_thighhighs,0,940
10832,unzipped,0,18117
10833,unzipping,0,1792
10834,updo,0,9937
10835,upper_body,0,1083579
10836,upper_teeth_only,0,234054
10837,uppercut,0,641
10838,upright_straddle,0,7010
10839,upshirt,0,1598
10840,upshorts,0,1759
10841,upside-down,0,32294
10842,upskirt,0,37482
10843,upturned_eyes,0,5864
10844,upward_angle_frieren_drawing_(meme),0,615
10845,uranohoshi_school_uniform,0,4977
10846,urban,0,1548
10847,urethra,0,7811
10848,urethral_insertion,0,1601
10849,urinal,0,1197
10850,usb,0,835
10851,used_condom,0,18556
10852,used_condom_on_penis,0,1365
10853,used_tissue,0,3040
10854,usekh_collar,0,3038
10855,user_interface,0,4954
10856,ushanka,0,3302
10857,utaite,0,5059
10858,utensil,0,605
10859,utensil_in_mouth,0,2407
10860,uterus,0,10120
10861,utility_belt,0,3884
10862,utility_pole,0,11221
10863,uva_academy_school_uniform,0,1977
10864,uvula,0,2109
10865,uwabaki,0,9732
10866,v,0,215267
10867,v-bangs,0,805
10868,v-fin,0,8906
10869,v-neck,0,16413
10870,v-shaped_eyebrows,0,242686
10871,v-shaped_eyes,0,3285
10872,v-taper,0,1015
10873,v4x,0,732
10874,v_arms,0,31263
10875,v_legs,0,656
10876,v_over_eye,0,9159
10877,v_over_head,0,905
10878,v_over_mouth,0,2559
10879,vacuum_cleaner,0,1114
10880,vaginal,0,251010
10881,vaginal_object_insertion,0,15571
10882,valentine,0,28260
10883,valkyrie,0,1321
10884,vambraces,0,22531
10885,vampire,0,18772
10886,vampire_costume,0,2301
10887,van,0,1386
10888,vanishing_point,0,1459
10889,varia_suit,0,1239
10890,variable_fighter,0,959
10891,variations,0,3225
10892,vase,0,10763
10893,vaulting_horse,0,2382
10894,vegetable,0,6496
10895,vehicle_and_personification,0,1005
10896,vehicle_focus,0,14679
10897,vehicle_interior,0,1087
10898,vehicle_name,0,980
10899,veil,0,88090
10900,veins,0,57337
10901,veiny_arms,0,4985
10902,veiny_breasts,0,4277
10903,veiny_face,0,668
10904,veiny_hands,0,1471
10905,veiny_penis,0,36616
10906,vending_machine,0,4179
10907,venus_symbol,0,3050
10908,veranda,0,2866
10909,vertical-striped_background,0,3010
10910,vertical-striped_bikini,0,1679
10911,vertical-striped_bra,0,702
10912,vertical-striped_clothes,0,59426
10913,vertical-striped_coat,0,754
10914,vertical-striped_dress,0,9817
10915,vertical-striped_headwear,0,1481
10916,vertical-striped_jacket,0,3288
10917,vertical-striped_kimono,0,1691
10918,vertical-striped_panties,0,1091
10919,vertical-striped_pants,0,2671
10920,vertical-striped_pantyhose,0,3708
10921,vertical-striped_shirt,0,12672
10922,vertical-striped_shorts,0,2469
10923,vertical-striped_skirt,0,4445
10924,vertical-striped_sleeves,0,1726
10925,vertical-striped_socks,0,1509
10926,vertical-striped_thighhighs,0,11299
10927,vertical-striped_vest,0,1028
10928,vertical_foregrip,0,1263
10929,vertical_scroll_comic,0,1837
10930,very_dark_skin,0,15791
10931,very_hairy,0,752
10932,very_long_beard,0,1257
10933,very_long_ears,0,931
10934,very_long_fingernails,0,4203
10935,very_long_hair,0,1294751
10936,very_long_sidelocks,0,1230
10937,very_long_tail,0,5505
10938,very_long_tongue,0,1341
10939,very_short_hair,0,33516
10940,very_sweaty,0,10786
10941,very_wide_shot,0,2044
10942,vest,0,293846
10943,vest_lift,0,797
10944,vial,0,3863
10945,vibrator,0,29227
10946,vibrator_cord,0,2861
10947,vibrator_in_thigh_strap,0,1345
10948,vibrator_in_thighhighs,0,1907
10949,vibrator_on_nipple,0,1670
10950,vibrator_under_clothes,0,4569
10951,vibrator_under_panties,0,2230
10952,victorian,0,1368
10953,victorian_maid,0,940
10954,video_call,0,649
10955,video_camera,0,3314
10956,video_game,0,2068
10957,video_game_cover,0,851
10958,video_game_dialogue_box,0,3889
10959,viera,0,3082
10960,view_between_legs,0,656
10961,viewer_holding_leash,0,2887
10962,viewer_holding_phone,0,2942
10963,viewer_on_leash,0,911
10964,viewfinder,0,9400
10965,vignetting,0,2414
10966,village,0,1137
10967,vines,0,16690
10968,vintage_microphone,0,610
10969,vinyl_record,0,1405
10970,violence,0,745
10971,violin,0,6803
10972,virgin,0,666
10973,virgin_destroyer_sweater,0,1493
10974,virgin_killer_outfit,0,1054
10975,virgin_killer_sweater,0,5805
10976,virtual_graduation_commemoration,0,2472
10977,virtual_pet_(toy),0,1225
10978,virtual_reality,0,707
10979,virtual_youtuber,0,584429
10980,visible_air,0,2690
10981,vision_(genshin_impact),0,27344
10982,visor,0,2264
10983,visor_(armor),0,2455
10984,visor_cap,0,32590
10985,visual_novel,0,994
10986,vocaloid_append,0,2025
10987,vodka,0,851
10988,voice_actor,0,3093
10989,voice_actor_connection,0,13223
10990,void_face,0,2087
10991,voile,0,1028
10992,volcano,0,1181
10993,volleyball,0,3634
10994,volleyball_(object),0,2683
10995,volleyball_net,0,1197
10996,volleyball_uniform,0,3256
10997,vomit,0,710
10998,vomiting,0,860
10999,vore,0,1776
11000,voyeurism,0,2652
11001,w,0,27011
11002,w_arms,0,6997
11003,w_over_eye,0,956
11004,wa_lolita,0,1468
11005,wa_maid,0,6326
11006,wading,0,51577
11007,wading_pool,0,1616
11008,wafer_stick,0,1152
11009,waffle,0,833
11010,wagashi,0,16002
11011,wagnaria_uniform,0,1185
11012,waist_apron,0,66213
11013,waist_bow,0,10779
11014,waist_cape,0,11100
11015,waist_hug,0,652
11016,waist_ribbon,0,1827
11017,waist_sash,0,2565
11018,waistcoat,0,9715
11019,waiter,0,1667
11020,waitress,0,16594
11021,wakamezake,0,928
11022,waking_up,0,8625
11023,wakizashi,0,1667
11024,walk-in,0,4066
11025,walker_(robot),0,976
11026,walkie-talkie,0,3821
11027,walking,0,48794
11028,walking_away,0,778
11029,walking_on_liquid,0,1112
11030,wall,0,9464
11031,wall-eyed,0,767
11032,wall_clock,0,2101
11033,wall_lamp,0,975
11034,wall_of_text,0,1578
11035,wallet,0,1679
11036,wallet_chain,0,1758
11037,wallpaper_(object),0,1496
11038,wand,0,26576
11039,wanted_poster,0,1445
11040,war,0,1689
11041,war_hammer,0,1198
11042,waraji,0,814
11043,wardrobe_error,0,808
11044,wardrobe_malfunction,0,10759
11045,wariza,0,101899
11046,warm_colors,0,1632
11047,warning_sign,0,1945
11048,warrior,0,1147
11049,warship,0,3189
11050,washing,0,846
11051,washing_hair,0,950
11052,washing_machine,0,2214
11053,wataboushi,0,1166
11054,watch,0,39394
11055,watching,0,1015
11056,watching_television,0,1557
11057,water,0,267599
11058,water_bottle,0,14287
11059,water_drop,0,32245
11060,water_gun,0,9068
11061,water_lily_flower,0,1214
11062,water_slide,0,682
11063,water_type_theme_(pokemon),0,889
11064,water_yoyo,0,786
11065,watercolor_effect,0,855
11066,watercraft,0,17176
11067,waterfall,0,7191
11068,watering,0,634
11069,watering_can,0,3528
11070,watermark,0,216316
11071,watermark_grid,0,3252
11072,watermelon,0,12017
11073,watermelon_bar,0,1917
11074,watermelon_slice,0,2519
11075,watson_cross,0,4849
11076,waves,0,9624
11077,waving,0,36602
11078,waving_arms,0,1012
11079,wavy_eyes,0,1913
11080,wavy_hair,0,138469
11081,wavy_mouth,0,96028
11082,wavy_sidelocks,0,802
11083,wax_seal,0,1082
11084,weapon,0,754723
11085,weapon_bag,0,962
11086,weapon_case,0,1439
11087,weapon_focus,0,1192
11088,weapon_in_garters,0,713
11089,weapon_on_back,0,15423
11090,weapon_over_shoulder,0,11659
11091,weapon_tassel,0,859
11092,weasel,0,711
11093,weasel_ears,0,2260
11094,weasel_girl,0,1532
11095,weasel_tail,0,1456
11096,web_address,0,63107
11097,webbed_hands,0,1314
11098,wedding,0,4863
11099,wedding_dress,0,28446
11100,wedding_ring,0,20115
11101,wedge_heels,0,1432
11102,wedgie,0,7963
11103,wehrmacht,0,632
11104,weibo_username,0,1854
11105,weibo_watermark,0,35452
11106,weighing_scale,0,2819
11107,weight,0,605
11108,weight_conscious,0,2287
11109,weight_gain,0,685
11110,weightlifting,0,1749
11111,weights,0,1056
11112,welsh_corgi,0,814
11113,werewolf,0,2361
11114,western_comics_(style),0,2005
11115,western_dragon,0,2459
11116,wet,0,180435
11117,wet_clothes,0,57825
11118,wet_dress,0,1730
11119,wet_face,0,954
11120,wet_floor,0,759
11121,wet_hair,0,18888
11122,wet_panties,0,7501
11123,wet_shirt,0,19901
11124,wet_skirt,0,984
11125,wet_swimsuit,0,5025
11126,wet_towel,0,1495
11127,wetland,0,659
11128,wetsuit,0,2207
11129,whale,0,3538
11130,whale_girl,0,831
11131,whale_hair_ornament,0,862
11132,whale_hat,0,773
11133,whale_tail_(clothing),0,624
11134,what,0,4342
11135,wheat,0,2321
11136,wheat_field,0,1767
11137,wheel,0,2966
11138,wheelbarrow,0,1112
11139,wheelchair,0,3303
11140,when_you_see_it,0,3159
11141,whip,0,9420
11142,whip_marks,0,1017
11143,whip_sword,0,961
11144,whipped_cream,0,4384
11145,whisk,0,4039
11146,whisker_markings,0,18536
11147,whiskers,0,13110
11148,whiskey,0,1417
11149,whispering,0,3070
11150,whispering_in_ear,0,830
11151,whistle,0,11699
11152,whistle_around_neck,0,6926
11153,whistling,0,771
11154,white-framed_eyewear,0,6140
11155,white_apron,0,109975
11156,white_arm_warmers,0,1988
11157,white_armband,0,2065
11158,white_armor,0,4968
11159,white_ascot,0,25120
11160,white_babydoll,0,1873
11161,white_background,0,2126552
11162,white_bag,0,5872
11163,white_bandana,0,1265
11164,white_bandeau,0,1962
11165,white_belt,0,24212
11166,white_bikini,0,122765
11167,white_bird,0,5238
11168,white_bloomers,0,11078
11169,white_bodysuit,0,17424
11170,white_bonnet,0,1891
11171,white_boots,0,57546
11172,white_border,0,143150
11173,white_bow,0,137454
11174,white_bowtie,0,21053
11175,white_bra,0,42789
11176,white_bridal_gauntlets,0,2070
11177,white_butterfly,0,2968
11178,white_camisole,0,16550
11179,white_cape,0,24780
11180,white_capelet,0,30661
11181,white_car,0,680
11182,white_cardigan,0,6332
11183,white_cat,0,8735
11184,white_choker,0,25606
11185,white_cloak,0,7868
11186,white_coat,0,65089
11187,white_collar,0,23087
11188,white_corset,0,3577
11189,white_day,0,1527
11190,white_dog,0,1077
11191,white_dress,0,403000
11192,white_eyelashes,0,5692
11193,white_eyes,0,24793
11194,white_feathers,0,9121
11195,white_flag,0,823
11196,white_flower,0,133943
11197,white_fur,0,31685
11198,white_garter_belt,0,1731
11199,white_garter_straps,0,4217
11200,white_gloves,0,401792
11201,white_hair,0,951639
11202,white_hairband,0,55137
11203,white_hakama,0,1146
11204,white_halo,0,7159
11205,white_hanfu,0,5831
11206,white_haori,0,984
11207,white_hat,0,156283
11208,white_headband,0,9471
11209,white_headdress,0,8250
11210,white_headscarf,0,6336
11211,white_helmet,0,2237
11212,white_hood,0,3830
11213,white_hoodie,0,22906
11214,white_horns,0,9347
11215,white_horse,0,737
11216,white_jacket,0,175657
11217,white_jumpsuit,0,1358
11218,white_kimono,0,51331
11219,white_leg_warmers,0,5560
11220,white_leggings,0,2870
11221,white_leotard,0,42383
11222,white_lily,0,3348
11223,white_male_underwear,0,3754
11224,white_mask,0,6234
11225,white_mittens,0,2129
11226,white_mouth,0,3135
11227,white_nails,0,5853
11228,white_neckerchief,0,12953
11229,white_necktie,0,13104
11230,white_nightgown,0,1837
11231,white_one-piece_swimsuit,0,29554
11232,white_outline,0,52674
11233,white_overalls,0,657
11234,white_pajamas,0,1708
11235,white_panties,0,227635
11236,white_pants,0,65320
11237,white_pantyhose,0,83090
11238,white_petals,0,1574
11239,white_pubic_hair,0,1551
11240,white_pupils,0,108528
11241,white_rabbit_(animal),0,1478
11242,white_ribbon,0,80706
11243,white_robe,0,13563
11244,white_romper,0,4337
11245,white_rope,0,1209
11246,white_rose,0,19701
11247,white_sailor_collar,0,82059
11248,white_sandals,0,5684
11249,white_sarong,0,1787
11250,white_sash,0,6827
11251,white_scales,0,1455
11252,white_scarf,0,31037
11253,white_scrunchie,0,6635
11254,white_serafuku,0,3725
11255,white_shawl,0,2164
11256,white_shirt,0,1270449
11257,white_shoes,0,85123
11258,white_shorts,0,49873
11259,white_shrug,0,4575
11260,white_skin,0,58359
11261,white_skirt,0,128240
11262,white_sky,0,1801
11263,white_sleeves,0,76021
11264,white_slingshot_swimsuit,0,1011
11265,white_slippers,0,1180
11266,white_snake,0,3951
11267,white_socks,0,201612
11268,white_sports_bra,0,6030
11269,white_streaks,0,18963
11270,white_suit,0,6319
11271,white_sweater,0,37006
11272,white_sweater_vest,0,657
11273,white_tabard,0,1691
11274,white_tail,0,6716
11275,white_tank_top,0,23538
11276,white_theme,0,4265
11277,white_thighhighs,0,317502
11278,white_tiger,0,1593
11279,white_trim,0,6464
11280,white_tube_top,0,3349
11281,white_tulip,0,841
11282,white_tunic,0,1472
11283,white_umbrella,0,3317
11284,white_veil,0,14566
11285,white_vest,0,11080
11286,white_wings,0,58530
11287,white_wrist_cuffs,0,23205
11288,whiteboard,0,1530
11289,wide-eyed,0,47752
11290,wide_brim,0,1568
11291,wide_face,0,790
11292,wide_hips,0,52582
11293,wide_oval_eyes,0,1216
11294,wide_ponytail,0,4759
11295,wide_shot,0,21405
11296,wide_sleeves,0,332491
11297,wide_spread_legs,0,6017
11298,widow's_peak,0,1186
11299,wife_and_wife,0,4862
11300,wiffle_gag,0,6556
11301,wig,0,2117
11302,wince,0,16412
11303,wind,0,62990
11304,wind_chime,0,3323
11305,wind_lift,0,18075
11306,wind_turbine,0,1041
11307,winding_key,0,3770
11308,windmill,0,1527
11309,window,0,166355
11310,window_(computing),0,2644
11311,window_blinds,0,3611
11312,window_shadow,0,3835
11313,windowsill,0,1520
11314,windsock,0,852
11315,wine,0,11308
11316,wine_bottle,0,8502
11317,wine_glass,0,20293
11318,wing_brooch,0,1875
11319,wing_collar,0,80078
11320,wing_ears,0,1094
11321,wing_hair_ornament,0,12999
11322,wing_ornament,0,3622
11323,wing_piercing,0,920
11324,winged_arms,0,7260
11325,winged_bag,0,1010
11326,winged_boots,0,678
11327,winged_hair_ornament,0,824
11328,winged_halo,0,1377
11329,winged_hat,0,3786
11330,winged_heart,0,1958
11331,winged_heart_tattoo,0,1591
11332,winged_helmet,0,4349
11333,winged_shoes,0,1411
11334,wings,0,572302
11335,winter,0,16825
11336,winter_clothes,0,25379
11337,winter_coat,0,8646
11338,winter_uniform,0,56695
11339,wiping,0,982
11340,wiping_face,0,2766
11341,wiping_mouth,0,1078
11342,wiping_sweat,0,2586
11343,wiping_tears,0,2950
11344,wire,0,3821
11345,wireless_earphones,0,1009
11346,wispy_bangs,0,7931
11347,wisteria,0,3238
11348,witch,0,23095
11349,witch's_labyrinth,0,623
11350,witch_(madoka_magica),0,1316
11351,witch_hat,0,126553
11352,wizard,0,1438
11353,wizard_hat,0,6805
11354,wok,0,1022
11355,wolf,0,9654
11356,wolf_boy,0,10287
11357,wolf_costume,0,1604
11358,wolf_cut,0,5893
11359,wolf_ears,0,106022
11360,wolf_girl,0,53258
11361,wolf_paws,0,679
11362,wolf_tail,0,56181
11363,wood,0,1069
11364,wooden_bench,0,1090
11365,wooden_box,0,871
11366,wooden_bucket,0,3496
11367,wooden_chair,0,2475
11368,wooden_door,0,652
11369,wooden_fence,0,3553
11370,wooden_floor,0,37249
11371,wooden_horse,0,852
11372,wooden_spoon,0,747
11373,wooden_sword,0,2709
11374,wooden_table,0,4386
11375,wooden_wall,0,3502
11376,wool,0,736
11377,workout_clothes,0,845
11378,world_war_ii,0,4068
11379,worldwide_miku,0,1071
11380,worm,0,1075
11381,worried,0,5520
11382,wrapped_candy,0,1884
11383,wrapped_in_blanket,0,784
11384,wreath,0,3751
11385,wreckage,0,1069
11386,wrench,0,6099
11387,wrestling,0,3186
11388,wrestling_mask,0,713
11389,wrestling_outfit,0,3980
11390,wrestling_ring,0,1835
11391,wringing_clothes,0,1439
11392,wrinkled_skin,0,4272
11393,wrist_belt,0,1324
11394,wrist_bow,0,3225
11395,wrist_cuffs,0,197491
11396,wrist_cutting,0,1458
11397,wrist_flower,0,1124
11398,wrist_guards,0,3599
11399,wrist_ribbon,0,7331
11400,wrist_scrunchie,0,26810
11401,wrist_straps,0,775
11402,wrist_wrap,0,1985
11403,wristband,0,65546
11404,wristwatch,0,26435
11405,writing,0,5872
11406,wrong_foot,0,1005
11407,wyvern,0,1245
11408,x-ray,0,15184
11409,x-ray_vision,0,616
11410,x-shaped_pupils,0,7354
11411,x3,0,1202
11412,x_(symbol),0,3611
11413,x_arms,0,874
11414,x_fingers,0,976
11415,x_hair_ornament,0,104221
11416,x_mouth,0,2559
11417,x_navel,0,726
11418,x_x,0,2878
11419,xd,0,10443
11420,xiangyun,0,1015
11421,xiao_guan_(headdress),0,3587
11422,y2k_fashion,0,2275
11423,yabi_fashion,0,726
11424,yagasuri,0,3019
11425,yakisoba,0,921
11426,yakumo_family_(touhou),0,630
11427,yamabuki_high_school_uniform,0,1021
11428,yamaha,0,665
11429,yami_kawaii,0,1094
11430,yandere,0,8826
11431,yandere_trance,0,880
11432,yaoi,0,103412
11433,yaopei,0,1022
11434,yarn,0,2187
11435,yarn_ball,0,1844
11436,yasogami_school_uniform,0,3181
11437,yatai,0,671
11438,yawning,0,12974
11439,year_of_the_dog,0,832
11440,year_of_the_dragon,0,2453
11441,year_of_the_horse,0,1435
11442,year_of_the_ox,0,2936
11443,year_of_the_pig,0,811
11444,year_of_the_rabbit,0,3590
11445,year_of_the_rat,0,1355
11446,year_of_the_rooster,0,737
11447,year_of_the_snake,0,2568
11448,year_of_the_tiger,0,3356
11449,yellow-framed_eyewear,0,6125
11450,yellow-tinted_eyewear,0,3130
11451,yellow_apron,0,3214
11452,yellow_armband,0,3254
11453,yellow_armor,0,1121
11454,yellow_ascot,0,34679
11455,yellow_background,0,91813
11456,yellow_bag,0,4695
11457,yellow_bandana,0,1021
11458,yellow_bandeau,0,1171
11459,yellow_belt,0,5803
11460,yellow_bikini,0,20106
11461,yellow_bird,0,685
11462,yellow_blood,0,693
11463,yellow_bodysuit,0,2999
11464,yellow_boots,0,6403
11465,yellow_border,0,2833
11466,yellow_bow,0,65385
11467,yellow_bowtie,0,16718
11468,yellow_bra,0,3327
11469,yellow_butterfly,0,2464
11470,yellow_camisole,0,1447
11471,yellow_cape,0,3573
11472,yellow_capelet,0,1138
11473,yellow_cardigan,0,9310
11474,yellow_choker,0,3955
11475,yellow_cloak,0,1890
11476,yellow_coat,0,4954
11477,yellow_collar,0,755
11478,yellow_dress,0,23746
11479,yellow_eyes,0,933974
11480,yellow_feathers,0,3563
11481,yellow_flower,0,48456
11482,yellow_fur,0,12506
11483,yellow_gem,0,1995
11484,yellow_gloves,0,14218
11485,yellow_hairband,0,15046
11486,yellow_halo,0,33689
11487,yellow_hat,0,11467
11488,yellow_headband,0,1964
11489,yellow_headscarf,0,931
11490,yellow_helmet,0,694
11491,yellow_hood,0,749
11492,yellow_hoodie,0,5281
11493,yellow_horns,0,6606
11494,yellow_jacket,0,36223
11495,yellow_jumpsuit,0,817
11496,yellow_kimono,0,7296
11497,yellow_leotard,0,2593
11498,yellow_lips,0,734
11499,yellow_mask,0,1014
11500,yellow_nails,0,13856
11501,yellow_neckerchief,0,27105
11502,yellow_necktie,0,20788
11503,yellow_one-piece_swimsuit,0,1207
11504,yellow_outline,0,2031
11505,yellow_overalls,0,785
11506,yellow_pajamas,0,946
11507,yellow_panties,0,7021
11508,yellow_pants,0,4226
11509,yellow_pantyhose,0,1882
11510,yellow_petals,0,1209
11511,yellow_pupils,0,8824
11512,yellow_raincoat,0,2056
11513,yellow_ribbon,0,45859
11514,yellow_rose,0,7496
11515,yellow_sailor_collar,0,1303
11516,yellow_sandals,0,1154
11517,yellow_sash,0,5734
11518,yellow_scarf,0,8893
11519,yellow_sclera,0,16039
11520,yellow_scrunchie,0,4968
11521,yellow_shirt,0,58684
11522,yellow_shoes,0,9034
11523,yellow_shorts,0,9288
11524,yellow_skin,0,6908
11525,yellow_skirt,0,18319
11526,yellow_sky,0,2772
11527,yellow_sleeves,0,3763
11528,yellow_slingshot_swimsuit,0,779
11529,yellow_socks,0,3702
11530,yellow_sports_bra,0,1076
11531,yellow_sweater,0,13481
11532,yellow_sweater_vest,0,4483
11533,yellow_tail,0,2983
11534,yellow_tank_top,0,2173
11535,yellow_teeth,0,1329
11536,yellow_theme,0,7670
11537,yellow_thighhighs,0,4890
11538,yellow_tongue,0,619
11539,yellow_trim,0,5148
11540,yellow_tulip,0,955
11541,yellow_umbrella,0,940
11542,yellow_vest,0,5500
11543,yellow_visor_cap,0,1121
11544,yellow_wings,0,3806
11545,yen_sign,0,712
11546,yes,0,2494
11547,yes-no_pillow,0,2614
11548,yin_yang,0,11476
11549,yin_yang_orb,0,2259
11550,yin_yang_print,0,1262
11551,yo-yo,0,1993
11552,yoga,0,781
11553,yoga_mat,0,637
11554,yoga_pants,0,6517
11555,yokosuka_girls_marine_high_school_uniform,0,655
11556,yokozuwari,0,24441
11557,yordle,0,1946
11558,yotsuba_university_affiliated_junior_high_school_uniform,0,703
11559,you're_doing_it_wrong,0,2605
11560,you're_not_helping,0,888
11561,you_gonna_get_raped,0,4948
11562,youkai_(youkai_watch),0,3152
11563,youtou_high_school_uniform,0,1165
11564,youtube_logo,0,657
11565,yugake,0,3325
11566,yuigaoka_school_uniform,0,2772
11567,yukadon,0,794
11568,yukata,0,30333
11569,yuki_onna,0,774
11570,yukkuri_shiteitte_ne,0,8145
11571,yume_kawaii,0,4284
11572,yumenosaki_school_uniform,0,1074
11573,yumi_(bow),0,918
11574,yunomi,0,4374
11575,yuri,0,298287
11576,yurie_mouth,0,721
11577,yurigaoka_girls_academy_school_uniform,0,3019
11578,yuyushiki's_school_uniform,0,613
11579,z-ring,0,999
11580,z_saber,0,1110
11581,zabuton,0,1887
11582,zebra_print,0,941
11583,zenra,0,961
11584,zeon,0,2735
11585,zero_gravity,0,1603
11586,zero_suit,0,3711
11587,zettai_ryouiki,0,160767
11588,zipper,0,52667
11589,zipper_dress,0,1010
11590,zipper_leotard,0,691
11591,zipper_pull_tab,0,27522
11592,zipper_skirt,0,819
11593,zodiac,0,1403
11594,zombie,0,8788
11595,zombie_pose,0,3939
11596,zoom_layer,0,34699
11597,zoophilia,0,4595
11598,zora,0,1604
11599,zouni_soup,0,641
11600,zouri,0,13509
11601,zun_(style),0,1809
11602,zun_pose,0,628
11603,zzz,0,14409
11604,|_|,0,24537
11605,25-ji_miku,4,741
11606,2b_(nier:automata),4,11298
11607,2k-tan,4,615
11608,35p_(sakura_miko),4,1255
11609,37_(reverse:1999),4,1401
11610,9a-91_(girls'_frontline),4,762
11611,9s_(nier:automata),4,2540
11612,a-chan_(hololive),4,902
11613,a2_(nier:automata),4,1512
11614,aa-12_(girls'_frontline),4,697
11615,abe_nana,4,1422
11616,abigail_williams_(fate),4,12347
11617,abigail_williams_(first_ascension)_(fate),4,3629
11618,abigail_williams_(second_ascension)_(fate),4,682
11619,abigail_williams_(swimsuit_foreigner)_(third_ascension)_(fate),4,1071
11620,abigail_williams_(third_ascension)_(fate),4,1051
11621,abigail_williams_(traveling_outfit)_(fate),4,1104
11622,absol,4,1607
11623,abukuma_(kancolle),4,2291
11624,abukuma_kai_ni_(kancolle),4,714
11625,accelerator_(toaru_majutsu_no_index),4,2398
11626,acerola_(pokemon),4,1296
11627,acheron_(honkai:_star_rail),4,6445
11628,acheron_(slashed_dream)_(honkai:_star_rail),4,805
11629,achilles_(fate),4,941
11630,acolyte_(ragnarok_online),4,1000
11631,ada_wong,4,1862
11632,adachi_rei,4,6955
11633,adachi_sakura,4,627
11634,adachi_tooru,4,1173
11635,adaman_(pokemon),4,994
11636,adashino_adami,4,1273
11637,adeleine,4,632
11638,adeptus_astartes,4,1101
11639,admiral_(kancolle),4,36824
11640,admiral_graf_spee_(azur_lane),4,866
11641,admiral_hipper_(azur_lane),4,661
11642,admire_groove_(umamusume),4,716
11643,admire_vega_(starry_nocturne)_(umamusume),4,685
11644,admire_vega_(umamusume),4,3691
11645,adult_neptune,4,700
11646,adventurer_(ff11),4,2023
11647,adventurer_(ff14),4,989
11648,aegir_(azur_lane),4,1375
11649,aemeath_(wuthering_waves),4,2312
11650,aerith_gainsborough,4,10769
11651,aesc_(fate),4,1093
11652,aesc_(rain_witch)_(fate),4,667
11653,aether_(genshin_impact),4,12584
11654,aether_foundation_employee,4,717
11655,african_wild_dog_(kemono_friends),4,714
11656,afuro_terumi,4,642
11657,agano_(kancolle),4,1736
11658,agatsuma_zenitsu,4,1138
11659,agent_3_(splatoon),4,1123
11660,agent_8_(splatoon),4,1437
11661,aglaea_(honkai:_star_rail),4,2105
11662,agnes_claudel,4,713
11663,agnes_digital_(umamusume),4,2911
11664,agnes_tachyon_(tach-nology)_(umamusume),4,4868
11665,agnes_tachyon_(umamusume),4,12619
11666,agrias_oaks,4,761
11667,agumon,4,689
11668,ahri_(league_of_legends),4,4264
11669,ai-chan_(tawawa),4,644
11670,aiba_yumi,4,733
11671,aida_mana,4,2157
11672,aigis_(persona),4,2664
11673,aijo_karen,4,975
11674,aikawa_megumi,4,665
11675,aile_(mega_man_zx),4,1998
11676,aino_megumi,4,965
11677,aino_minako,4,2519
11678,aioi_yuuko,4,670
11679,air_groove_(umamusume),4,2734
11680,air_shakur_(umamusume),4,1849
11681,airani_iofifteen,4,935
11682,airfield_princess,4,947
11683,airi_(band)_(blue_archive),4,707
11684,airi_(blue_archive),4,1958
11685,aisaka_taiga,4,3097
11686,aisha_landar,4,1151
11687,aizawa_ema,4,1234
11688,aizawa_shota,4,743
11689,ajaw_(genshin_impact),4,716
11690,ak-12_(girls'_frontline),4,2387
11691,ak-15_(girls'_frontline),4,1069
11692,akaboshi_koume,4,959
11693,akagi_(azur_lane),4,2507
11694,akagi_(kancolle),4,12153
11695,akagi_miria,4,2625
11696,akagi_shigeru,4,802
11697,akai_haato,4,2758
11698,akai_haato_(1st_costume),4,743
11699,akali,4,1475
11700,akamatsu_kaede,4,4552
11701,akane_(blue_archive),4,2419
11702,akane_(bunny)_(blue_archive),4,1168
11703,akane_lize,4,1287
11704,akari_(blue_archive),4,637
11705,akari_(pokemon),4,3720
11706,akashi_(azur_lane),4,977
11707,akashi_(kancolle),4,5202
11708,akatsuki_(kancolle),4,10242
11709,akatsuki_kai_ni_(kancolle),4,699
11710,akatsuki_kirika,4,2185
11711,akaza_akari,4,2305
11712,akebono_(kancolle),4,6803
11713,akechi_goro,4,1520
11714,akehoshi_subaru,4,662
11715,akemi_homura,4,27133
11716,akemi_homura_(black_dress),4,637
11717,akemi_homura_(magical_girl),4,11916
11718,aketa_mikoto,4,958
11719,aki_(girls_und_panzer),4,1053
11720,aki_minoriko,4,5985
11721,aki_rosenthal,4,1488
11722,aki_shizuha,4,5195
11723,akigumo_(kancolle),4,3466
11724,akiha_rumiho,4,967
11725,akimoto_komachi,4,647
11726,akira_(blue_archive),4,1353
11727,akita_neru,4,1856
11728,akitsu_maru_(kancolle),4,2584
11729,akitsu_maru_kai_(kancolle),4,1152
11730,akitsushima_(kancolle),4,1044
11731,akiyama_mio,4,9377
11732,akiyama_mizuki,4,3267
11733,akiyama_yukari,4,5041
11734,akizuki_(kancolle),4,2493
11735,akizuki_ritsuko,4,2896
11736,akizuki_ryo,4,1277
11737,ako_(blue_archive),4,6495
11738,ako_(dress)_(blue_archive),4,1641
11739,akuma_(street_fighter),4,633
11740,akuma_homura,4,2642
11741,alastor_(hazbin_hotel),4,921
11742,alastor_(shakugan_no_shana),4,866
11743,albedo_(genshin_impact),4,2828
11744,albedo_(overlord),4,1489
11745,alchemist_(ragnarok_online),4,857
11746,alcina_dimitrescu,4,635
11747,alcremie,4,1277
11748,alcremie_(strawberry_sweet),4,749
11749,alena_(dq4),4,890
11750,alexandrina_sebastiane,4,1173
11751,alhaitham_(genshin_impact),4,3560
11752,alice_(alice_in_wonderland),4,3647
11753,alice_(genshin_impact),4,656
11754,alice_(nikke),4,1121
11755,alice_cartelet,4,751
11756,alice_margatroid,4,34113
11757,alice_margatroid_(pc-98),4,1574
11758,alice_thymefield,4,2423
11759,alice_thymefield_(sea_of_thyme),4,735
11760,alice_zuberg,4,1154
11761,alina_gray,4,1253
11762,alisa_(girls_und_panzer),4,982
11763,alisa_ilinichina_amiella,4,1393
11764,alisa_mikhailovna_kujou,4,1463
11765,all_might,4,739
11766,allen_walker,4,647
11767,allister_(pokemon),4,1176
11768,almond_eye_(the_changer)_(umamusume),4,755
11769,almond_eye_(umamusume),4,1845
11770,alolan_raichu,4,684
11771,alolan_vulpix,4,1331
11772,alpaca_suri_(kemono_friends),4,1346
11773,alpha_(pgr),4,669
11774,alphonse_elric,4,1233
11775,altaria,4,1319
11776,altera_(fate),4,1395
11777,altina_orion,4,686
11778,alucard_(hellsing),4,725
11779,amagi-chan_(azur_lane),4,653
11780,amagi_(azur_lane),4,1287
11781,amagi_(kancolle),4,978
11782,amagi_yukiko,4,2196
11783,amakubo_yuri,4,651
11784,amakusa_shirou_(fate),4,671
11785,amami_haruka,4,5556
11786,amami_rantaro,4,1704
11787,amamiya_kokoro,4,1479
11788,amamiya_ren,4,4887
11789,amane_kanata,4,7442
11790,amane_kanata_(1st_costume),4,1618
11791,amane_kanata_(work),4,1113
11792,amane_misa,4,825
11793,amane_suzuha,4,879
11794,amanogawa_kirara,4,1374
11795,amaori_renako,4,1341
11796,amate_yuzuriha,4,4506
11797,amatsukaze_(kancolle),4,7542
11798,amazon_(dragon's_crown),4,720
11799,amber_(genshin_impact),4,3241
11800,ame-chan_(needy_girl_overdose),4,2637
11801,america_(hetalia),4,2046
11802,amillion_(zenless_zone_zero),4,1140
11803,amiya_(arknights),4,10635
11804,amiya_(medic)_(arknights),4,683
11805,amoris_(bang_dream!),4,725
11806,ampharos,4,960
11807,amuro_ray,4,1020
11808,amuro_tooru,4,864
11809,amy_rose,4,3106
11810,an-94_(girls'_frontline),4,2161
11811,anastasia_(fate),4,2431
11812,anastasia_(idolmaster),4,3312
11813,anaxa_(honkai:_star_rail),4,2310
11814,anby_demara,4,2020
11815,anchovy_(girls_und_panzer),4,5685
11816,andira_(granblue_fantasy),4,979
11817,andou_(girls_und_panzer),4,2022
11818,andrew_graves,4,888
11819,android_18,4,2751
11820,android_21,4,1847
11821,anegasaki_nene,4,840
11822,ange_(princess_principal),4,626
11823,ange_katrina,4,4587
11824,ange_katrina_(1st_costume),4,1534
11825,angel_(kof),4,1719
11826,angel_devil_(chainsaw_man),4,1826
11827,angela_(project_moon),4,1816
11828,angela_balzac,4,873
11829,angelica_(project_moon),4,742
11830,angelina_(arknights),4,4335
11831,angewomon,4,1137
11832,angra_mainyu_(fate),4,877
11833,anila_(granblue_fantasy),4,1602
11834,anis_(nikke),4,3225
11835,anis_(sparkling_summer)_(nikke),4,947
11836,anisphia_wynn_palettia,4,1074
11837,anjou_naruko,4,870
11838,ankha_(animal_crossing),4,821
11839,anna_(fire_emblem),4,739
11840,anna_(frozen),4,947
11841,annette_fantine_dominic,4,901
11842,annie_leonhart,4,1101
11843,ant_tenna,4,881
11844,antonio_salieri_(fate),4,628
11845,anya_(spy_x_family),4,6367
11846,anya_melfissa,4,1041
11847,anyoji_hime,4,5383
11848,ao-chan_(ninomae_ina'nis),4,742
11849,ao_isami,4,1859
11850,aoba_(blue_archive),4,1291
11851,aoba_(kancolle),4,3058
11852,aoba_moca,4,1212
11853,aoi_(blue_archive),4,738
11854,aoi_erika,4,633
11855,aokaze_nana,4,632
11856,aoki_reika,4,2499
11857,aono_miki,4,731
11858,aotsuki_eito,4,4063
11859,aoyagi_touya,4,1884
11860,aozaki_aoko,4,1799
11861,apollo_justice,4,913
11862,aponia,4,1124
11863,apple_(reverse:1999),4,649
11864,applin,4,868
11865,aqua_(kingdom_hearts),4,775
11866,aqua_(konosuba),4,6192
11867,aquila_(kancolle),4,931
11868,ara_haan,4,854
11869,araga_kiwi,4,687
11870,aragaki_ayase,4,823
11871,aragaki_shinjirou,4,1035
11872,arahashi_tabi,4,604
11873,aranara_(genshin_impact),4,1841
11874,araragi_karen,4,1101
11875,araragi_koyomi,4,1611
11876,araragi_tsukihi,4,1013
11877,arare_(kancolle),4,893
11878,arashi_(kancolle),4,1431
11879,arashi_chisato,4,1365
11880,arashio_(kancolle),4,1844
11881,arashio_kai_ni_(kancolle),4,724
11882,arataki_itto,4,1488
11883,arato_nagi,4,1079
11884,arbok,4,1026
11885,arcane_caitlyn,4,767
11886,arcane_jinx,4,1273
11887,arcane_vi,4,1056
11888,arcanine,4,987
11889,arceus,4,704
11890,arch_bishop_(ragnarok_online),4,4113
11891,archer_(fate),4,6267
11892,archetype_earth,4,791
11893,arcueid_brunestud,4,5250
11894,arezu_(pokemon),4,845
11895,aria_(human)_(zenless_zone_zero),4,1618
11896,aria_(robot)_(zenless_zone_zero),4,719
11897,aria_(zenless_zone_zero),4,2098
11898,ariane_yeong,4,650
11899,arihara_nanami,4,751
11900,arima_kana,4,3405
11901,arimura_mao,4,1206
11902,aris_(blue_archive),4,9991
11903,aris_(maid)_(blue_archive),4,1736
11904,arisugawa_natsuha,4,1515
11905,arjuna_(fate),4,1597
11906,ark_royal_(kancolle),4,1464
11907,arle_nadja,4,1457
11908,arlecchino_(genshin_impact),4,5244
11909,armin_arlert,4,1520
11910,arona_(blue_archive),4,7187
11911,ars_almal,4,814
11912,arsene_lupin_iii,4,622
11913,arthur_pendragon_(fate),4,1255
11914,artoria_caster_(fate),4,4293
11915,artoria_caster_(second_ascension)_(fate),4,1407
11916,artoria_caster_(swimsuit_berserker)_(first_ascension)_(fate),4,637
11917,artoria_pendragon_(fate),4,42778
11918,artoria_pendragon_(lancer)_(fate),4,5474
11919,artoria_pendragon_(lancer)_(third_ascension)_(fate),4,1008
11920,artoria_pendragon_(lancer_alter)_(fate),4,2156
11921,artoria_pendragon_(swimsuit_ruler)_(fate),4,1890
11922,artoria_pendragon_(swimsuit_ruler)_(first_ascension)_(fate),4,1555
11923,aru_(blue_archive),4,7014
11924,aru_(dress)_(blue_archive),4,1054
11925,arven_(pokemon),4,1555
11926,asaba_harumasa,4,1893
11927,asagumo_(kancolle),4,1430
11928,asahina_aoi,4,889
11929,asahina_mafuyu,4,3537
11930,asahina_mikuru,4,3856
11931,asahina_mirai,4,1233
11932,asaka_karin,4,2081
11933,asakaze_(kancolle),4,964
11934,asakura_karen_(heaven_burns_red),4,1008
11935,asakura_ryoko,4,2262
11936,asakura_toru,4,3189
11937,asamiya_athena,4,764
11938,asashimo_(kancolle),4,1881
11939,asashio_(kancolle),4,6036
11940,asashio_kai_ni_(kancolle),4,2018
11941,asbel_lhant,4,702
11942,ash_ketchum,4,5517
11943,ashido_mina,4,2002
11944,ashigara_(kancolle),4,2896
11945,ashigara_kai_ni_(kancolle),4,768
11946,ashiya_douman_(fate),4,2218
11947,ashley_(warioware),4,883
11948,ashley_graham,4,944
11949,ashley_graves,4,1047
11950,ashveil_(honkai:_star_rail),4,602
11951,asirpa,4,1025
11952,asriel_dreemurr,4,825
11953,assam_(girls_und_panzer),4,1432
11954,assassin_(fate/zero),4,1024
11955,assassin_(ragnarok_online),4,753
11956,assassin_cross_(ragnarok_online),4,1415
11957,astarion,4,623
11958,astesia_(arknights),4,827
11959,astolfo_(fate),4,7317
11960,astolfo_(memories_at_trifas)_(fate),4,657
11961,astolfo_(rider)_(fate),4,1787
11962,astolfo_(saber)_(fate),4,902
11963,astolfo_(sailor_paladin)_(fate),4,1246
11964,aston_machan_(umamusume),4,1536
11965,astra_yao,4,2797
11966,asui_tsuyu,4,2397
11967,asuka_(senran_kagura),4,1287
11968,asuna_(blue_archive),4,16899
11969,asuna_(bunny)_(blue_archive),4,6503
11970,asuna_(sao),4,5613
11971,asuna_(sao-alo),4,719
11972,asuna_(school_uniform)_(blue_archive),4,3388
11973,atago_(azur_lane),4,4628
11974,atago_(kancolle),4,6880
11975,atago_(stunning_speedster)_(azur_lane),4,943
11976,atago_(summer_march)_(azur_lane),4,654
11977,atalanta_(fate),4,1480
11978,athrun_zala,4,1091
11979,atlanta_(kancolle),4,3248
11980,atou_haruki,4,2190
11981,atsuko_(blue_archive),4,2299
11982,aubrey_(faraway)_(omori),4,3588
11983,aubrey_(headspace)_(omori),4,1911
11984,aubrey_(omori),4,5238
11985,august_von_parseval_(azur_lane),4,720
11986,augusta_(wuthering_waves),4,942
11987,aura_(sousou_no_frieren),4,1293
11988,aurora_(arknights),4,1000
11989,aventurine_(honkai:_star_rail),4,4110
11990,awa_subaru,4,3091
11991,ayachi_nene,4,648
11992,ayanami_(azur_lane),4,3309
11993,ayanami_(kancolle),4,1857
11994,ayanami_(retrofit)_(azur_lane),4,1003
11995,ayanami_rei,4,9425
11996,ayane_(blue_archive),4,1750
11997,ayane_(doa),4,886
11998,ayase_eli,4,7037
11999,ayase_momo,4,3877
12000,ayase_seiko,4,794
12001,ayatsuji_tsukasa,4,877
12002,ayunda_risu,4,1176
12003,azarin_(exs-tia),4,953
12004,azazel_(helltaker),4,753
12005,azki_(4th_costume)_(hololive),4,769
12006,azki_(hololive),4,3350
12007,azul_ashengrotto,4,702
12008,azumarill,4,614
12009,azura_(fire_emblem),4,1598
12010,azusa_(blue_archive),4,3372
12011,azusa_(swimsuit)_(blue_archive),4,777
12012,azusawa_kohane,4,1644
12013,baba_konomi,4,772
12014,bache_(azur_lane),4,761
12015,backbeako_(torotei),4,2147
12016,backbeard,4,2054
12017,bagpipe_(arknights),4,1035
12018,baiken,4,1440
12019,bakugou_katsuki,4,6293
12020,baltimore_(azur_lane),4,1787
12021,bandana_waddle_dee,4,745
12022,banette,4,766
12023,bao_the_whale,4,606
12024,baobhan_sith_(fate),4,6898
12025,baobhan_sith_(first_ascension)_(fate),4,2009
12026,baobhan_sith_(swimsuit_pretender)_(first_ascension)_(fate),4,640
12027,barbara_(genshin_impact),4,3825
12028,bardiche_(nanoha),4,1916
12029,barghest_(fate),4,2679
12030,barnaby_brooks_jr.,4,3165
12031,baron_bunny_(genshin_impact),4,708
12032,barret_wallace,4,816
12033,barry_(pokemon),4,853
12034,bartz_klauser,4,829
12035,basil_(faraway)_(omori),4,4943
12036,basil_(headspace)_(omori),4,2669
12037,basil_(omori),4,7324
12038,batman,4,1424
12039,battleship_princess,4,2033
12040,bay_(nikke),4,660
12041,bayonetta,4,1727
12042,bazett_fraga_mcremitz,4,805
12043,bb_(fate),4,6271
12044,bb_(fate/extra),4,1766
12045,bb_(swimsuit_mooncancer)_(second_ascension)_(fate),4,1135
12046,bb_(swimsuit_mooncancer)_(third_ascension)_(fate),4,979
12047,bb_dubai_(fate),4,615
12048,bea_(pokemon),4,3424
12049,beatrice_(re:zero),4,1281
12050,beatrice_(umineko),4,2881
12051,beatrix_(granblue_fantasy),4,891
12052,becky_blackbell,4,797
12053,bede_(pokemon),4,1462
12054,bedivere_(fate),4,743
12055,beelstarmon,4,822
12056,beidou_(genshin_impact),4,2029
12057,belarus_(hetalia),4,656
12058,belfast_(azur_lane),4,4080
12059,bell_cranel,4,602
12060,belldandy,4,772
12061,belle_(summer_skies)_(zenless_zone_zero),4,712
12062,belle_(zenless_zone_zero),4,7500
12063,bellibolt,4,737
12064,belno_light_(umamusume),4,610
12065,ben_bigger,4,923
12066,beni-enma,4,763
12067,benikurage_(cookie),4,772
12068,bennett_(genshin_impact),4,951
12069,bernadetta_von_varley,4,1504
12070,berserker_(fate/zero),4,959
12071,bertolt_hoover,4,730
12072,bianca_(dq5),4,1190
12073,bianca_(pokemon),4,1753
12074,bibi_(tokoyami_towa),4,1962
12075,big_bad_wolf,4,761
12076,big_man_(splatoon),4,622
12077,billy_kid,4,942
12078,binah_(project_moon),4,790
12079,bismarck_(azur_lane),4,1032
12080,bismarck_(kancolle),4,5319
12081,biwa_hayahide_(umamusume),4,1978
12082,black_cat_(marvel),4,724
12083,black_hanekawa,4,756
12084,black_heart_(neptunia),4,779
12085,black_mage_(final_fantasy),4,751
12086,black_rock_shooter_(character),4,4012
12087,black_swan_(honkai:_star_rail),4,3103
12088,blade_(honkai:_star_rail),4,3080
12089,blake_belladonna,4,2114
12090,blanc_(neptunia),4,1374
12091,blanc_(nikke),4,985
12092,blastoise,4,839
12093,blaze_(arknights),4,1569
12094,blaze_the_cat,4,2285
12095,blaziken,4,894
12096,blemishine_(arknights),4,1010
12097,bloop_(gawr_gura),4,1848
12098,blue_oak,4,3211
12099,blue_pikmin,4,1084
12100,blue_poison_(arknights),4,1786
12101,blue_poison_(shoal_beat)_(arknights),4,810
12102,boa_hancock,4,1933
12103,boko_(girls_und_panzer),4,3032
12104,bokukawauso,4,697
12105,bokuto_koutarou,4,648
12106,bomb_devil_(chainsaw_man),4,1004
12107,bond_(spy_x_family),4,962
12108,boo_(mario),4,1533
12109,boo_tao_(genshin_impact),4,5581
12110,boota_(ttgl),4,629
12111,boothill_(honkai:_star_rail),4,1187
12112,bottle_miku,4,714
12113,boudica_(fate),4,1578
12114,boudica_(first_ascension)_(fate),4,715
12115,bowser,4,2060
12116,bowsette,4,3870
12117,bradamante_(fate),4,1043
12118,braixen,4,1649
12119,brant_(wuthering_waves),4,767
12120,brazilian_miku,4,1916
12121,bremerton_(azur_lane),4,5209
12122,bremerton_(scorching-hot_training)_(azur_lane),4,1652
12123,brendan_(pokemon),4,2452
12124,bridget_(guilty_gear),4,4104
12125,brock_(pokemon),4,765
12126,broly_(dragon_ball_super),4,691
12127,bronya_rand,4,1133
12128,bronya_zaychik,4,4612
12129,bronya_zaychik_(silverwing:_n-ex),4,1576
12130,brook_(one_piece),4,1081
12131,brown_bear_(kemono_friends),4,919
12132,brown_long-eared_bat_(kemono_friends),4,1113
12133,bruce_wayne,4,1091
12134,bruno_bucciarati,4,1579
12135,brynhild_(fate),4,861
12136,bubba_(watson_amelia),4,790
12137,bucky_barnes,4,644
12138,buena_vista_(umamusume),4,882
12139,buggy_the_clown,4,934
12140,bulbasaur,4,2818
12141,bulma,4,2300
12142,buneary,4,837
12143,burnice_white,4,3002
12144,buttercup_(ppg),4,643
12145,butterfree,4,728
12146,c.c.,4,5208
12147,caeda_(fire_emblem),4,619
12148,caelus_(honkai:_star_rail),4,7851
12149,caenis_(fate),4,1724
12150,caesar_(girls_und_panzer),4,641
12151,caesar_anthonio_zeppeli,4,4622
12152,caesar_king_(zenless_zone_zero),4,1536
12153,cagalli_yula_athha,4,1298
12154,cagliostro_(granblue_fantasy),4,1474
12155,cait_sith_(final_fantasy),4,644
12156,caitlin_(pokemon),4,654
12157,caitlyn_(league_of_legends),4,1533
12158,calem_(pokemon),4,1768
12159,callie_(splatoon),4,3930
12160,callie_(squid_sisters_outfit)_(splatoon),4,1495
12161,calstone_light_o_(umamusume),4,723
12162,camellya_(wuthering_waves),4,2139
12163,camilla_(fire_emblem),4,2693
12164,cammy_white,4,5423
12165,camus_(dq11),4,640
12166,canari_(pokemon),4,2319
12167,candace_(genshin_impact),4,729
12168,cantarella_(wuthering_waves),4,1761
12169,capitano_(genshin_impact),4,711
12170,captain_(honkai_impact),4,1334
12171,captain_(kemono_friends),4,1501
12172,captain_america,4,914
12173,captain_nemo_(fate),4,843
12174,caracal_(kemono_friends),4,1070
12175,carbuncle_(puyopuyo),4,717
12176,caren_hortensia,4,1362
12177,carlotta_(wuthering_waves),4,2046
12178,carmilla_(fate),4,871
12179,carmine_(pokemon),4,2972
12180,carpaccio_(girls_und_panzer),4,1247
12181,cartethyia_(wuthering_waves),4,2043
12182,castorice_(honkai:_star_rail),4,4166
12183,cecilia_alcott,4,860
12184,cecilia_immergreen,4,2453
12185,cecilia_immergreen_(1st_costume),4,939
12186,celebi,4,1011
12187,celes_chere,4,1019
12188,celestia_ludenberg,4,1827
12189,celica_(fire_emblem),4,1097
12190,celine_(fire_emblem),4,941
12191,cellien_(kemono_friends),4,693
12192,ceobe_(arknights),4,1452
12193,ceras_yanagida_lilienfeld,4,2505
12194,cerberus_(helltaker),4,1061
12195,ceres_fauna,4,5256
12196,ceres_fauna_(1st_costume),4,1554
12197,cerydra_(honkai:_star_rail),4,1255
12198,cesario_(umamusume),4,920
12199,ch'en_(arknights),4,4130
12200,chabashira_tenko,4,1274
12201,chalky_(zenless_zone_zero),4,814
12202,challia_bull,4,746
12203,chandelure,4,1625
12204,chando_(ado),4,3014
12205,changli_(wuthering_waves),4,3410
12206,char_aznable,4,2173
12207,chara_(undertale),4,2549
12208,charizard,4,3461
12209,charlie_morningstar,4,1121
12210,charlotta_(granblue_fantasy),4,694
12211,charlotte_(genshin_impact),4,816
12212,charlotte_(madoka_magica),4,2678
12213,charlotte_dunois,4,1336
12214,charlotte_e._yeager,4,2195
12215,charmander,4,2075
12216,charmeleon,4,765
12217,chattino_(raora_panthera),4,1182
12218,chel_(el_dorado),4,631
12219,chen,4,18739
12220,chen_(cat),4,698
12221,chen_qianyu_(arknights),4,1204
12222,cheng_xiaoshi,4,1184
12223,cheren_(pokemon),4,1291
12224,cheria_barnes,4,716
12225,cherino_(blue_archive),4,653
12226,cheshire_(azur_lane),4,1326
12227,cheshire_cat_(alice_in_wonderland),4,764
12228,chespin,4,741
12229,cheval_grand_(grand_itineraire)_(umamusume),4,664
12230,cheval_grand_(umamusume),4,3640
12231,chi-chi_(dragon_ball),4,1695
12232,chiaki_(blue_archive),4,642
12233,chibi_miku,4,803
12234,chibi_usa,4,2034
12235,chief_(path_to_nowhere),4,1236
12236,chihaya_anon,4,9469
12237,chihiro_(blue_archive),4,1240
12238,chii,4,633
12239,chikorita,4,1839
12240,chikuma_(kancolle),4,1201
12241,chilchuck_tims,4,1757
12242,chimchar,4,704
12243,china_(hetalia),4,1206
12244,chinatsu_(blue_archive),4,1032
12245,chiori_(genshin_impact),4,1314
12246,chisa_(wuthering_waves),4,2769
12247,chise_(blue_archive),4,1075
12248,chitanda_eru,4,2655
12249,chito_(shoujo_shuumatsu_ryokou),4,1279
12250,chitose_(kancolle),4,1186
12251,chiyoda_(kancolle),4,916
12252,chiyoda_momo,4,2262
12253,chloe_(princess_connect!),4,814
12254,chloe_von_einzbern,4,4399
12255,chloe_von_einzbern_(archer_install),4,768
12256,chocola_(nekopara),4,764
12257,chomusuke,4,1022
12258,chongyue_(arknights),4,1814
12259,chongyun_(genshin_impact),4,1651
12260,choso_(jujutsu_kaisen),4,717
12261,chou-10cm-hou-chan,4,1055
12262,chougei_(kancolle),4,634
12263,choukai_(kancolle),4,1992
12264,choukai_kai_ni_(kancolle),4,730
12265,chouzetsusaikawa_tenshi-chan,4,3876
12266,chris_redfield,4,1833
12267,chrollo_lucilfer,4,814
12268,chrom_(fire_emblem),4,1279
12269,chrono_genesis_(umamusume),4,1019
12270,chun-li,4,8402
12271,ciel_(mega_man),4,837
12272,ciel_(tsukihime),4,2130
12273,ciel_phantomhive,4,1044
12274,cinderace,4,1280
12275,cinderella_(nikke),4,2042
12276,cinnamiku,4,896
12277,cinnamoroll,4,1984
12278,cipher_(honkai:_star_rail),4,2367
12279,circe_(fate),4,723
12280,cirno,4,36251
12281,cissia_(zenless_zone_zero),4,1166
12282,citlali_(genshin_impact),4,3422
12283,claire_redfield,4,641
12284,clara_(girls_und_panzer),4,678
12285,clara_(honkai:_star_rail),4,602
12286,clarisse_(granblue_fantasy),4,1087
12287,clark_kent,4,631
12288,classic_d.va,4,1782
12289,claude_von_riegan,4,1618
12290,clefairy,4,1075
12291,cleveland_(azur_lane),4,976
12292,clive_rosfield,4,1107
12293,clodsire,4,846
12294,clorinde_(genshin_impact),4,2643
12295,cloud_strife,4,14358
12296,clownpiece,4,6927
12297,clumsy_nun_(diva),4,1421
12298,colette_brunel,4,670
12299,collei_(genshin_impact),4,1567
12300,colorado_(kancolle),4,1565
12301,columbina_(genshin_impact),4,6852
12302,commandant_teste_(kancolle),4,994
12303,commander_(azur_lane),4,4729
12304,commander_(girls'_frontline),4,2130
12305,commander_(last_origin),4,658
12306,commander_(nikke),4,2181
12307,common_dolphin_(kemono_friends),4,624
12308,common_raccoon_(kemono_friends),4,3213
12309,conch_(gundam),4,609
12310,conte_di_cavour_(kancolle),4,923
12311,copano_rickey_(umamusume),4,1428
12312,coral_(pokemon),4,732
12313,corbeau_(pokemon),4,1292
12314,corin_wickes,4,1690
12315,cosmog,4,1157
12316,courtney_(pokemon),4,766
12317,coyote_(kemono_friends),4,808
12318,cream_the_rabbit,4,879
12319,creator_(ragnarok_online),4,803
12320,creeper,4,867
12321,crewmate_(among_us),4,1386
12322,crocodile_(one_piece),4,1086
12323,crow_(la+_darknesss),4,975
12324,crownslayer_(arknights),4,612
12325,crypto_(apex_legends),4,880
12326,crystalfly_(genshin_impact),4,1414
12327,cu_chulainn_(caster)_(fate),4,1079
12328,cu_chulainn_(fate),4,6497
12329,cu_chulainn_(fate/stay_night),4,1778
12330,cu_chulainn_(lancer)_(fate),4,3943
12331,cu_chulainn_alter_(fate),4,1217
12332,cure_arcana_shadow,4,1367
12333,cure_beauty,4,1128
12334,cure_black,4,1304
12335,cure_blossom,4,1161
12336,cure_dream,4,678
12337,cure_happy,4,1034
12338,cure_heart,4,795
12339,cure_lovely,4,688
12340,cure_march,4,1018
12341,cure_marine,4,1360
12342,cure_melody,4,1053
12343,cure_miracle,4,688
12344,cure_moonlight,4,847
12345,cure_peace,4,1526
12346,cure_peach,4,956
12347,cure_pine,4,613
12348,cure_princess,4,614
12349,cure_prism,4,834
12350,cure_rhythm,4,761
12351,cure_sky,4,1570
12352,cure_sunny,4,889
12353,cure_sunshine,4,1152
12354,cure_sword,4,684
12355,cure_white,4,1126
12356,curren_bouquetd'or_(umamusume),4,753
12357,curren_chan_(fille_eclair)_(umamusume),4,946
12358,curren_chan_(umamusume),4,3904
12359,cutiefly,4,650
12360,cutlass_(girls_und_panzer),4,853
12361,cyan_(show_by_rock!!),4,613
12362,cyndaquil,4,1875
12363,cyno_(genshin_impact),4,2372
12364,cynthia_(pokemon),4,7086
12365,cyrene_(demiurge)_(honkai:_star_rail),4,4706
12366,cyrene_(honkai:_star_rail),4,7667
12367,cyrene_(philia093)_(honkai:_star_rail),4,3330
12368,d.va_(overwatch),4,4848
12369,dabi_(boku_no_hero_academia),4,661
12370,daiba_nana,4,1105
12371,daidouji_tomoyo,4,1988
12372,daiichi_ruby_(umamusume),4,884
12373,daitaku_helios_(umamusume),4,2317
12374,daitou_(kancolle),4,652
12375,daiwa_scarlet_(peak_blue)_(umamusume),4,1758
12376,daiwa_scarlet_(umamusume),4,8092
12377,daiyousei,4,10173
12378,damian_desmond,4,1521
12379,dan_heng_(honkai:_star_rail),4,4400
12380,dan_heng_(hunt)_(honkai:_star_rail),4,1322
12381,dan_heng_(imbibitor_lunae)_(honkai:_star_rail),4,1381
12382,dante_(devil_may_cry),4,2542
12383,dante_(limbus_company),4,2488
12384,dantsu_flame_(center_spotlight)_(umamusume),4,772
12385,dantsu_flame_(umamusume),4,2610
12386,danua,4,1049
12387,daring_tact_(umamusume),4,1455
12388,darjeeling_(girls_und_panzer),4,6517
12389,dark_magician_girl,4,4052
12390,dark_pit,4,874
12391,dark_sakura,4,837
12392,dark_sun_gwyndolin,4,630
12393,darkness_(konosuba),4,3190
12394,darkrai,4,719
12395,david_martinez,4,705
12396,dawn_(pokemon),4,8745
12397,dead_master,4,881
12398,deadpool,4,1905
12399,death_(entity),4,651
12400,debitto_(makaino_ririmu),4,604
12401,decidueye,4,700
12402,dedenne,4,995
12403,degenbrecher_(arknights),4,762
12404,dehya_(genshin_impact),4,1766
12405,deidara_(naruto),4,633
12406,dejiko,4,1071
12407,dekomori_sanae,4,650
12408,delphox,4,782
12409,demon_king_of_salvation,4,840
12410,denia_(wuthering_waves),4,774
12411,denji_(chainsaw_man),4,7119
12412,dennou_shoujo_siro,4,688
12413,destroyer_princess,4,616
12414,deutschland_(azur_lane),4,673
12415,dhole_(kemono_friends),4,1355
12416,diabellstar_the_black_witch,4,721
12417,dialyn_(zenless_zone_zero),4,850
12418,diamond_(houseki_no_kuni),4,709
12419,diana_cavendish,4,1514
12420,diarmuid_ua_duibhne_(fate),4,2322
12421,diarmuid_ua_duibhne_(lancer)_(fate),4,2250
12422,diavolo,4,903
12423,dick_grayson,4,898
12424,dido_(azur_lane),4,1581
12425,diego_brando,4,1166
12426,diluc_(genshin_impact),4,3695
12427,dimitri_alexandre_blaiddyd,4,3468
12428,dimitri_alexandre_blaiddyd_(timeskip),4,1945
12429,dinergate_(girls'_frontline),4,908
12430,dio_brando,4,5341
12431,diona_(genshin_impact),4,1331
12432,ditto,4,1551
12433,diyusi_(cookie),4,771
12434,dizzy_(guilty_gear),4,3183
12435,djeeta_(granblue_fantasy),4,4404
12436,doctor_(arknights),4,11485
12437,dodoco_(genshin_impact),4,2714
12438,dokibird,4,1566
12439,doloris_(bang_dream!),4,1535
12440,don-chan_(usada_pekora),4,3778
12441,don_quixote_(project_moon),4,5495
12442,donkey_kong,4,773
12443,donquixote_doflamingo,4,1103
12444,donquixote_rocinante,4,767
12445,doodle_sensei_(blue_archive),4,19493
12446,doraemon_(character),4,978
12447,doremy_sweet,4,4098
12448,doro_(nikke),4,858
12449,dorothea_arnault,4,1475
12450,dorothy_(arknights),4,640
12451,dorothy_(nikke),4,1120
12452,dot_(pokemon),4,895
12453,dottore_(genshin_impact),4,854
12454,doujima_nanako,4,1085
12455,douki-chan_(douki-chan),4,720
12456,dr._eggman,4,672
12457,dr._ratio_(honkai:_star_rail),4,2184
12458,draco_centauros,4,651
12459,dracule_mihawk,4,809
12460,dragonair,4,669
12461,dragonite,4,1636
12462,dream_journey_(umamusume),4,1782
12463,dreepy,4,748
12464,drifloon,4,1187
12465,dsr-50_(girls'_frontline),4,663
12466,duramente_(umamusume),4,683
12467,durandal_(honkai_impact),4,1235
12468,durandal_(umamusume),4,674
12469,durin_(genshin_impact),4,1675
12470,dusk_(arknights),4,3753
12471,eas_(precure),4,660
12472,ebisu_eika,4,641
12473,ebizuka_tomo,4,1633
12474,ecclesia_(yu-gi-oh!),4,633
12475,echidna_(re:zero),4,844
12476,edelgard_von_hresvelg,4,5207
12477,edelgard_von_hresvelg_(timeskip),4,1478
12478,eden_(honkai_impact),4,1341
12479,edmond_dantes_(fate),4,1407
12480,edna_(tales),4,613
12481,edogawa_conan,4,1192
12482,edward_elric,4,2274
12483,eevee,4,6232
12484,eiden_(nu_carnival),4,662
12485,eila_ilmatar_juutilainen,4,3151
12486,eimi_(blue_archive),4,2171
12487,eimi_(swimsuit)_(blue_archive),4,967
12488,ein_(blue_archive),4,880
12489,eirika_(fire_emblem),4,1289
12490,eishin_flash_(meisterschaft)_(umamusume),4,1012
12491,eishin_flash_(umamusume),4,2976
12492,el_condor_pasa_(umamusume),4,1531
12493,elaina_(majo_no_tabitabi),4,1554
12494,eldridge_(azur_lane),4,683
12495,elegg_(boom_and_shock)_(nikke),4,716
12496,elegg_(nikke),4,2240
12497,elena_(street_fighter),4,869
12498,elesa_(pokemon),4,2078
12499,elesis_(elsword),4,923
12500,elin,4,1330
12501,elio_(pokemon),4,1765
12502,elira_pendora,4,2342
12503,elira_pendora_(1st_costume),4,627
12504,elise_(fire_emblem),4,1267
12505,elizabeth_(persona),4,674
12506,elizabeth_bathory_(brave)_(fate),4,886
12507,elizabeth_bathory_(fate),4,3337
12508,elizabeth_bathory_(fate/extra),4,887
12509,elizabeth_rose_bloodflame,4,2087
12510,elizabeth_rose_bloodflame_(1st_costume),4,790
12511,ellee-chan,4,615
12512,ellen_joe,4,8238
12513,ellen_joe_(on_campus),4,1361
12514,elly_(touhou),4,752
12515,elma_(maidragon),4,730
12516,elpeo_puru,4,603
12517,elphelt_valentine,4,2019
12518,elsa_(frozen),4,1475
12519,elster_(signalis),4,822
12520,elysia_(herrscher_of_human:_ego)_(honkai_impact),4,4204
12521,elysia_(hi_love_elf)_(honkai_impact),4,1616
12522,elysia_(honkai_impact),4,11966
12523,elysia_(miss_pink)_(honkai_impact),4,825
12524,elysia_(miss_pink_elf)_(honkai_impact),4,3880
12525,emet-selch,4,771
12526,emilia_(re:zero),4,4395
12527,emily_stewart,4,678
12528,emiya_kiritsugu,4,2582
12529,emiya_shirou,4,6803
12530,emma_(pokemon),4,1399
12531,emma_frost,4,1016
12532,emma_verde,4,2291
12533,emmet_(pokemon),4,1211
12534,emolga,4,930
12535,emperor_penguin_(kemono_friends),4,1334
12536,employee_(project_moon),4,1729
12537,endeavor_(boku_no_hero_academia),4,2393
12538,endministrator_(arknights),4,2349
12539,ene_(kagerou_project),4,850
12540,enemy_aircraft_(kancolle),4,1462
12541,enemy_lifebuoy_(kancolle),4,1393
12542,enemy_naval_mine_(kancolle),4,999
12543,enkidu_(fate),4,2219
12544,enma_ai,4,723
12545,enna_alouette,4,1467
12546,enoshima_junko,4,3997
12547,enraku_tsubakura,4,908
12548,enterprise_(azur_lane),4,2700
12549,eous_(zenless_zone_zero),4,2554
12550,eren_yeager,4,3790
12551,ereshkigal_(fate),4,5359
12552,eri_(blue_archive),4,1960
12553,erica_hartmann,4,2586
12554,erika_(pokemon),4,1345
12555,eriko_(princess_connect!),4,613
12556,eris_greyrat,4,2200
12557,error_musume,4,674
12558,erwin_(girls_und_panzer),4,745
12559,erwin_smith,4,738
12560,erza_scarlet,4,1093
12561,espeon,4,2510
12562,espurr,4,1036
12563,essex_(azur_lane),4,609
12564,estelle_bright,4,899
12565,estellise_sidos_heurassein,4,1065
12566,eternity_larva,4,2043
12567,ethan_(pokemon),4,3453
12568,etna_(disgaea),4,1987
12569,etorofu_(kancolle),4,1619
12570,eula_(genshin_impact),4,6072
12571,eunectes_(arknights),4,1073
12572,eunie_(xenoblade),4,1544
12573,euphemia_li_britannia,4,627
12574,euphyllia_magenta,4,1015
12575,eurasian_eagle_owl_(kemono_friends),4,1333
12576,eureka_(eureka_seven),4,655
12577,euryale_(fate),4,1137
12578,eustass_kid,4,612
12579,eva_01,4,1004
12580,eva_02,4,1056
12581,eva_beatrice,4,656
12582,evanescia_(honkai:_star_rail),4,889
12583,eve_(elsword),4,1173
12584,eve_(stellar_blade),4,863
12585,evelyn_chevalier,4,3888
12586,evelynn_(league_of_legends),4,1096
12587,evernight_(honkai:_star_rail),4,2411
12588,evil_neuro-sama,4,1221
12589,evil_neuro-sama_(1st_costume),4,731
12590,ex-keine,4,4003
12591,executor_(arknights),4,663
12592,exs-tia,4,650
12593,exusiai_(arknights),4,5010
12594,exusiai_the_new_covenant_(arknights),4,859
12595,eyjafjalla_(arknights),4,2018
12596,ezo_red_fox_(kemono_friends),4,1657
12597,failure_penguin,4,1393
12598,fairy_(kancolle),4,3447
12599,fairy_leviathan_(mega_man),4,986
12600,falin_touden,4,3604
12601,falin_touden_(chimera),4,1297
12602,falin_touden_(tallman),4,1767
12603,fallenshadow,4,868
12604,fami_(chainsaw_man),4,1235
12605,faputa,4,714
12606,faris_scherwiz,4,930
12607,faruzan_(genshin_impact),4,1400
12608,fate_testarossa,4,8853
12609,fate_testarossa_(lightning_form),4,614
12610,faust_(project_moon),4,3861
12611,faye_valentine,4,639
12612,feater_(arknights),4,1035
12613,feixiao_(honkai:_star_rail),4,1565
12614,felicia_(darkstalkers),4,2287
12615,felix_hugo_fraldarius,4,1020
12616,female_admiral_(kancolle),4,5158
12617,female_alear_(fire_emblem),4,2057
12618,female_assassin_(fate/zero),4,738
12619,female_builder_(dqb2),4,699
12620,female_byleth_(awakened)_(fire_emblem),4,1397
12621,female_byleth_(fire_emblem),4,6634
12622,female_byleth_(summer)_(fire_emblem),4,799
12623,female_chief_(path_to_nowhere),4,1170
12624,female_commander_(girls'_frontline),4,815
12625,female_corrin_(fire_emblem),4,4431
12626,female_doctor_(arknights),4,676
12627,female_endministrator_(arknights),4,1728
12628,female_mage_(dungeon_and_fighter),4,681
12629,female_morgan_(fire_emblem),4,670
12630,female_protagonist_(pokemon_go),4,807
12631,female_robin_(fire_emblem),4,2703
12632,female_robin_(grima)_(fire_emblem),4,602
12633,female_rover_(wuthering_waves),4,4263
12634,female_saniwa_(touken_ranbu),4,832
12635,female_sensei_(blue_archive),4,1525
12636,female_shez_(fire_emblem),4,754
12637,female_trainer_(umamusume),4,1336
12638,female_tyrant_(stella_sora),4,762
12639,fennec_(kemono_friends),4,3002
12640,fennekin,4,1302
12641,fenomeno_(umamusume),4,1131
12642,feraligatr,4,685
12643,fern_(sousou_no_frieren),4,8820
12644,ferry_(granblue_fantasy),4,1109
12645,fiammetta_(arknights),4,1295
12646,fie_claussell,4,614
12647,fighter_(granblue_fantasy),4,897
12648,filia_(skullgirls),4,932
12649,finana_ryugu,4,1312
12650,fine_motion_(umamusume),4,1886
12651,fio_germi,4,857
12652,firefly_(honkai:_star_rail),4,15369
12653,firefly_(spring_missive)_(honkai:_star_rail),4,1258
12654,fischl_(genshin_impact),4,3895
12655,fjorm_(fire_emblem),4,603
12656,flandre_scarlet,4,56989
12657,flannery_(pokemon),4,638
12658,flareon,4,1859
12659,flayn_(fire_emblem),4,661
12660,fletcher_(kancolle),4,2022
12661,fleurdelys_(wuthering_waves),4,1370
12662,flins_(genshin_impact),4,1827
12663,flonne,4,769
12664,florence_nightingale_(berserker)_(fate),4,1157
12665,florence_nightingale_(fate),4,3742
12666,florence_nightingale_(trick_or_treatment)_(fate),4,1225
12667,florian_(pokemon),4,2809
12668,flower_(vocaloid),4,1081
12669,flower_(vocaloid4),4,799
12670,floyd_leech,4,1742
12671,fluttershy,4,707
12672,flygon,4,1253
12673,focalors_(genshin_impact),4,938
12674,foo_fighters_(jojo),4,608
12675,formidable_(azur_lane),4,4756
12676,fou_(fate),4,2558
12677,fox_mccloud,4,644
12678,france_(hetalia),4,1263
12679,francesca_lucchini,4,1569
12680,francesca_prelati_(fate),4,770
12681,franka_(arknights),4,921
12682,frankenstein's_monster_(fate),4,1239
12683,franky_(one_piece),4,1015
12684,franziska_von_karma,4,794
12685,frederica_bernkastel,4,1471
12686,freminet_(genshin_impact),4,1082
12687,freyja_wion,4,750
12688,friedrich_der_grosse_(azur_lane),4,853
12689,friend_(nanashi_mumei),4,1159
12690,frieren,4,14575
12691,frieza,4,670
12692,frisk_(undertale),4,2971
12693,froakie,4,702
12694,froggy_nun_(diva),4,1213
12695,froslass,4,848
12696,frostleaf_(arknights),4,943
12697,frostnova_(arknights),4,1154
12698,frye_(deep_cut_outfit)_(splatoon),4,651
12699,frye_(splatoon),4,1647
12700,fu_hua,4,4716
12701,fu_xuan_(honkai:_star_rail),4,1301
12702,fubuki_(blue_archive),4,1864
12703,fubuki_(kancolle),4,12345
12704,fubuki_(one-punch_man),4,2263
12705,fubuki_(swimsuit)_(blue_archive),4,884
12706,fubuki_kai_ni_(kancolle),4,2292
12707,fudo_yusei,4,1203
12708,fuecoco,4,1389
12709,fugue_(honkai:_star_rail),4,601
12710,fuji_kiseki_(shooting_star_revue)_(umamusume),4,866
12711,fuji_kiseki_(umamusume),4,1931
12712,fujibayashi_kyou,4,1421
12713,fujimaru_ritsuka_(female),4,15557
12714,fujimaru_ritsuka_(female)_(decisive_battle_chaldea_uniform),4,1075
12715,fujimaru_ritsuka_(female)_(polar_chaldea_uniform),4,1122
12716,fujimaru_ritsuka_(male),4,17897
12717,fujimaru_ritsuka_(male)_(decisive_battle_chaldea_uniform),4,785
12718,fujimaru_ritsuka_(male)_(polar_chaldea_uniform),4,1182
12719,fujinami_(kancolle),4,774
12720,fujino_shizuru,4,705
12721,fujisaki_chihiro,4,1479
12722,fujishima_megumi,4,7071
12723,fujita_kotone,4,3711
12724,fujiwara_chika,4,2107
12725,fujiwara_no_mokou,4,26156
12726,fukawa_toko,4,1685
12727,fukuda_haru,4,832
12728,fukumaru_koito,4,2719
12729,fukurai_azami,4,903
12730,fukuyama_mai,4,704
12731,fukuzawa_yumi,4,964
12732,fumizuki_(kancolle),4,1243
12733,funada_kiito,4,1012
12734,funami_yui,4,1799
12735,fungi_(genshin_impact),4,634
12736,furen_e_lustario,4,1530
12737,furina_(genshin_impact),4,12805
12738,furret,4,1273
12739,furude_rika,4,3893
12740,furudo_erika,4,1079
12741,furukawa_nagisa,4,1434
12742,furutaka_(kancolle),4,1725
12743,furutani_himawari,4,1453
12744,fushi_(cho_kaguya-hime!),4,638
12745,fushiguro_megumi,4,3195
12746,fushiguro_toji,4,1207
12747,fusou_(kancolle),4,2968
12748,futaba_anzu,4,3964
12749,futaba_mikana,4,796
12750,futaba_sana,4,731
12751,futami_ami,4,2348
12752,futami_mami,4,2615
12753,futatsuiwa_mamizou,4,5444
12754,futatsuiwa_mamizou_(human),4,612
12755,fuuka_(blue_archive),4,1544
12756,fuwa_kokone,4,633
12757,fuwa_minato,4,735
12758,fuwawa_abyssgard,4,5451
12759,fuwawa_abyssgard_(1st_costume),4,2002
12760,fuyutsuki_(kancolle),4,967
12761,g'raha_tia,4,1194
12762,g11_(girls'_frontline),4,2031
12763,g36_(girls'_frontline),4,1125
12764,g41_(girls'_frontline),4,740
12765,galbrena_(wuthering_waves),4,943
12766,galko,4,705
12767,gallade,4,1586
12768,galleon_(granblue_fantasy),4,933
12769,galo_thymos,4,1236
12770,gamagoori_ira,4,1390
12771,gambier_bay_(kancolle),4,2293
12772,ganaha_hibiki,4,4409
12773,gangut_(kancolle),4,2034
12774,ganondorf,4,1336
12775,ganyu_(genshin_impact),4,19136
12776,garchomp,4,1716
12777,gardevoir,4,16402
12778,gareth_(fate),4,686
12779,garnet_til_alexandros_xvii,4,1490
12780,garry_(ib),4,883
12781,gasai_yuno,4,683
12782,gastly,4,1202
12783,gavial_(arknights),4,927
12784,gavis_bettel,4,885
12785,gawain_(fate),4,1017
12786,gawr_gura,4,15329
12787,gawr_gura_(1st_costume),4,7096
12788,gawr_gura_(casual),4,1206
12789,geeta_(pokemon),4,995
12790,gekota,4,1281
12791,gengar,4,2978
12792,gengetsu_(touhou),4,734
12793,genji_(overwatch),4,765
12794,genos,4,602
12795,gentildonna_(regina_dei_fiori)_(umamusume),4,867
12796,gentildonna_(umamusume),4,3357
12797,germany_(hetalia),4,657
12798,gertrud_barkhorn,4,2419
12799,geto_suguru,4,2467
12800,ghislaine_dedoldia,4,900
12801,ghost_(modern_warfare_2),4,1214
12802,gigi_murin,4,2710
12803,gigi_murin_(1st_costume),4,1021
12804,gilberta_(arknights),4,1249
12805,gilgamesh_(caster)_(fate),4,1283
12806,gilgamesh_(casual_wear)_(fate/zero),4,796
12807,gilgamesh_(fate),4,7519
12808,gilgamesh_(immoral_biker_jacket)_(fate),4,699
12809,gilles_de_rais_(caster)_(fate),4,1144
12810,gilles_de_rais_(fate),4,1250
12811,giorno_giovanna,4,3680
12812,giratina,4,994
12813,glaceon,4,3083
12814,gladiia_(arknights),4,978
12815,gladion_(pokemon),4,1711
12816,gloria_(pokemon),4,6426
12817,godzilla,4,1506
12818,gogeta,4,1370
12819,goh_(pokemon),4,1227
12820,gojo_satoru,4,5218
12821,gojou_wakana,4,754
12822,gokotai,4,747
12823,gokou_ruri,4,3385
12824,gokuhara_gonta,4,1039
12825,gold_city_(umamusume),4,1597
12826,gold_ship_(red_strife)_(umamusume),4,2632
12827,gold_ship_(umamusume),4,9302
12828,golden_snub-nosed_monkey_(kemono_friends),4,781
12829,goldenglow_(arknights),4,2381
12830,goldmary_(fire_emblem),4,701
12831,gon_freecss,4,1480
12832,goodra,4,618
12833,goomy,4,1037
12834,gorou_(genshin_impact),4,1375
12835,gotland_(kancolle),4,2350
12836,gotoh_hitori,4,16506
12837,gotoh_hitori_(octopus),4,601
12838,gotoh_hitori_(tsuchinoko),4,700
12839,goutokuji_mike,4,1298
12840,grace_howard,4,1444
12841,graf_zeppelin_(azur_lane),4,965
12842,graf_zeppelin_(kancolle),4,4053
12843,gran_(granblue_fantasy),4,2688
12844,grass_wonder_(stone-piercing_blue)_(umamusume),4,741
12845,grass_wonder_(umamusume),4,2781
12846,gravel_(arknights),4,842
12847,gray_(fate),4,872
12848,grecale_(kancolle),4,1052
12849,green_(pokemon),4,1211
12850,gregor_(project_moon),4,1666
12851,greninja,4,1128
12852,grey_wolf_(kemono_friends),4,1662
12853,griffith_(berserk),4,702
12854,grimsley_(pokemon),4,635
12855,griseo,4,1087
12856,griseo_(starry_impression),4,653
12857,grizzly_mkv_(girls'_frontline),4,779
12858,grookey,4,1453
12859,grusha_(pokemon),4,1654
12860,guido_mista,4,1358
12861,gumi,4,5406
12862,gummy_(arknights),4,665
12863,guoba_(genshin_impact),4,1005
12864,guts_(berserk),4,1294
12865,guzma_(pokemon),4,1051
12866,gwen_(league_of_legends),4,1536
12867,gwen_stacy,4,1389
12868,gwynn_(pokemon),4,1594
12869,gyarados,4,815
12870,gyro_zeppeli,4,1537
12871,habetrot_(fate),4,601
12872,hachikuji_mayoi,4,1651
12873,hachimiya_meguru,4,2674
12874,hacka_doll_3,4,751
12875,hado_nejire,4,1277
12876,hagakure_toru,4,1205
12877,hagikaze_(kancolle),4,1544
12878,hagiwara_yukiho,4,3135
12879,hagoromo_lala,4,1029
12880,haguro_(kancolle),4,2446
12881,haguro_kai_ni_(kancolle),4,638
12882,haibara_ai,4,924
12883,hakase_fuyuki,4,945
12884,hakos_baelz,4,6648
12885,hakos_baelz_(1st_costume),4,1973
12886,hakozaki_serika,4,1184
12887,hakui_koyori,4,4838
12888,hakui_koyori_(1st_costume),4,2016
12889,hakui_koyori_(summer),4,624
12890,hakurei_reimu,4,87661
12891,hakurei_reimu_(pc-98),4,1096
12892,hamakaze_(kancolle),4,10415
12893,haman_karn,4,713
12894,hamanami_(kancolle),4,747
12895,hammann_(azur_lane),4,990
12896,han_juri,4,4090
12897,han_sooyoung,4,785
12898,hanadera_nodoka,4,812
12899,hanae_(blue_archive),4,838
12900,hanako_(blue_archive),4,6938
12901,hanako_(swimsuit)_(blue_archive),4,3123
12902,hanami_saki,4,2295
12903,hanami_ume,4,2710
12904,hanamura_yousuke,4,2244
12905,hanasaki_tsubomi,4,1812
12906,hanasato_minori,4,1445
12907,handa_roco,4,667
12908,hanekawa_tsubasa,4,2707
12909,hange_zoe,4,960
12910,haniyasushin_keiki,4,2222
12911,hanna-justina_marseille,4,624
12912,hans_christian_andersen_(fate),4,723
12913,hanyuu,4,1682
12914,harada_minoru,4,1845
12915,haramura_nodoka,4,1306
12916,hare_(blue_archive),4,1376
12917,harime_nui,4,819
12918,harley_quinn,4,1157
12919,harmony_(pokemon),4,881
12920,haro,4,2528
12921,haru_haru_(koikoko),4,1992
12922,haru_urara_(bestest_prize)_(umamusume),4,1505
12923,haru_urara_(umamusume),4,4061
12924,haruka_(blue_archive),4,2685
12925,haruka_(senran_kagura),4,659
12926,harukawa_maki,4,3384
12927,harukaze_(kancolle),4,909
12928,haruna_(blue_archive),4,2653
12929,haruna_(kancolle),4,10000
12930,haruna_(track)_(blue_archive),4,778
12931,haruna_kai_ni_(kancolle),4,1763
12932,haruno_haruka,4,885
12933,haruno_sakura,4,4626
12934,harusame_(kancolle),4,2740
12935,hasegawa_kobato,4,727
12936,hashibira_inosuke,4,741
12937,hassan_of_serenity_(fate),4,2142
12938,hasumi_(blue_archive),4,6420
12939,hasumi_(swimsuit)_(blue_archive),4,1339
12940,hasumi_(track)_(blue_archive),4,1733
12941,hat_kid,4,602
12942,hata_no_kokoro,4,7473
12943,hatakaze_(kancolle),4,671
12944,hatake_kakashi,4,1261
12945,hataya_misuzu,4,1553
12946,hatoba_tsugu,4,1869
12947,hatsuharu_(kancolle),4,987
12948,hatsukaze_(kancolle),4,1307
12949,hatsune_miku,4,129940
12950,hatsune_miku_(append),4,1494
12951,hatsushimo_(kancolle),4,1267
12952,hatsutori_hajime,4,4617
12953,hatsuyuki_(kancolle),4,2796
12954,hatsuzuki_(kancolle),4,2740
12955,hatterene,4,942
12956,hau_(pokemon),4,1219
12957,haunter,4,927
12958,hawks_(boku_no_hero_academia),4,1905
12959,hayakawa_aki,4,2757
12960,hayakawa_tazuna,4,766
12961,hayami_kanade,4,2883
12962,hayasaka_ai,4,1320
12963,hayasaka_mirei,4,812
12964,hayashimo_(kancolle),4,1540
12965,hayasui_(kancolle),4,1237
12966,hazawa_tsugumi,4,633
12967,hazuki_ren,4,1059
12968,heanna_sumire,4,1730
12969,heathcliff_(project_moon),4,2570
12970,hebi_nyoubou_(fate),4,1017
12971,hecatia_lapislazuli,4,5436
12972,heixiu,4,743
12973,helena_(azur_lane),4,753
12974,helena_blavatsky_(caster)_(fate),4,633
12975,helena_blavatsky_(fate),4,1621
12976,hello_kitty_(character),4,1696
12977,helltaker_(character),4,1116
12978,helm_(nikke),4,1007
12979,heracles_(fate),4,893
12980,hero_(dq11),4,837
12981,hero_(dq5),4,603
12982,hero_(faraway)_(omori),4,1838
12983,hero_(headspace)_(omori),4,1569
12984,hero_(omori),4,3332
12985,herrscher_of_sentience,4,1936
12986,herta_(honkai:_star_rail),4,4400
12987,herta_(puppet)_(honkai:_star_rail),4,1394
12988,hestia_(danmachi),4,4038
12989,hex_maniac_(pokemon),4,4180
12990,hex_maniac_(pokemon_legends:_z-a),4,875
12991,hex_maniac_(pokemon_xy),4,3353
12992,hibari_(senran_kagura),4,828
12993,hibiki_(blue_archive),4,3224
12994,hibiki_(cheer_squad)_(blue_archive),4,2118
12995,hibiki_(kancolle),4,17279
12996,hibiki_ryouga,4,816
12997,hibiki_yuuta,4,614
12998,hiburi_(kancolle),4,652
12999,hieda_no_akyuu,4,5720
13000,hiei_(kancolle),4,4695
13001,hiei_kai_ni_(kancolle),4,694
13002,hifumi_(blue_archive),4,4428
13003,hifumi_(swimsuit)_(blue_archive),4,985
13004,higashi_setsuna,4,1451
13005,higashikata_josuke,4,3310
13006,higashikata_josuke_(jojolion),4,771
13007,higashiyama_kobeni,4,2928
13008,high_elf_archer_(goblin_slayer!),4,617
13009,high_priest_(ragnarok_online),4,2693
13010,high_wizard_(ragnarok_online),4,1369
13011,higuchi_kaede,4,2498
13012,higuchi_kaede_(1st_costume),4,922
13013,higuchi_madoka,4,5716
13014,higurashi_kagome,4,945
13015,hiiragi_kagami,4,5765
13016,hiiragi_tsukasa,4,3233
13017,hiiragi_utena,4,1268
13018,hiiragi_yuzu,4,657
13019,hijikata_toshizou_(fate),4,769
13020,hijikata_toushirou,4,747
13021,hijiri_ageha,4,984
13022,hijiri_byakuren,4,12803
13023,hikage_(senran_kagura),4,933
13024,hikari_(blue_archive),4,5350
13025,hikawa_hina,4,1918
13026,hikawa_sayo,4,2292
13027,hikigaya_hachiman,4,603
13028,hilbert_(pokemon),4,2886
13029,hilda_(pokemon),4,7320
13030,hilda_valentine_goneril,4,2899
13031,hilda_valentine_goneril_(timeskip),4,730
13032,hilichurl_(genshin_impact),4,1796
13033,himari_(blue_archive),4,2677
13034,himejima_akeno,4,1273
13035,himekaidou_hatate,4,8206
13036,himekawa_yuki,4,790
13037,himeko_(honkai:_star_rail),4,1710
13038,himemiya_anthy,4,706
13039,himemori_luna,4,2599
13040,himemori_luna_(1st_costume),4,725
13041,himemushi_momoyo,4,1223
13042,himeno_(chainsaw_man),4,1925
13043,himesaka_noa,4,942
13044,himesaki_rinami,4,1947
13045,himmel_(sousou_no_frieren),4,2162
13046,hina_(blue_archive),4,17794
13047,hina_(dress)_(blue_archive),4,1948
13048,hina_(pajamas)_(blue_archive),4,1128
13049,hina_(swimsuit)_(blue_archive),4,2231
13050,hinaichigo,4,996
13051,hinamori_amu,4,853
13052,hinanawi_tenshi,4,16416
13053,hinata_(blue_archive),4,1493
13054,hinata_hajime,4,6069
13055,hinata_hideki,4,739
13056,hinata_shouyou,4,781
13057,hinatsuru_ai,4,835
13058,hindenburg_(azur_lane),4,885
13059,hino_akane_(idolmaster),4,849
13060,hino_akane_(precure),4,2216
13061,hino_rei,4,2203
13062,hinoka_(fire_emblem),4,640
13063,hinomori_shiho,4,921
13064,hinomori_shizuku,4,1193
13065,hinoshita_kaho,4,8181
13066,hiodoshi_ao,4,958
13067,hirasawa_ui,4,1450
13068,hirasawa_yui,4,8164
13069,hiro_(darling_in_the_franxx),4,1687
13070,hiroi_kikuri,4,3904
13071,hirose_koichi,4,769
13072,hiryuu_(kancolle),4,4121
13073,hisakawa_hayate,4,1863
13074,hisakawa_nagi,4,1711
13075,hishi_amazon_(umamusume),4,1355
13076,hishi_miracle_(umamusume),4,1861
13077,hishikawa_rikka,4,2018
13078,hisoka_morow,4,666
13079,hisui_(tsukihime),4,1256
13080,hisuian_zorua,4,866
13081,hitohira_kazane,4,1183
13082,hitotsuyanagi_riri,4,698
13083,hitsugaya_toushirou,4,665
13084,hiyajou_maho,4,1103
13085,hiyori_(blue_archive),4,1702
13086,hiyori_(swimsuit)_(blue_archive),4,788
13087,hiyou_(kancolle),4,854
13088,hiyuki_(wuthering_waves),4,952
13089,hk416_(girls'_frontline),4,6326
13090,ho'olheyak_(arknights),4,2112
13091,ho-oh,4,797
13092,hod_(project_moon),4,652
13093,hojo_karen,4,1873
13094,hokko_tarumae_(umamusume),4,1709
13095,holo,4,4011
13096,homu_(honkai_impact),4,1356
13097,homura_(senran_kagura),4,914
13098,honda_mio,4,2168
13099,honebami_toushirou,4,1150
13100,honekoneko_(psg),4,872
13101,hong_lu_(project_moon),4,3741
13102,hong_meiling,4,24597
13103,honma_himawari,4,934
13104,honma_meiko,4,1087
13105,honoka_(doa),4,663
13106,honolulu_(azur_lane),4,1858
13107,hood_(azur_lane),4,736
13108,hop_(pokemon),4,1621
13109,hoppip,4,754
13110,hori_yuko,4,626
13111,horikawa_kunihiro,4,980
13112,horikawa_raiko,4,2135
13113,hornet_(hollow_knight),4,2183
13114,hornet_(kancolle),4,1326
13115,hortensia_(fire_emblem),4,609
13116,hoshi_ryoma,4,827
13117,hoshi_syoko,4,2031
13118,hoshiguma_(arknights),4,2111
13119,hoshiguma_yuugi,4,9686
13120,hoshiguma_yuugi_(kimono),4,639
13121,hoshii_miki,4,6210
13122,hoshikawa_lily,4,606
13123,hoshikawa_sara,4,2427
13124,hoshikawa_sara_(1st_costume),4,748
13125,hoshimachi_suisei,4,14333
13126,hoshimachi_suisei_(1st_costume),4,2689
13127,hoshimachi_suisei_(casual),4,1186
13128,hoshimachi_suisei_(sailor),4,1267
13129,hoshimi_junna,4,730
13130,hoshimi_miyabi,4,6888
13131,hoshimiya_ichigo,4,1659
13132,hoshimiya_kate,4,668
13133,hoshina_hikaru,4,756
13134,hoshino_(blue_archive),4,13555
13135,hoshino_(first_year)_(blue_archive),4,1205
13136,hoshino_(girls_und_panzer),4,627
13137,hoshino_(swimsuit)_(blue_archive),4,2795
13138,hoshino_ai,4,2294
13139,hoshino_aquamarine,4,1846
13140,hoshino_fumina,4,1334
13141,hoshino_hinata,4,675
13142,hoshino_ichika_(project_sekai),4,1420
13143,hoshino_miyako_(wataten),4,668
13144,hoshino_ruby,4,1924
13145,hoshino_ruri,4,879
13146,hoshirube_sho,4,722
13147,hoshizora_miyuki,4,2075
13148,hoshizora_rin,4,4943
13149,hotarumaru,4,910
13150,hoto_cocoa,4,3370
13151,houjou_hibiki,4,2248
13152,houjou_satoko,4,2918
13153,houjou_tokiyuki_(nige_jouzu_no_wakagimi),4,1285
13154,houjuu_nue,4,12840
13155,houlen_yabusame,4,784
13156,houndoom,4,669
13157,hourai_doll,4,1209
13158,houraisan_kaguya,4,15362
13159,houshou_(kancolle),4,7688
13160,houshou_marine,4,16801
13161,houshou_marine_(1st_costume),4,5859
13162,houshou_marine_(summer),4,2246
13163,howl_(howl_no_ugoku_shiro),4,646
13164,hozuki_kaede,4,1230
13165,hozuki_momiji,4,2211
13166,hsien-ko,4,1208
13167,hu_tao_(cherries_snow-laden)_(genshin_impact),4,660
13168,hu_tao_(genshin_impact),4,13848
13169,hua_cheng,4,869
13170,huang_pao-lin,4,1135
13171,hubert_von_vestra,4,614
13172,hugo_vlad,4,812
13173,humboldt_penguin_(kemono_friends),4,1080
13174,hung_(arknights),4,1116
13175,hunter_(bloodborne),4,1190
13176,hunter_(ragnarok_online),4,798
13177,huohuo_(honkai:_star_rail),4,844
13178,hyacine_(honkai:_star_rail),4,2389
13179,hyakumantenbara_salome,4,1633
13180,hyakumantenbara_salome_(1st_costume),4,942
13181,hypno,4,1132
13182,hysilens_(honkai:_star_rail),4,1081
13183,hyuna_(alien_stage),4,1175
13184,hyuuga_(kancolle),4,2711
13185,hyuuga_hinata,4,3892
13186,i-13_(kancolle),4,857
13187,i-14_(kancolle),4,730
13188,i-168_(kancolle),4,2263
13189,i-19_(kancolle),4,3509
13190,i-26_(kancolle),4,1250
13191,i-401_(kancolle),4,3064
13192,i-58_(kancolle),4,3239
13193,i-8_(kancolle),4,2275
13194,i-class_destroyer,4,1517
13195,i-no,4,932
13196,ia_(vocaloid),4,2524
13197,ib_(ib),4,1184
13198,ibaraki_douji_(berserker)_(fate),4,843
13199,ibaraki_douji_(fate),4,2492
13200,ibaraki_kasen,4,7178
13201,ibuki_(blue_archive),4,4503
13202,ibuki_(street_fighter),4,902
13203,ibuki_douji_(fate),4,824
13204,ibuki_fuuko,4,853
13205,ibuki_suika,4,14292
13206,ibuki_tsubasa,4,1318
13207,ichigaya_arisa,4,905
13208,ichigo_(darling_in_the_franxx),4,1037
13209,ichigo_hitofuri,4,765
13210,ichihara_nina,4,1852
13211,ichii_yui,4,609
13212,ichijou_ririka,4,1521
13213,ichika_(blue_archive),4,4150
13214,ichika_(swimsuit)_(blue_archive),4,716
13215,ichikawa_hinana,4,1786
13216,ichikawa_kyoutarou,4,952
13217,ichinose_kotomi,4,710
13218,ichinose_shiki,4,3762
13219,ichinose_uruha,4,1304
13220,ieiri_shoko,4,659
13221,ifrit_(arknights),4,1251
13222,igarashi_futaba,4,1745
13223,igarashi_kyoko,4,1032
13224,iggy_(jojo),4,647
13225,iino_miko,4,938
13226,iizunamaru_megumu,4,2431
13227,ijichi_nijika,4,7194
13228,ijichi_seika,4,1087
13229,ikamusume,4,1952
13230,ikari_shinji,4,5498
13231,ikaruga_(senran_kagura),4,1200
13232,ikaruga_luca,4,1047
13233,ikazuchi_(kancolle),4,10981
13234,ike_(fire_emblem),4,2584
13235,ike_eveland,4,779
13236,ikeda_chitose,4,633
13237,ikuno_dictus_(umamusume),4,1331
13238,ikusaba_mukuro,4,1033
13239,illumi_zoldyck,4,619
13240,illustrious_(azur_lane),4,3167
13241,illyasviel_von_einzbern,4,10302
13242,illyasviel_von_einzbern_(beast_style),4,640
13243,ilulu_(maidragon),4,1461
13244,imadake_dabuchi_tabemi,4,714
13245,imai_lisa,4,1259
13246,imaizumi_kagerou,4,9529
13247,implacable_(azur_lane),4,1071
13248,inaba_tewi,4,13714
13249,inami_mahiru,4,633
13250,inari_one_(umamusume),4,893
13251,inazuma_(kancolle),4,12909
13252,incineroar,4,765
13253,index_(toaru_majutsu_no_index),4,1787
13254,indomitable_(azur_lane),4,710
13255,indou_hikaru,4,1158
13256,ines_(arknights),4,623
13257,ines_fujin_(umamusume),4,675
13258,ingo_(pokemon),4,1512
13259,ingrid_(capcom),4,918
13260,ingrid_brandl_galatea,4,1380
13261,inkling_boy,4,3443
13262,inkling_girl,4,12966
13263,inkling_player_character,4,14947
13264,inoue_orihime,4,2512
13265,inoue_takina,4,6301
13266,inteleon,4,829
13267,intrepid_(kancolle),4,1299
13268,inubashiri_momiji,4,24052
13269,inugami_korone,4,6827
13270,inugami_korone_(1st_costume),4,2900
13271,inui_toko,4,3096
13272,inui_toko_(1st_costume),4,1047
13273,inukai_iroha,4,928
13274,inukai_komugi,4,1212
13275,inumuta_houka,4,726
13276,inuyama_aoi,4,1385
13277,inuyasha_(character),4,1033
13278,iono_(pokemon),4,5367
13279,iori_(blue_archive),4,3849
13280,iori_(swimsuit)_(blue_archive),4,1403
13281,iori_junpei,4,803
13282,iori_rinko,4,814
13283,iowa_(kancolle),4,4960
13284,irako_(kancolle),4,830
13285,irene_(arknights),4,2290
13286,irida_(pokemon),4,2096
13287,iris_(pokemon),4,1699
13288,irisviel_von_einzbern,4,1997
13289,iroha_(blue_archive),4,3470
13290,iroha_(samurai_spirits),4,1087
13291,iron_man,4,806
13292,ironmouse,4,1034
13293,iruma_miu,4,1860
13294,irys_(hololive),4,5247
13295,irys_(irys_1.0)_(hololive),4,615
13296,irys_(irys_2.0)_(hololive),4,830
13297,isabelle_(animal_crossing),4,1481
13298,isagi_yoichi,4,687
13299,isara_mao,4,641
13300,ise_(kancolle),4,2035
13301,isekaijoucho,4,2617
13302,iseri_nina,4,7211
13303,ishigami_nozomi,4,792
13304,ishigami_senkuu,4,609
13305,ishimaru_kiyotaka,4,613
13306,ishmael_(project_moon),4,5347
13307,ishtar_(fate),4,5021
13308,ishtar_(fire_emblem),4,601
13309,iskandar_(fate),4,3179
13310,island_fox_(kemono_friends),4,1201
13311,isobe_noriko,4,861
13312,isoi_haruki,4,622
13313,isoi_reiji,4,1699
13314,isokaze_(kancolle),4,2751
13315,isolated_island_oni,4,676
13316,isolde_(reverse:1999),4,1184
13317,isonami_(kancolle),4,1589
13318,isshiki_iroha,4,1234
13319,isuzu_(kancolle),4,1705
13320,isuzu_hana,4,2412
13321,itadori_yuji,4,3941
13322,itoshiki_nozomu,4,667
13323,itou_kaiji,4,892
13324,itsuka_kotori,4,655
13325,itsuki_shu,4,783
13326,itsumi_erika,4,5999
13327,iuno_(wuthering_waves),4,1953
13328,ivan_(alien_stage),4,2726
13329,ivan_karelin,4,1107
13330,ivy_(fire_emblem),4,1145
13331,ivysaur,4,1114
13332,iwakura_lain,4,1325
13333,iwatani_naofumi,4,795
13334,izayoi_aki,4,1212
13335,izayoi_liko,4,988
13336,izayoi_sakuya,4,46022
13337,izumi-no-kami_kanesada,4,1043
13338,izumi_(blue_archive),4,655
13339,izumi_konata,4,5779
13340,izumi_mei,4,1477
13341,izumi_sagiri,4,2890
13342,izumi_yuki,4,1186
13343,izuna_(blue_archive),4,3992
13344,izuna_(swimsuit)_(blue_archive),4,1458
13345,izutsumi,4,1199
13346,jacinthe_(pokemon),4,1159
13347,jack-o'_valentine,4,1355
13348,jack_frost_(megami_tensei),4,730
13349,jack_the_ripper_(fate/apocrypha),4,3545
13350,jacket_girl_(dipp),4,1095
13351,jade_(honkai:_star_rail),4,694
13352,jade_leech,4,1374
13353,jaguar_(kemono_friends),4,1265
13354,jailbird_(nerissa_ravencroft),4,666
13355,jakuzure_nonon,4,1931
13356,james_(pokemon),4,2008
13357,james_moriarty_(archer)_(fate),4,745
13358,jane_doe_(zenless_zone_zero),4,5309
13359,janus_(kancolle),4,941
13360,japan_(hetalia),4,1713
13361,japanese_crested_ibis_(kemono_friends),4,1726
13362,jasmine_(pokemon),4,798
13363,jasmine_(toshi_densetsu_kaitai_center),4,608
13364,jason_todd,4,991
13365,javelin_(azur_lane),4,2079
13366,jax_(the_amazing_digital_circus),4,977
13367,jean_(genshin_impact),4,3835
13368,jean_bart_(azur_lane),4,1127
13369,jean_kirstein,4,600
13370,jean_pierre_polnareff,4,1530
13371,jeanne_d'arc_(fate),4,8391
13372,jeanne_d'arc_(girl_from_orleans)_(fate),4,701
13373,jeanne_d'arc_(granblue_fantasy),4,659
13374,jeanne_d'arc_(ruler)_(fate),4,3089
13375,jeanne_d'arc_(swimsuit_archer)_(first_ascension)_(fate),4,905
13376,jeanne_d'arc_(swimsuit_archer)_(second_ascension)_(fate),4,742
13377,jeanne_d'arc_(third_ascension)_(fate),4,974
13378,jeanne_d'arc_alter_(avenger)_(fate),4,3356
13379,jeanne_d'arc_alter_(avenger)_(first_ascension)_(fate),4,920
13380,jeanne_d'arc_alter_(avenger)_(third_ascension)_(fate),4,1098
13381,jeanne_d'arc_alter_(fate),4,13133
13382,jeanne_d'arc_alter_(swimsuit_berserker)_(fate),4,2683
13383,jeanne_d'arc_alter_(ver._shinjuku_1999)_(fate),4,1920
13384,jeanne_d'arc_alter_santa_lily_(fate),4,2008
13385,jervis_(kancolle),4,1835
13386,jessica_(arknights),4,1196
13387,jessica_albert,4,866
13388,jessie_(pokemon),4,2306
13389,jia_xichun_(project_moon),4,752
13390,jiaoqiu_(honkai:_star_rail),4,640
13391,jibanyan,4,607
13392,jibril_(no_game_no_life),4,690
13393,jigglypuff,4,2073
13394,jiji_(majo_no_takkyuubin),4,639
13395,jill_stingray,4,1286
13396,jill_valentine,4,2014
13397,jill_warrick,4,745
13398,jin_kisaragi,4,734
13399,jinbe_(one_piece),4,743
13400,jing_yuan,4,1359
13401,jingei_(kancolle),4,1294
13402,jingliu_(honkai:_star_rail),4,1511
13403,jingwei_(bird),4,915
13404,jinhsi_(wuthering_waves),4,1690
13405,jinshi_(kusuriya_no_hitorigoto),4,882
13406,jintsuu_(kancolle),4,2791
13407,jintsuu_kai_ni_(kancolle),4,1339
13408,jinx_(league_of_legends),4,3352
13409,jirachi,4,1850
13410,jiro_kyoka,4,1665
13411,johnny_joestar,4,2120
13412,johnston_(kancolle),4,1563
13413,joker_(persona_5),4,1199
13414,jolteon,4,1498
13415,joltik,4,676
13416,jonathan_joestar,4,2866
13417,joseph_joestar,4,7097
13418,joseph_joestar_(old),4,1351
13419,joseph_joestar_(young),4,5877
13420,jouga_maya,4,989
13421,jougasaki_mika,4,4005
13422,jougasaki_rika,4,3261
13423,joutouguu_mayumi,4,1893
13424,ju_fufu,4,2380
13425,jude_mathis,4,728
13426,judgement_(helltaker),4,827
13427,judith_(tales),4,667
13428,julia_(fire_emblem),4,1131
13429,juliana_(pokemon),4,3571
13430,jumpluff,4,616
13431,jumpy_dumpty,4,1632
13432,jun'you_(kancolle),4,1970
13433,jungle_pocket_(champion's_battle_cry)_(umamusume),4,697
13434,jungle_pocket_(umamusume),4,2670
13435,junketsu,4,2366
13436,junko_(blue_archive),4,1051
13437,junko_(touhou),4,6470
13438,juo_sena,4,1324
13439,justice_(helltaker),4,1305
13440,justice_task_force_member_(blue_archive),4,2160
13441,juufuutei_raden,4,1386
13442,k.s.miracle_(umamusume),4,874
13443,k1-b0,4,1314
13444,kaai_yuki,4,1007
13445,kaban_(kemono_friends),4,5646
13446,kabru,4,1770
13447,kabu_(pokemon),4,606
13448,kaburagi_t._kotetsu,4,3160
13449,kachimachi_kosuzu,4,4993
13450,kachina_(genshin_impact),4,674
13451,kadoc_zemlupus,4,936
13452,kadotani_anzu,4,1487
13453,kaede_(blue_archive),4,1089
13454,kaede_johan_nouvel,4,601
13455,kaedehara_kazuha,4,4262
13456,kaela_kovalskia,4,1289
13457,kaenbyou_rin,4,20927
13458,kaenbyou_rin_(cat),4,2837
13459,kaeya_(genshin_impact),4,2923
13460,kaf_(kamitsubaki_studio),4,1584
13461,kafka_(honkai:_star_rail),4,7474
13462,kafu_(cevio),4,679
13463,kafuu_chino,4,7752
13464,kaga_(azur_lane),4,2753
13465,kaga_(kancolle),4,20822
13466,kaga_sumire,4,888
13467,kagamihara_nadeshiko,4,1607
13468,kagamine_len,4,15636
13469,kagamine_rin,4,23668
13470,kagari_atsuko,4,2506
13471,kagehira_mika,4,887
13472,kagemori_michiru,4,914
13473,kagero_(fire_emblem),4,630
13474,kagerou_(kancolle),4,2982
13475,kageyama_shien,4,601
13476,kageyama_shigeo,4,1628
13477,kagiyama_hina,4,10744
13478,kagura_(gintama),4,1801
13479,kagura_hikari,4,694
13480,kaguya_(cho_kaguya-hime!),4,4864
13481,kaguya_luna,4,1317
13482,kaho_(blue_archive),4,999
13483,kai'sa,4,663
13484,kaiba_seto,4,871
13485,kaidou_minami,4,606
13486,kaine_(nier),4,1334
13487,kaiou_michiru,4,1106
13488,kairi_(kingdom_hearts),4,1012
13489,kaito_(vocaloid),4,8192
13490,kaitou_kid,4,618
13491,kakania_(reverse:1999),4,828
13492,kako_(kancolle),4,1214
13493,kaku_seiga,4,7736
13494,kakyoin_noriaki,4,3276
13495,kal'tsit_(arknights),4,5585
13496,kalina_(girls'_frontline),4,787
13497,kallen_kaslana,4,812
13498,kama_(adult)_(fate),4,1089
13499,kama_(assassin)_(first_ascension)_(fate),4,776
13500,kama_(fate),4,4121
13501,kama_(teenager)_(fate),4,1268
13502,kama_(young)_(fate),4,1561
13503,kamado_nezuko,4,3174
13504,kamado_tanjirou,4,2503
13505,kamanosuke_(zenless_zone_zero),4,837
13506,kamijou_touma,4,2747
13507,kamikaze_(kancolle),4,2338
13508,kamikita_komari,4,1230
13509,kamille_bidan,4,952
13510,kamina_(ttgl),4,1254
13511,kamio_misuzu,4,1548
13512,kamisato_ayaka,4,7026
13513,kamisato_ayaka_(springbloom_missive),4,946
13514,kamisato_ayato,4,2055
13515,kamishirasawa_keine,4,15070
13516,kamishiro_rui,4,1804
13517,kamiya_nao,4,1853
13518,kamoi_(kancolle),4,1491
13519,kamui_gakupo,4,1606
13520,kamukura_izuru,4,1576
13521,kan'u_unchou,4,717
13522,kana_anaberal,4,604
13523,kanae_(nijisanji),4,1372
13524,kaname_madoka,4,27135
13525,kaname_madoka_(magical_girl),4,9633
13526,kaname_raana,4,2866
13527,kanamori_sayaka,4,645
13528,kanaria,4,675
13529,kanbaru_suruga,4,1116
13530,kaneki_ken,4,1470
13531,kanna_(blue_archive),4,6022
13532,kanna_(cookie),4,627
13533,kanna_(swimsuit)_(blue_archive),4,2121
13534,kanna_kamui,4,3062
13535,kano_shuuya,4,802
13536,kanoe_(blue_archive),4,1639
13537,kanou_aogu,4,1359
13538,kanroji_mitsuri,4,2614
13539,kanzaki_ranko,4,3830
13540,kanzaki_souma,4,609
13541,kanzuki_karin,4,753
13542,kar98k_(girls'_frontline),4,679
13543,karin_(blue_archive),4,7905
13544,karin_(bunny)_(blue_archive),4,3599
13545,karin_(school_uniform)_(blue_archive),4,1093
13546,karina_lyle,4,956
13547,kariya_masaki,4,649
13548,karna_(fate),4,1583
13549,kars_(jojo),4,1005
13550,karyl_(princess_connect!),4,4382
13551,karyl_(summer)_(princess_connect!),4,710
13552,kasai_amane,4,625
13553,kasaki_nozomi,4,1238
13554,kasane_teto,4,15184
13555,kasane_teto_(sv),4,4669
13556,kasane_teto_(utau),4,5025
13557,kashima_(kancolle),4,9632
13558,kashino_(azur_lane),4,1569
13559,kashino_(hot_springs_relaxation)_(azur_lane),4,717
13560,kashiwazaki_sena,4,2395
13561,kashuu_kiyomitsu,4,1520
13562,kasodani_kyouko,4,6717
13563,kasuga_ayumu,4,1080
13564,kasuga_maru_(kancolle),4,806
13565,kasuga_mirai,4,1163
13566,kasugano_sakura,4,1935
13567,kasugano_sora,4,709
13568,kasugano_urara_(precure),4,672
13569,kasukabe_tsumugi,4,714
13570,kasumi_(blue_archive),4,1557
13571,kasumi_(doa),4,1786
13572,kasumi_(kancolle),4,5063
13573,kasumi_kai_ni_(kancolle),4,2708
13574,kasumigaoka_utaha,4,894
13575,katagiri_sanae,4,848
13576,katarina_(league_of_legends),4,726
13577,katori_(kancolle),4,1573
13578,katou_asuka,4,1532
13579,katou_megumi,4,1102
13580,katsuki_yuuri,4,1903
13581,katsura_hinagiku,4,763
13582,katsuragi_(kancolle),4,1842
13583,katsuragi_(senran_kagura),4,670
13584,katsuragi_ace_(dragon_rising_to_the_top)_(umamusume),4,622
13585,katsuragi_ace_(umamusume),4,2139
13586,katsuragi_izumi,4,1640
13587,katsuragi_lilja,4,1909
13588,katsuragi_marina,4,1443
13589,katsuragi_misato,4,1897
13590,katsushika_hokusai_(fate),4,2780
13591,katyusha_(girls_und_panzer),4,3440
13592,kaveh_(genshin_impact),4,2594
13593,kawakami_mai,4,677
13594,kawakami_princess_(umamusume),4,679
13595,kawakami_sadayo,4,1002
13596,kawakaze_(kancolle),4,1610
13597,kawaragi_momoka,4,6744
13598,kawashima_ami,4,638
13599,kawashima_momo,4,1270
13600,kawashiro_nitori,4,16717
13601,kay_(girls_und_panzer),4,3807
13602,kaya_rinha,4,836
13603,kayamori_ruka,4,1885
13604,kayneth_el-melloi_archibald,4,821
13605,kayoko_(blue_archive),4,10208
13606,kayoko_(dress)_(blue_archive),4,2268
13607,kayoko_(new_year)_(blue_archive),4,740
13608,kazagumo_(kancolle),4,1447
13609,kazama_asuka,4,1018
13610,kazama_iroha,4,4125
13611,kazama_iroha_(1st_costume),4,1881
13612,kazama_jin,4,642
13613,kazami_yuuka,4,18571
13614,kazami_yuuka_(pc-98),4,1054
13615,kazanari_tsubasa,4,1322
13616,kazano_hiori,4,1697
13617,kazemaru_ichirouta,4,657
13618,kazusa_(band)_(blue_archive),4,1485
13619,kazusa_(blue_archive),4,9942
13620,kazusa_(halloween)_(blue_archive),4,655
13621,kearsarge_(azur_lane),4,611
13622,kei_(aris)_(blue_archive),4,1216
13623,kei_(blue_archive),4,4268
13624,kei_(new_body)_(blue_archive),4,2850
13625,kei_(robot)_(blue_archive),4,662
13626,keith_goodman,4,859
13627,kel_(faraway)_(omori),4,2916
13628,kel_(headspace)_(omori),4,1645
13629,kel_(omori),4,4378
13630,kemomimi-chan_(naga_u),4,1892
13631,ken_masters,4,1251
13632,kenmochi_touya,4,1316
13633,kenzaki_makoto,4,1278
13634,keqing_(genshin_impact),4,7817
13635,keqing_(opulent_splendor)_(genshin_impact),4,1027
13636,kero_(cardcaptor_sakura),4,2204
13637,keroro,4,649
13638,kevin_kaslana,4,854
13639,ki-sikil_(yu-gi-oh!),4,764
13640,kiana_kaslana,4,7110
13641,kiana_kaslana_(herrscher_of_finality),4,1451
13642,kiana_kaslana_(herrscher_of_flamescion),4,1048
13643,kiana_kaslana_(herrscher_of_the_void),4,821
13644,kiana_kaslana_(white_comet),4,773
13645,kicchou_yachie,4,3227
13646,kido_tsubomi,4,835
13647,kieran_(pokemon),4,6225
13648,kijin_seija,4,6266
13649,kiki_(majo_no_takkyuubin),4,1083
13650,kikirara_vivi,4,834
13651,kikuchi_makoto,4,5217
13652,kikuzuki_(kancolle),4,803
13653,kikyou_(blue_archive),4,3984
13654,kikyou_(swimsuit)_(blue_archive),4,913
13655,killua_zoldyck,4,1870
13656,kim_dokja,4,4561
13657,kin'iro_ryotei_(umamusume),4,639
13658,kindred_(league_of_legends),4,879
13659,king_(aotu_world),4,630
13660,king_dedede,4,1204
13661,king_halo_(king_of_emeralds)_(umamusume),4,940
13662,king_halo_(umamusume),4,3627
13663,king_hassan_(fate),4,1104
13664,kinich_(genshin_impact),4,1538
13665,kino_(kino_no_tabi),4,1258
13666,kino_makoto,4,2163
13667,kinomoto_sakura,4,8214
13668,kinomoto_sakura_(magician),4,1329
13669,kinu_(kancolle),4,947
13670,kinugasa_(kancolle),4,2342
13671,kinugasa_kai_ni_(kancolle),4,1071
13672,kira_yamato,4,730
13673,kira_yoshikage,4,1056
13674,kirakishou,4,645
13675,kiran_(fire_emblem),4,1425
13676,kirara_(blue_archive),4,1585
13677,kirara_(genshin_impact),4,1529
13678,kirby,4,9658
13679,kirigaya_suguha,4,2045
13680,kirigiri_kyoko,4,4123
13681,kirijou_mitsuru,4,2123
13682,kirima_syaro,4,3012
13683,kirino_(blue_archive),4,1199
13684,kirino_ranmaru,4,1584
13685,kirisame_marisa,4,75111
13686,kirisame_marisa_(pc-98),4,797
13687,kirisawa_juuzou_(character),4,705
13688,kirishima_(kancolle),4,4499
13689,kirishima_eijiro,4,970
13690,kirishima_kai_ni_(kancolle),4,623
13691,kirishima_touka,4,1011
13692,kiritani_haruka,4,1472
13693,kirito,4,3133
13694,kiriya_aoi,4,1299
13695,kirlia,4,2681
13696,kirschtaria_wodime,4,798
13697,kiryu_coco,4,4045
13698,kiryu_coco_(1st_costume),4,1789
13699,kiryu_kazuma,4,684
13700,kiryuuin_satsuki,4,4746
13701,kisaki_(blue_archive),4,10555
13702,kisaragi_(azur_lane),4,985
13703,kisaragi_(kancolle),4,2308
13704,kisaragi_chihaya,4,5862
13705,kisaragi_kai_ni_(kancolle),4,746
13706,kisaragi_momo,4,626
13707,kisaragi_shintarou,4,1072
13708,kise_yayoi,4,2768
13709,kishibe_rohan,4,1618
13710,kishin_sagume,4,4740
13711,kishinami_(kancolle),4,923
13712,kishinami_hakuno_(female),4,1582
13713,kishinami_hakuno_(male),4,678
13714,kiso_(kancolle),4,4112
13715,kiso_kai_ni_(kancolle),4,1384
13716,kiss-shot_acerola-orion_heart-under-blade,4,1547
13717,kisume,4,3763
13718,kita_ikuyo,4,8738
13719,kitagawa_marin,4,5935
13720,kitagawa_yusuke,4,608
13721,kitakami_(kancolle),4,6121
13722,kitakami_kai_ni_(kancolle),4,1127
13723,kitakami_reika,4,650
13724,kitasan_black_(gilded_shrine_to_glory)_(umamusume),4,1331
13725,kitasan_black_(umamusume),4,4686
13726,kitashirakawa_chiyuri,4,780
13727,kitashirakawa_tamako,4,1000
13728,kitazawa_shiho,4,2141
13729,kitten_(gravity_daze),4,775
13730,kiyohime_(fate),4,3095
13731,kiyoshimo_(kancolle),4,2841
13732,kizuna_ai,4,1677
13733,kizuna_ai_(1st_costume),4,1032
13734,kizuna_akari,4,4249
13735,klara_(pokemon),4,961
13736,klee_(genshin_impact),4,6787
13737,klein_moretti,4,1045
13738,klukai_(girls'_frontline_2),4,925
13739,kneesocks_(psg),4,1258
13740,knight_(hollow_knight),4,911
13741,knuckles_the_echidna,4,1153
13742,koakuma,4,14880
13743,kobayakawa_sae,4,996
13744,kobayashi_(maidragon),4,985
13745,kobo_kanaeru,4,1181
13746,kochiya_sanae,4,36578
13747,kochou_shinobu,4,3555
13748,koga_mitsuki,4,701
13749,kogitsunemaru,4,718
13750,kogure_ruka,4,668
13751,kohaku_(tsukihime),4,1521
13752,koharu_(blue_archive),4,9375
13753,koharu_(swimsuit)_(blue_archive),4,1816
13754,koharu_rikka,4,689
13755,kohinata_miho,4,1095
13756,kohinata_miku,4,992
13757,koito_otonoshin,4,711
13758,koito_yuu,4,815
13759,koiwai_yotsuba,4,639
13760,koizumi_hanayo,4,4107
13761,koizumi_itsuki,4,1700
13762,koizumi_mahiru,4,1027
13763,kojo_anna,4,612
13764,kokkoro_(princess_connect!),4,3790
13765,kokona_(blue_archive),4,3239
13766,kokonoe_rin,4,606
13767,kokoro_(hakui_koyori),4,770
13768,koleda_belobog,4,1082
13769,komaeda_nagito,4,6918
13770,komaki_manaka,4,946
13771,komano_aunn,4,2454
13772,komano_manato,4,1235
13773,komeiji_koishi,4,40647
13774,komeiji_satori,4,27760
13775,komi_shouko,4,2299
13776,komiya_kaho,4,2011
13777,komori_met,4,620
13778,kon_kanaho,4,1003
13779,kondou_taeko,4,1021
13780,kongou_(kancolle),4,13452
13781,kongou_kai_ni_(kancolle),4,1991
13782,konjiki_no_yami,4,1822
13783,konngara_(touhou),4,616
13784,konno_junko,4,1549
13785,konoe_kanata,4,2031
13786,konoha_(kagerou_project),4,605
13787,konoka_(blue_archive),4,937
13788,konpaku_youki,4,784
13789,konpaku_youmu,4,36493
13790,konpaku_youmu_(ghost),4,20759
13791,kooh_(pangya),4,903
13792,koraidon,4,727
13793,korok,4,633
13794,korra,4,1004
13795,kos-mos,4,1088
13796,kosaka_honoka,4,5108
13797,koseki_bijou,4,4153
13798,koseki_bijou_(1st_costume),4,1144
13799,koshimizu_sachiko,4,3501
13800,kotegawa_yui,4,897
13801,kotobuki_tsumugi,4,5269
13802,kotomine_kirei,4,3118
13803,kotonoha_akane,4,2620
13804,kotonoha_aoi,4,2450
13805,kotori_(blue_archive),4,1031
13806,kotori_(cheer_squad)_(blue_archive),4,643
13807,kousaka_kirino,4,2620
13808,kousaka_kyousuke,4,896
13809,kousaka_reina,4,1742
13810,kousaka_tamaki,4,2009
13811,kousaka_umi,4,810
13812,kouzuki_kallen,4,2800
13813,koyama_yuzu,4,892
13814,koyanskaya_(assassin)_(first_ascension)_(fate),4,683
13815,koyanskaya_(fate),4,2461
13816,koyuki_(blue_archive),4,2003
13817,kozakura_marry,4,1237
13818,kris_(dark_world)_(deltarune),4,2009
13819,kris_(deltarune),4,3858
13820,kris_(pokemon),4,1799
13821,krista_lenz,4,1823
13822,kroos_(arknights),4,724
13823,kson,4,734
13824,kuchiki_rukia,4,2922
13825,kudamaki_tsukasa,4,3217
13826,kudou_shin'ichi,4,631
13827,kuga_natsuki,4,897
13828,kugisaki_nobara,4,2338
13829,kujikawa_rise,4,2461
13830,kujo_jolyne,4,4060
13831,kujo_jotaro,4,6890
13832,kujou_karen,4,1113
13833,kujou_sara,4,2250
13834,kuki_shinobu,4,1457
13835,kula_diamond,4,1077
13836,kuma_(kancolle),4,2792
13837,kuma_(persona_4),4,1362
13838,kumada_masaru,4,600
13839,kumano_(kancolle),4,3010
13840,kumoi_ichirin,4,6037
13841,kunikida_hanamaru,4,2726
13842,kunimi_tama,4,704
13843,kuo_shenlin,4,718
13844,kuonji_alice,4,882
13845,kuonji_ukyou,4,610
13846,kuradoberi_jam,4,900
13847,kuramochi_meruto,4,813
13848,kuramoto_china,4,1502
13849,kurapika,4,1718
13850,kuraue_hinata,4,650
13851,kureiji_ollie,4,2203
13852,kureiji_ollie_(1st_costume),4,819
13853,kuririn,4,849
13854,kurodani_yamame,4,6334
13855,kuroka_(high_school_dxd),4,601
13856,kurokami_fubuki,4,1034
13857,kurokawa_akane,4,1128
13858,kurokawa_eren,4,939
13859,kuroki_tomoko,4,4619
13860,kurokoma_saki,4,2534
13861,kuromi,4,1411
13862,kuromiya_raika_(kuromiya),4,630
13863,kuroo_tetsurou,4,631
13864,kurosaki_chitose,4,724
13865,kurosaki_ichigo,4,2523
13866,kurosawa_dia,4,2953
13867,kurosawa_ruby,4,2742
13868,kuroshio_(kancolle),4,1988
13869,kurumi_(blue_archive),4,897
13870,kurumi_erika,4,2163
13871,kurumi_noah,4,949
13872,kururugi_suzaku,4,1084
13873,kusanagi_motoko,4,1687
13874,kusanagi_nene,4,2026
13875,kushima_kamome,4,700
13876,kusugawa_sasara,4,669
13877,kuwayama_chiyuki,4,2153
13878,kuzuha_(nijisanji),4,1752
13879,kuzuryu_fuyuhiko,4,738
13880,ky_kiske,4,916
13881,kyogre,4,771
13882,kyoka_(princess_connect!),4,1403
13883,kyon,4,3516
13884,kyonko,4,2247
13885,kyubey,4,8073
13886,l_(death_note),4,1017
13887,la+_darknesss,4,5544
13888,la+_darknesss_(1st_costume),4,2509
13889,la_pluma_(arknights),4,1642
13890,label_(nikke),4,883
13891,label_girl_(dipp),4,601
13892,lacey_(pokemon),4,1400
13893,lacus_clyne,4,977
13894,lady_(devil_may_cry),4,1022
13895,lady_avalon_(fate),4,649
13896,lady_maria_of_the_astral_clocktower,4,773
13897,laevatain_(arknights),4,777
13898,laffey_(azur_lane),4,2814
13899,lain_paterson,4,926
13900,laios_touden,4,3152
13901,lala_satalin_deviluke,4,1054
13902,lamb_(league_of_legends),4,865
13903,lambdadelta,4,972
13904,lan_wangji,4,2884
13905,lana's_mother_(pokemon),4,908
13906,lana_(pokemon),4,3091
13907,lance_(pokemon),4,1105
13908,lancelot_(fate/grand_order),4,754
13909,lappland_(arknights),4,6500
13910,lappland_(refined_horrormare)_(arknights),4,887
13911,lappland_the_decadenza_(arknights),4,1068
13912,lapras,4,1213
13913,larcei_(fire_emblem),4,1212
13914,larry_(pokemon),4,846
13915,last_order_(toaru_majutsu_no_index),4,1654
13916,latias,4,1534
13917,latios,4,1085
13918,lauma_(genshin_impact),4,987
13919,laundry_dragonmaid,4,967
13920,laura_bodewig,4,829
13921,laura_la_mer,4,899
13922,lauren_iroas,4,642
13923,lavinia_whateley_(fate),4,794
13924,layla_(genshin_impact),4,1286
13925,layla_(idolmaster),4,657
13926,le_malin_(azur_lane),4,1807
13927,le_malin_(listless_lapin)_(azur_lane),4,942
13928,leaf_(pokemon),4,2805
13929,leafa_(sao),4,1798
13930,leafeon,4,2213
13931,lebanne_(pokemon),4,721
13932,lelouch_vi_britannia,4,2537
13933,lemuen_(arknights),4,1244
13934,len_(tsukihime),4,1126
13935,lenalee_lee,4,775
13936,lenna_charlotte_tycoon,4,1022
13937,leo_(fire_emblem_fates),4,976
13938,leon_(pokemon),4,3833
13939,leon_s._kennedy,4,4146
13940,leona_heidern,4,1652
13941,leona_kingscholar,4,995
13942,leonardo_da_vinci_(caster)_(fate),4,970
13943,leonardo_da_vinci_(fate),4,2439
13944,leonardo_da_vinci_(rider)_(fate),4,1547
13945,leone_abbacchio,4,796
13946,letty_whiterock,4,5095
13947,leva_(girls'_frontline_2),4,655
13948,levi_(shingeki_no_kyojin),4,2303
13949,leviathan_(skullgirls),4,627
13950,lewis_smith,4,1563
13951,lexington_(warship_girls_r),4,610
13952,li_huowang,4,1173
13953,li_syaoran,4,938
13954,li_yuting_(female),4,881
13955,li_yuting_(male),4,948
13956,libeccio_(kancolle),4,1729
13957,lida_(pokemon),4,790
13958,lighter_(zenless_zone_zero),4,1394
13959,lightning_farron,4,980
13960,liko_(pokemon),4,2279
13961,lil-la_(yu-gi-oh!),4,905
13962,lili_(tekken),4,884
13963,lilina_(fire_emblem),4,633
13964,lilith_(darkstalkers),4,3039
13965,lilith_(fate),4,1786
13966,lilith_(machikado_mazoku),4,745
13967,lilith_(second_ascension)_(fate),4,727
13968,liliya_olenyeva,4,645
13969,lillie_(pokemon),4,8561
13970,lilligant,4,712
13971,lily_black,4,795
13972,lily_white,4,4648
13973,limealicious,4,602
13974,lin_(arknights),4,875
13975,lina_inverse,4,1082
13976,ling_(arknights),4,1895
13977,lingsha_(honkai:_star_rail),4,772
13978,link,4,18500
13979,lio_fotia,4,2378
13980,lion_(kemono_friends),4,1068
13981,lisa_(genshin_impact),4,2251
13982,lisbeth_(sao),4,755
13983,lisia_(pokemon),4,779
13984,liskarm_(arknights),4,907
13985,lissa_(fire_emblem),4,636
13986,listener_(inugami_korone),4,715
13987,litten,4,1317
13988,little_boy_admiral_(kancolle),4,1420
13989,little_ica_(honkai:_star_rail),4,889
13990,little_mermaid_(nikke),4,695
13991,little_red_riding_hood_(fairy_tale_character),4,2319
13992,littorio_(kancolle),4,1166
13993,litwick,4,1509
13994,liv_(pgr),4,845
13995,lize_helesta,4,4060
13996,lize_helesta_(1st_costume),4,835
13997,logos_(arknights),4,633
13998,lohen_(genshin_impact),4,1012
13999,loki_(marvel),4,800
14000,lokulo-chan_(lokulo_no_mawashimono),4,692
14001,lopunny,4,2221
14002,lord_el-melloi_ii,4,1081
14003,lord_knight_(ragnarok_online),4,1177
14004,louise_francoise_le_blanc_de_la_valliere,4,2214
14005,lovely_labrynth_of_the_silver_castle,4,2010
14006,lu_guang,4,748
14007,luca_kaneshiro,4,705
14008,lucario,4,3381
14009,lucas_(mother_3),4,969
14010,lucas_(pokemon),4,1402
14011,lucas_lee,4,647
14012,lucca_ashtear,4,629
14013,lucia_(pgr),4,1313
14014,luciana_de_montefio,4,2011
14015,luciela_r._sourcream,4,601
14016,lucifer_(helltaker),4,1922
14017,lucifer_morningstar_(hazbin_hotel),4,964
14018,lucina_(fire_emblem),4,5052
14019,lucky_beast_(kemono_friends),4,2009
14020,lucky_lilac_(umamusume),4,637
14021,lucoa_(maidragon),4,1541
14022,lucy_(cyberpunk),4,1692
14023,lucy_heartfilia,4,1325
14024,lugia,4,947
14025,luigi,4,2989
14026,luka_(alien_stage),4,1344
14027,luka_(mon-musu_quest!),4,660
14028,luke_fon_fabre,4,852
14029,luke_pearce_(tears_of_themis),4,668
14030,lulu_(league_of_legends),4,962
14031,lum,4,3385
14032,luma_(mario),4,1471
14033,lumine_(genshin_impact),4,20170
14034,luna_(honkai_impact),4,639
14035,luna_(sailor_moon),4,664
14036,luna_child,4,3419
14037,luna_platz_(mega_man),4,1076
14038,lunamaria_hawke,4,964
14039,lunasa_prismriver,4,3427
14040,luo_tianyi,4,1016
14041,luo_xiaohei,4,1447
14042,luo_xiaohei_(cat),4,753
14043,luo_xiaohei_(human),4,733
14044,lupa_(wuthering_waves),4,1115
14045,lusamine_(pokemon),4,2576
14046,luvdisc,4,750
14047,lux_(league_of_legends),4,1371
14048,luxray,4,686
14049,luz_noceda,4,605
14050,lycanroc,4,791
14051,lyn_(fire_emblem),4,2849
14052,lynae_(wuthering_waves),4,1511
14053,lynette_(genshin_impact),4,2319
14054,lynette_bishop,4,2216
14055,lyney_(genshin_impact),4,1852
14056,lyra_(pokemon),4,2720
14057,lyria_(granblue_fantasy),4,1112
14058,lyrica_prismriver,4,2747
14059,lysithea_von_ordelia,4,2649
14060,lysithea_von_ordelia_(timeskip),4,774
14061,m16a1_(girls'_frontline),4,1779
14062,m200_(girls'_frontline),4,1782
14063,m4_sopmod_ii_(girls'_frontline),4,1711
14064,m4a1_(girls'_frontline),4,1787
14065,machamp,4,767
14066,machina_x_flayon,4,686
14067,madotsuki,4,2162
14068,maebara_keiichi,4,1282
14069,maekawa_miku,4,3069
14070,magallan_(arknights),4,935
14071,mage_(ragnarok_online),4,806
14072,magia_baiser,4,1012
14073,magical_mirai_miku,4,2480
14074,magical_ruby,4,1366
14075,magik_(x-men),4,761
14076,magikarp,4,1011
14077,magnemite,4,1518
14078,magolor,4,920
14079,magus_(zenless_zone_zero),4,649
14080,mahito_(jujutsu_kaisen),4,797
14081,mai_(touhou),4,616
14082,mai_natsume,4,651
14083,maikaze_(kancolle),4,1332
14084,maizono_sayaka,4,1708
14085,majin_android_21,4,963
14086,maka_albarn,4,1442
14087,makabe_mizuki,4,1338
14088,makaino_ririmu,4,3411
14089,makaino_ririmu_(4th_costume),4,713
14090,maki_(blue_archive),4,1736
14091,maki_(camp)_(blue_archive),4,720
14092,makigumo_(kancolle),4,2269
14093,makima_(chainsaw_man),4,10075
14094,makinami_mari_illustrious,4,2648
14095,makise_kurisu,4,4107
14096,makoto_(blue_archive),4,1050
14097,makoto_(street_fighter),4,953
14098,makoto_nanaya,4,1799
14099,male_alear_(fire_emblem),4,988
14100,male_byleth_(awakened)_(fire_emblem),4,974
14101,male_byleth_(fire_emblem),4,2956
14102,male_corrin_(fire_emblem),4,1461
14103,male_doctor_(arknights),4,1850
14104,male_endministrator_(arknights),4,613
14105,male_kiran_(fire_emblem),4,679
14106,male_robin_(fire_emblem),4,1957
14107,male_rover_(wuthering_waves),4,4172
14108,malenia_blade_of_miquella,4,1614
14109,malina_(helltaker),4,791
14110,mallow_(pokemon),4,2366
14111,mamiya_(kancolle),4,1723
14112,manabe_nodoka,4,957
14113,manaka_laala,4,1634
14114,manaka_non,4,678
14115,manhattan_cafe_(creeping_shadow)_(umamusume),4,1789
14116,manhattan_cafe_(umamusume),4,11471
14117,manjuu_(azur_lane),4,10279
14118,mankanshoku_mako,4,2778
14119,manya_(dq4),4,975
14120,maomao_(kusuriya_no_hitorigoto),4,1778
14121,maou_(maoyuu),4,828
14122,marceline_abadeer,4,774
14123,march_7th_(honkai:_star_rail),4,8925
14124,march_7th_(hunt)_(honkai:_star_rail),4,816
14125,march_7th_(preservation)_(honkai:_star_rail),4,4045
14126,marcille_donato,4,5464
14127,marcus_(reverse:1999),4,672
14128,mari_(blue_archive),4,10107
14129,mari_(faraway)_(omori),4,1915
14130,mari_(headspace)_(omori),4,1781
14131,mari_(idol)_(blue_archive),4,1300
14132,mari_(omori),4,4040
14133,mari_(track)_(blue_archive),4,2541
14134,maria_cadenzavna_eve,4,1427
14135,maria_robotnik,4,712
14136,marianne_von_edmund,4,2042
14137,maribel_hearn,4,12670
14138,marie_(girls_und_panzer),4,1483
14139,marie_(splatoon),4,3678
14140,marie_(squid_sisters_outfit)_(splatoon),4,1484
14141,marie_antoinette_(fate),4,2103
14142,marie_rose,4,997
14143,marill,4,986
14144,marina_(blue_archive),4,603
14145,marina_(fear_&_hunger),4,719
14146,marina_(off_the_hook_outfit)_(splatoon),4,859
14147,marina_(splatoon),4,2384
14148,marinette_dupain-cheng,4,672
14149,mario,4,5702
14150,marnie_(pokemon),4,7773
14151,mars_(cookie),4,664
14152,marth_(fire_emblem),4,1344
14153,martha_(fate),4,1779
14154,martha_(swimsuit_ruler)_(fate),4,768
14155,martina_(dq11),4,764
14156,maru-yu_(kancolle),4,1899
14157,maruyama_aya,4,1158
14158,maruzensky_(umamusume),4,1793
14159,marvelous_sunday_(umamusume),4,625
14160,marx_(kirby),4,708
14161,mary_(ib),4,982
14162,mash_kyrielight,4,19389
14163,mash_kyrielight_(dangerous_beast),4,2827
14164,mash_kyrielight_(demi-servant),4,3465
14165,mash_kyrielight_(swimsuit_of_perpetual_summer),4,793
14166,mashiro_(blue_archive),4,785
14167,mashiro_meme,4,610
14168,massachusetts_(azur_lane),4,837
14169,mast_(nikke),4,604
14170,master_(vocaloid),4,821
14171,matara_okina,4,3352
14172,matikanefukukitaru_(rising_fortune)_(umamusume),4,633
14173,matikanefukukitaru_(umamusume),4,2166
14174,matikanetannhauser_(clippety-tippety-clop)_(umamusume),4,733
14175,matikanetannhauser_(umamusume),4,2777
14176,matoba_risa,4,1689
14177,matoi_(pso2),4,782
14178,matoi_ryuuko,4,8029
14179,matou_kariya,4,1435
14180,matou_sakura,4,6217
14181,matou_sakura_(fate/zero),4,725
14182,matsubara_kanon,4,1032
14183,matsukai_mao,4,634
14184,matsukaze_(kancolle),4,616
14185,matsukaze_tenma,4,626
14186,matsumoto_rangiku,4,1801
14187,matsuno_choromatsu,4,1784
14188,matsuno_ichimatsu,4,1960
14189,matsuno_jyushimatsu,4,1904
14190,matsuno_karamatsu,4,1951
14191,matsuno_osomatsu,4,1994
14192,matsuno_todomatsu,4,1618
14193,matsuura_kanan,4,3083
14194,matsuwa_(kancolle),4,992
14195,mavuika_(genshin_impact),4,2278
14196,mawile,4,1192
14197,may_(guilty_gear),4,1510
14198,may_(pokemon),4,7994
14199,maya_(kancolle),4,3373
14200,maya_fey,4,1078
14201,maya_kai_ni_(kancolle),4,1303
14202,mayano_top_gun_(scramble_zone)_(umamusume),4,899
14203,mayano_top_gun_(umamusume),4,3312
14204,mayuzumi_fuyuko,4,3761
14205,mazaki_anzu,4,667
14206,mdr_(girls'_frontline),4,773
14207,me-tan,4,632
14208,medb_(fate),4,1264
14209,medea_(caster)_(fate),4,1349
14210,medea_(fate),4,1622
14211,medicine_melancholy,4,3838
14212,medjed_(fate),4,1276
14213,medusa_(casual_wear)_(fate),4,716
14214,medusa_(fate),4,5310
14215,medusa_(fate/stay_night),4,1487
14216,medusa_(lancer)_(fate),4,790
14217,medusa_(rider)_(fate),4,4010
14218,meer_campbell,4,901
14219,mega_gardevoir,4,3174
14220,mega_man_(character),4,1628
14221,megaman.exe,4,922
14222,megatron,4,656
14223,megu_(blue_archive),4,740
14224,megumin,4,9938
14225,megurine_luka,4,12443
14226,meguru_(cookie),4,690
14227,mei_(overwatch),4,1821
14228,meiko_(vocaloid),4,6499
14229,meisho_doto_(turbulent_blue)_(umamusume),4,732
14230,meisho_doto_(umamusume),4,2560
14231,mejiro_ardan_(umamusume),4,2248
14232,mejiro_bright_(umamusume),4,1004
14233,mejiro_dober_(umamusume),4,1946
14234,mejiro_mcqueen_(frontline_elegance)_(umamusume),4,1565
14235,mejiro_mcqueen_(umamusume),4,7925
14236,mejiro_palmer_(umamusume),4,1743
14237,mejiro_ramonu_(umamusume),4,1426
14238,mejiro_ryan_(umamusume),4,844
14239,melia_antiqua,4,1059
14240,melina_(elden_ring),4,996
14241,melody_(projektmelody),4,648
14242,meloetta,4,728
14243,meloetta_(aria),4,633
14244,melony_(pokemon),4,1004
14245,meltryllis_(fate),4,5035
14246,meltryllis_(swimsuit_lancer)_(fate),4,2434
14247,meltryllis_(swimsuit_lancer)_(first_ascension)_(fate),4,1226
14248,meltryllis_(swimsuit_lancer)_(second_ascension)_(fate),4,1005
14249,melusine_(fate),4,3197
14250,melusine_(second_ascension)_(fate),4,663
14251,melusine_(swimsuit_ruler)_(fate),4,655
14252,mem_(honkai:_star_rail),4,935
14253,memcho,4,619
14254,meowscarada,4,2033
14255,meowth,4,1794
14256,meowy_(chainsaw_man),4,727
14257,mercedes_von_martritz,4,994
14258,mercy_(overwatch),4,3178
14259,merlin_(fate),4,1663
14260,merlin_(fate/prototype),4,1423
14261,merlin_prismriver,4,2700
14262,meta_knight,4,1532
14263,metal_sonic,4,602
14264,meteion,4,661
14265,metroid_(creature),4,923
14266,metroid_larva,4,881
14267,meursault_(project_moon),4,1589
14268,mew_(pokemon),4,1552
14269,mewo,4,856
14270,mewtwo,4,1135
14271,mia_(fire_emblem),4,866
14272,mia_taylor,4,1259
14273,micaiah_(fire_emblem),4,1475
14274,michael_roa_valdamjong,4,663
14275,michigami_nareko,4,709
14276,michiru_(blue_archive),4,961
14277,michishio_(kancolle),4,2756
14278,michishio_kai_ni_(kancolle),4,819
14279,mickey_mouse,4,822
14280,midare_toushirou,4,1194
14281,midna,4,2061
14282,midna_(true),4,689
14283,midori_(blue_archive),4,5889
14284,midori_(maid)_(blue_archive),4,1070
14285,midorikawa_nao,4,2743
14286,midoriya_izuku,4,7382
14287,midway_princess,4,640
14288,mifune_miyu,4,1004
14289,mifune_shioriko,4,2073
14290,miguel_o'hara,4,605
14291,mihono_bourbon_(mb-19890425)_(umamusume),4,989
14292,mihono_bourbon_(umamusume),4,3530
14293,mii_(nintendo),4,779
14294,miia_(monster_musume),4,1152
14295,mika_(blue_archive),4,14730
14296,mika_(girls_und_panzer),4,3029
14297,mika_(swimsuit)_(blue_archive),4,1385
14298,mikasa_ackerman,4,4225
14299,mikazuki_(kancolle),4,985
14300,mikazuki_munechika,4,1492
14301,mikazuki_yozora,4,660
14302,miki_sayaka,4,18398
14303,miki_sayaka_(magical_girl),4,8184
14304,mikko_(girls_und_panzer),4,929
14305,mikuma_(kancolle),4,1273
14306,mikumo_guynemer,4,793
14307,miles_edgeworth,4,1141
14308,milla_maxwell,4,863
14309,millia_rage,4,1171
14310,millie_parfait,4,912
14311,milotic,4,1141
14312,mima_(touhou),4,2083
14313,mimikyu,4,2538
14314,mimori_(blue_archive),4,624
14315,mimura_kanako,4,1697
14316,min_min_(arms),4,653
14317,minami_kotori,4,5689
14318,minami_yume,4,799
14319,minamino_kanade,4,1670
14320,minamoto_no_raikou_(fate),4,6191
14321,minamoto_no_raikou_(first_ascension)_(fate),4,758
14322,minamoto_no_raikou_(second_ascension)_(fate),4,892
14323,minamoto_no_raikou_(swimsuit_lancer)_(fate),4,1381
14324,minamoto_sakura,4,1297
14325,minase_akiko,4,609
14326,minase_iori,4,4635
14327,minase_nayuki,4,729
14328,minato_aqua,4,9203
14329,minato_aqua_(1st_costume),4,2101
14330,minato_aqua_(sailor),4,1836
14331,minato_yukina,4,1186
14332,minazuki_(kancolle),4,685
14333,minazuki_karen,4,755
14334,minccino,4,650
14335,mine_(blue_archive),4,1028
14336,minegumo_(kancolle),4,810
14337,minna-dietlinde_wilcke,4,1261
14338,mint_fantome,4,1913
14339,mint_fantome_(minto_2.0),4,732
14340,minun,4,768
14341,mio_(xenoblade),4,1613
14342,mioda_ibuki,4,1712
14343,miorine_rembran,4,6953
14344,mipha,4,699
14345,miquella_(elden_ring),4,902
14346,mira_(kpop_demon_hunters),4,779
14347,miraidon,4,631
14348,mirko,4,5852
14349,misaka_imouto,4,1097
14350,misaka_mikoto,4,10144
14351,misaki_(blue_archive),4,1773
14352,misdreavus,4,717
14353,mishaguji,4,891
14354,mishima_kazuya,4,672
14355,mismagius,4,986
14356,misono_karin,4,797
14357,miss_cloud,4,958
14358,miss_fortune_(league_of_legends),4,703
14359,misty_(pokemon),4,4369
14360,misumi_nagisa,4,1943
14361,misumi_uika,4,6311
14362,mita_(miside),4,1269
14363,mitaka_asa,4,2553
14364,mitake_ran,4,1546
14365,mithrun,4,2211
14366,mitsumine_yuika,4,1095
14367,miura_azusa,4,3192
14368,miyafuji_yoshika,4,2609
14369,miyagawa_takane,4,955
14370,miyagi_shiori,4,941
14371,miyako_(blue_archive),4,4629
14372,miyako_(hidamari_sketch),4,735
14373,miyako_(swimsuit)_(blue_archive),4,2002
14374,miyako_yoshika,4,7016
14375,miyamizu_mitsuha,4,1159
14376,miyamoto_frederica,4,2154
14377,miyamoto_iori_(fate),4,1098
14378,miyamoto_musashi_(fate),4,4906
14379,miyamoto_musashi_(swimsuit_berserker)_(fate),4,1732
14380,miyamoto_musashi_(swimsuit_berserker)_(second_ascension)_(fate),4,1277
14381,miyamoto_musashi_(third_ascension)_(fate),4,702
14382,miyanaga_saki,4,782
14383,miyao_miya,4,616
14384,miyashita_ai,4,2135
14385,miyo_(blue_archive),4,1519
14386,miyu_(blue_archive),4,5064
14387,miyu_(swimsuit)_(blue_archive),4,1436
14388,miyu_edelfelt,4,3483
14389,miyu_edelfelt_(magical_girl),4,973
14390,miyuki_(kancolle),4,2225
14391,mizi_(alien_stage),4,3769
14392,mizuhara_chizuru,4,819
14393,mizuhashi_parsee,4,11735
14394,mizuho_(kancolle),4,612
14395,mizuki_(arknights),4,1307
14396,mizuki_yukikaze,4,740
14397,mizumiya_su,4,649
14398,mizumoto_yukari,4,612
14399,mizunashi_akari,4,1474
14400,mizuno_ai,4,1250
14401,mizuno_ami,4,2734
14402,mizutani_eri,4,610
14403,mo_chengwei,4,693
14404,mobius_(honkai_impact),4,1745
14405,mochizuki_(kancolle),4,1181
14406,mochizuki_anna,4,1179
14407,mochizuki_honami,4,950
14408,mochizuki_ryouji,4,835
14409,mococo_abyssgard,4,5342
14410,mococo_abyssgard_(1st_costume),4,2073
14411,modeus_(helltaker),4,1628
14412,moe_(blue_archive),4,1824
14413,moe_(swimsuit)_(blue_archive),4,769
14414,mogador_(kancolle),4,747
14415,mogami_(kancolle),4,2774
14416,mogami_shizuka,4,1538
14417,mohammed_avdol,4,868
14418,momo_(nikki),4,2267
14419,momo_velia_deviluke,4,1151
14420,momoe_nagisa,4,1332
14421,momoi_(blue_archive),4,7009
14422,momoi_(maid)_(blue_archive),4,1020
14423,momoi_airi,4,1260
14424,momose_ginko,4,6561
14425,momose_rio,4,617
14426,momosuzu_nene,4,3403
14427,momosuzu_nene_(1st_costume),4,873
14428,momota_kaito,4,2387
14429,momozono_love,4,1345
14430,mon3tr_(arknights),4,1784
14431,mona_(genshin_impact),4,9226
14432,monika_(doki_doki_literature_club),4,2313
14433,monkey_d._luffy,4,7192
14434,monokuma,4,2736
14435,monomi_(danganronpa),4,1755
14436,mononobe_alice,4,621
14437,mononobe_no_futo,4,9823
14438,monster_hunter_(character),4,3661
14439,moogle,4,2078
14440,moona_hoshinova,4,2043
14441,moona_hoshinova_(1st_costume),4,707
14442,moose_(kemono_friends),4,863
14443,morag_ladair_(xenoblade),4,675
14444,mordred_(fate),4,6368
14445,mordred_(fate/apocrypha),4,1718
14446,mordred_(memories_at_trifas)_(fate),4,1344
14447,mordred_(swimsuit_rider)_(fate),4,815
14448,mordred_(swimsuit_rider)_(first_ascension)_(fate),4,659
14449,mordred_(third_ascension)_(fate),4,1148
14450,morgan_le_fay_(fate),4,5752
14451,morgan_le_fay_(second_ascension)_(fate),4,651
14452,morgan_le_fay_(third_ascension)_(fate),4,625
14453,morgana_(cat)_(persona_5),4,655
14454,morgana_(persona_5),4,1288
14455,morgiana,4,642
14456,mori_calliope,4,11415
14457,mori_calliope_(1st_costume),4,2883
14458,mori_calliope_(streetwear),4,1257
14459,moria_luluka,4,1796
14460,morichika_rinnosuke,4,9068
14461,morikubo_nono,4,2368
14462,morinaka_kazaki,4,766
14463,morino_rinze,4,2166
14464,morisawa_chiaki,4,673
14465,morishima_haruka,4,825
14466,moriya_suwako,4,18648
14467,mornye_(wuthering_waves),4,1272
14468,moroboshi_kirari,4,1930
14469,morpeko,4,2608
14470,morpeko_(full),4,2295
14471,morrigan_aensland,4,6800
14472,mortis_(bang_dream!),4,2578
14473,mortis_(costume)_(bang_dream!),4,2073
14474,mortis_(persona)_(bang_dream!),4,1070
14475,morty_(pokemon),4,604
14476,mostima_(arknights),4,3233
14477,motoori_kosuzu,4,3932
14478,mountain_(arknights),4,1837
14479,mouri_ran,4,747
14480,mp40_(girls'_frontline),4,715
14481,mp7_(girls'_frontline),4,629
14482,mr._c.b._(clear_bliss)_(umamusume),4,861
14483,mr._c.b._(umamusume),4,2663
14484,mr._crawling,4,860
14485,mr._plantegg_(omori),4,759
14486,mr._scarletella,4,699
14487,mr._squeaks_(hakos_baelz),4,1086
14488,ms._fortune_(skullgirls),4,635
14489,mualani_(genshin_impact),4,1643
14490,mudkip,4,1510
14491,mudrock_(arknights),4,3982
14492,mudrock_(elite_ii)_(arknights),4,1149
14493,mudrock_(silent_night)_(arknights),4,673
14494,muelsyse_(arknights),4,1870
14495,mugetsu_(touhou),4,622
14496,mukai_takumi,4,928
14497,mumei_(kabaneri),4,809
14498,munchlax,4,669
14499,muppo,4,617
14500,murakumo_(kancolle),4,7342
14501,murakumo_kai_ni_(kancolle),4,2069
14502,murano_sayaka,4,6466
14503,murasa_minamitsu,4,7548
14504,murasaki_(senran_kagura),4,632
14505,murasaki_shikibu_(fate),4,1498
14506,murasaki_shikibu_(first_ascension)_(fate),4,609
14507,murasaki_shion,4,5004
14508,murasaki_shion_(1st_costume),4,1614
14509,murasaki_shion_(gothic_lolita),4,745
14510,murasame_(kancolle),4,3788
14511,murasame_(senren),4,815
14512,murasame_kai_ni_(kancolle),4,1468
14513,murata_himeko,4,1323
14514,murosaki_miyo,4,1194
14515,musashi_(azur_lane),4,1143
14516,musashi_(kancolle),4,5412
14517,musashi_kai_ni_(kancolle),4,1950
14518,muto_yugi,4,1136
14519,mutsu_(kancolle),4,5593
14520,mutsuki_(blue_archive),4,5385
14521,mutsuki_(kancolle),4,2512
14522,mutsuki_kai_ni_(kancolle),4,985
14523,my_melody,4,1443
14524,mydei_(honkai:_star_rail),4,6062
14525,myoudouin_itsuki,4,1371
14526,myoukou_(kancolle),4,1755
14527,myrtle_(arknights),4,1111
14528,mysterious_heroine_x_(fate),4,913
14529,mysterious_heroine_x_alter_(fate),4,1880
14530,mysterious_heroine_x_alter_(first_ascension)_(fate),4,800
14531,mysterious_heroine_xx_(fate),4,2225
14532,mystia_lorelei,4,14589
14533,mythra_(massive_melee)_(xenoblade),4,808
14534,mythra_(radiant_beach)_(xenoblade),4,637
14535,mythra_(xenoblade),4,7857
14536,n_(pokemon),4,2730
14537,nachi_(kancolle),4,1952
14538,nadia_la_arwall,4,1091
14539,naegi_komaru,4,819
14540,naegi_makoto,4,2349
14541,nagae_iku,4,6702
14542,naganami_(kancolle),4,4110
14543,naganami_kai_ni_(kancolle),4,1294
14544,naganohara_mio,4,836
14545,nagant_revolver_(girls'_frontline),4,641
14546,nagao_kagetora_(fate),4,842
14547,nagara_(kancolle),4,819
14548,nagasaki_soyo,4,8368
14549,nagato_(azur_lane),4,1475
14550,nagato_(kancolle),4,9191
14551,nagato_kai_ni_(kancolle),4,802
14552,nagato_yuki,4,8354
14553,nagatoro_hayase,4,2119
14554,nagatsuki_(kancolle),4,2023
14555,nagayoshi_subaru,4,625
14556,nagi_(kannagi),4,1023
14557,nagisa_(blue_archive),4,3857
14558,nagisa_(swimsuit)_(blue_archive),4,752
14559,nagisa_kaworu,4,3761
14560,nagomi_yui,4,805
14561,nagusa_(blue_archive),4,863
14562,nahida_(genshin_impact),4,12205
14563,naka_(kancolle),4,3647
14564,naka_kai_ni_(kancolle),4,962
14565,nakagawa_natsuki,4,948
14566,nakamura_yuri,4,1555
14567,nakano_azusa,4,8594
14568,nakano_ichika,4,2215
14569,nakano_itsuki,4,2458
14570,nakano_miku,4,3964
14571,nakano_nino,4,4460
14572,nakano_yotsuba,4,3544
14573,nakasu_kasumi,4,2407
14574,nakatani_iku,4,768
14575,nakayama_festa_(umamusume),4,2451
14576,nakiri_ayame,4,5169
14577,nakiri_ayame_(1st_costume),4,1362
14578,nakiri_erina,4,1131
14579,nakoruru,4,785
14580,namazuo_toushirou,4,1199
14581,nami_(one_piece),4,9611
14582,nana_asta_deviluke,4,605
14583,nanachi_(made_in_abyss),4,1636
14584,nanakusa_nazuna_(yofukashi_no_uta),4,805
14585,nanakusa_nichika,4,1094
14586,nanami_chiaki,4,12794
14587,nanami_kento,4,1880
14588,nanami_touko,4,774
14589,nanami_yachiyo,4,1217
14590,nanao_yuriko,4,1344
14591,nanasaki_ai,4,2070
14592,nanashi_mumei,4,9082
14593,nanashi_mumei_(1st_costume),4,3033
14594,nanashi_mumei_(casual),4,751
14595,nanashi_mumei_(emo),4,939
14596,nangong_yu,4,1974
14597,nao_(mabinogi),4,617
14598,naoe_riki,4,839
14599,naomi_(girls_und_panzer),4,823
14600,napoleon_bonaparte_(fate),4,2167
14601,narancia_ghirga,4,1048
14602,narciso_anasui,4,656
14603,narita_brian_(umamusume),4,2596
14604,narita_taishin_(umamusume),4,2374
14605,narita_top_road_(umamusume),4,1963
14606,narmaya_(granblue_fantasy),4,3643
14607,narukami_yu,4,4573
14608,narusawa_ryouka,4,608
14609,naruse_shiroha,4,1045
14610,natalia_(idolmaster),4,942
14611,nate_(pokemon),4,1385
14612,natori_(kancolle),4,817
14613,natori_sana,4,2584
14614,natori_sana_(nurse),4,1532
14615,natsu_(band)_(blue_archive),4,769
14616,natsu_(blue_archive),4,3211
14617,natsu_megumi,4,973
14618,natsuiro_matsuri,4,4268
14619,natsuiro_matsuri_(1st_costume),4,1075
14620,natsuki_(doki_doki_literature_club),4,1858
14621,natsuki_karin,4,633
14622,natsuki_subaru,4,2485
14623,natsume_an-an,4,649
14624,natsume_kyousuke,4,853
14625,natsume_rin,4,1635
14626,natsuumi_manatsu,4,786
14627,navi,4,807
14628,navia_(genshin_impact),4,2559
14629,nayuta_(chainsaw_man),4,1025
14630,nazrin,4,14537
14631,nearl_(arknights),4,1309
14632,neco-arc,4,889
14633,necrass_(arknights),4,1015
14634,nefer_(genshin_impact),4,638
14635,neferpitou,4,675
14636,nefertari_vivi,4,859
14637,negev_(girls'_frontline),4,735
14638,nekko_(momosuzu_nene),4,690
14639,neko_(minato_aqua),4,852
14640,nekomata_okayu,4,10950
14641,nekomata_okayu_(1st_costume),4,2899
14642,nekomata_okayu_(oversized_shirt),4,1282
14643,nekomata_okayu_(school_uniform),4,781
14644,nekomiya_hinata,4,701
14645,nekomiya_mana,4,1190
14646,nekomusume,4,1501
14647,nekomusume_(gegege_no_kitarou_6),4,1017
14648,nekota_tsuna,4,994
14649,nekoyashiki_mayu,4,1245
14650,nekoyashiki_yuki,4,1363
14651,nelliel_tu_odelschwanck,4,631
14652,nelson_(kancolle),4,889
14653,nemo_(fate),4,1089
14654,nemona_(pokemon),4,2086
14655,nemoto_hina,4,1275
14656,nenohi_(kancolle),4,880
14657,neo_universe_(umamusume),4,1214
14658,neon_(nikke),4,631
14659,neopolitan_(rwby),4,960
14660,nepgear,4,1390
14661,neptune_(neptunia),4,2225
14662,nerissa_ravencroft,4,6751
14663,nerissa_ravencroft_(1st_costume),4,1823
14664,nero_(devil_may_cry),4,691
14665,nero_claudius_(bride)_(fate),4,1898
14666,nero_claudius_(fate),4,10746
14667,nero_claudius_(fate/extra),4,2534
14668,nero_claudius_(olympian_bloomers)_(fate),4,601
14669,nero_claudius_(swimsuit_caster)_(fate),4,2241
14670,neru_(blue_archive),4,5063
14671,neru_(bunny)_(blue_archive),4,1709
14672,ness_(mother_2),4,1320
14673,nessa_(pokemon),4,3587
14674,netzach_(project_moon),4,1053
14675,neuro-sama,4,1587
14676,neuro-sama_(1st_costume),4,1106
14677,neuvillette_(genshin_impact),4,2788
14678,new_jersey_(azur_lane),4,1524
14679,nia_(blade)_(xenoblade),4,1473
14680,nia_(xenoblade),4,3541
14681,nia_teppelin,4,2745
14682,nian_(arknights),4,3184
14683,nian_(unfettered_freedom)_(arknights),4,631
14684,nibutani_shinka,4,882
14685,nice_nature_(poinsettia_ribbon)_(umamusume),4,825
14686,nice_nature_(run_&_win)_(umamusume),4,945
14687,nice_nature_(umamusume),4,5086
14688,nicholas_d._wolfwood,4,793
14689,nico_robin,4,6605
14690,nicole_demara,4,3928
14691,nihilego,4,617
14692,niijima_makoto,4,2007
14693,nijigaoka_mashiro,4,1794
14694,nijimura_okuyasu,4,939
14695,nikaido_hiro,4,1576
14696,nikaidou_saki,4,801
14697,nikka_edvardine_katajainen,4,801
14698,nikki_(nikki),4,4370
14699,niko_(blue_archive),4,1499
14700,nilou_(genshin_impact),4,5702
14701,nimi_nightmare,4,1194
14702,nina_(fire_emblem),4,1095
14703,nina_kosaka,4,652
14704,ningguang_(genshin_impact),4,2547
14705,ninian_(fire_emblem),4,646
14706,ninomae_ina'nis,4,11232
14707,ninomae_ina'nis_(1st_costume),4,3020
14708,ninomae_ina'nis_(casual),4,698
14709,ninomae_ina'nis_(loungewear),4,607
14710,ninomiya_asuka,4,1549
14711,nippaku_zanmu,4,804
14712,nishi_kinuyo,4,1740
14713,nishida_satono,4,1806
14714,nishikigi_chisato,4,7870
14715,nishikino_maki,4,8111
14716,nishino_flower_(umamusume),4,1223
14717,nishizumi_maho,4,6560
14718,nishizumi_miho,4,10106
14719,nishizumi_shiho,4,2255
14720,nitocris_(caster)_(fate),4,841
14721,nitocris_(fate),4,3299
14722,nitocris_(swimsuit_assassin)_(fate),4,886
14723,nitta_minami,4,3406
14724,niwatari_kutaka,4,2158
14725,noa_(blue_archive),4,7664
14726,noa_(pajamas)_(blue_archive),4,821
14727,nobeta,4,832
14728,noctis_lucis_caelum,4,881
14729,noel_vermillion,4,1570
14730,noelle_(genshin_impact),4,2023
14731,noelle_holiday,4,1559
14732,noi_(dorohedoro),4,762
14733,noir_(nikke),4,776
14734,noire_(neptunia),4,1674
14735,non-human_admiral_(kancolle),4,2753
14736,nonna_(girls_und_panzer),4,2403
14737,nono_hana,4,699
14738,nonomi_(blue_archive),4,4403
14739,nonomi_(swimsuit)_(blue_archive),4,1753
14740,northern_italy_(hetalia),4,831
14741,northern_ocean_princess,4,6540
14742,northern_white-faced_owl_(kemono_friends),4,1657
14743,noshiro_(azur_lane),4,698
14744,noshiro_(kancolle),4,2030
14745,noumi_kudryavka,4,2020
14746,nowaki_(kancolle),4,1234
14747,nowi_(fire_emblem),4,786
14748,nozomi_(blue_archive),4,5503
14749,nu-13,4,814
14750,nugget_(project_moon),4,1927
14751,nui_sociere,4,1161
14752,nunnally_vi_britannia,4,606
14753,nursery_rhyme_(fate),4,1316
14754,nyaan_(gundam_gquuuuuux),4,1412
14755,nyarlathotep_(nyaruko-san),4,915
14756,nyon_(cookie),4,882
14757,oberon_(fate),4,3280
14758,oberon_(third_ascension)_(fate),4,1818
14759,oblivionis_(bang_dream!),4,2212
14760,oboro_(kancolle),4,3295
14761,octane_(apex_legends),4,734
14762,octoling_boy,4,1169
14763,octoling_girl,4,3672
14764,octoling_player_character,4,5092
14765,oda_nobukatsu_(fate),4,1119
14766,oda_nobunaga_(fate),4,3783
14767,oda_nobunaga_(koha-ace),4,1533
14768,oda_nobunaga_(maou_avenger)_(fate),4,700
14769,oda_nobunaga_(swimsuit_berserker)_(fate),4,604
14770,oddish,4,952
14771,ogami_sachi,4,702
14772,ogami_tamaki,4,646
14773,ogata_chieri,4,1093
14774,ogata_hyakunosuke,4,1349
14775,ogerpon,4,891
14776,ogerpon_(teal_mask),4,686
14777,ogino_chihiro,4,631
14778,oguri_cap_(starlight_beat)_(umamusume),4,1743
14779,oguri_cap_(umamusume),4,5919
14780,ohara_mari,4,2486
14781,ohtsuki_yui,4,2746
14782,oikawa_shizuku,4,1456
14783,oka_asahi,4,1268
14784,okabe_rintarou,4,1784
14785,okada_izou_(fate),4,883
14786,okamisty,4,1696
14787,okazaki_tomoya,4,705
14788,okazaki_yumemi,4,1223
14789,okinami_(kancolle),4,842
14790,okita_j._souji_(fate),4,803
14791,okita_sougo,4,850
14792,okita_souji_(fate),4,7630
14793,okita_souji_(first_ascension)_(fate),4,674
14794,okita_souji_(koha-ace),4,5366
14795,okita_souji_(second_ascension)_(fate),4,852
14796,okita_souji_(third_ascension)_(fate),4,1845
14797,okita_souji_alter_(fate),4,1417
14798,okita_souji_alter_(second_ascension)_(fate),4,611
14799,okkotsu_yuta,4,1004
14800,oktavia_von_seckendorff,4,940
14801,okumura_haru,4,1458
14802,okunoda_miyoi,4,902
14803,okusawa_misaki,4,1116
14804,olga_marie_animusphere,4,1706
14805,olimar,4,1426
14806,oma_kokichi,4,9376
14807,omaru_polka,4,3391
14808,omaru_polka_(1st_costume),4,1090
14809,omokage_yugamu,4,667
14810,omori_(omori),4,4482
14811,onigirya_(nekomata_okayu),4,773
14812,onitsuka_natsumi,4,761
14813,onitsuka_tomari,4,682
14814,ononoki_yotsugi,4,1150
14815,onozuka_komachi,4,9042
14816,ooi_(kancolle),4,5226
14817,ooi_kai_ni_(kancolle),4,928
14818,ookami_mio,4,7553
14819,ookami_mio_(1st_costume),4,1350
14820,ookami_mio_(hoodie),4,1222
14821,oomori_yuuko,4,874
14822,oomuro_sakurako,4,1677
14823,oono_aya,4,600
14824,oosawa_aya,4,672
14825,ooshio_(kancolle),4,1328
14826,ootori_emu,4,2423
14827,ooyodo_(kancolle),4,6473
14828,oozora_subaru,4,7337
14829,oozora_subaru_(1st_costume),4,1194
14830,oozora_subaru_(hololive_summer_2019),4,623
14831,oozora_subaru_(suspenders),4,1041
14832,ophelia_(fire_emblem),4,880
14833,optimus_prime,4,1086
14834,orange_pekoe_(girls_und_panzer),4,2103
14835,oreki_houtarou,4,1499
14836,orfevre_(old_design)_(umamusume),4,623
14837,orfevre_(umamusume),4,2123
14838,oribe_yasuna,4,1458
14839,orihara_izaya,4,793
14840,ororon_(genshin_impact),4,722
14841,orphie_magnusson,4,887
14842,oryou_(fate),4,657
14843,osaka_shizuku,4,2698
14844,osakabehime_(fate),4,1633
14845,osaki_amana,4,2271
14846,osaki_tenka,4,1773
14847,osawa_rurino,4,6065
14848,oshawott,4,1988
14849,oshida_(girls_und_panzer),4,1783
14850,oshino_ougi,4,1596
14851,oshino_shinobu,4,5960
14852,otogi_(blue_archive),4,990
14853,otokura_yuuki,4,1044
14854,otomachi_una,4,1570
14855,otomune_kozue,4,6655
14856,otonashi_kotori,4,1663
14857,otonashi_yuzuru,4,621
14858,otonose_kanade,4,1552
14859,otonose_kanade_(1st_costume),4,679
14860,ots-14_(girls'_frontline),4,1062
14861,otter_spirit_(touhou),4,603
14862,oumae_kumiko,4,2502
14863,ouro_kronii,4,12792
14864,ouro_kronii_(1st_costume),4,3144
14865,ouro_kronii_(casual),4,1007
14866,ouro_kronii_(maid),4,1042
14867,outis_(project_moon),4,2146
14868,owari_(azur_lane),4,940
14869,oyama_mahiro,4,7479
14870,oyama_mihari,4,2258
14871,oyashio_(kancolle),4,1552
14872,oz_(genshin_impact),4,636
14873,ozen,4,610
14874,ozora_akari,4,749
14875,ozymandias_(fate),4,717
14876,p-chan_(ranma_1/2),4,860
14877,p-head_producer,4,3070
14878,p90_(girls'_frontline),4,705
14879,pa-15_(girls'_frontline),4,768
14880,pa-san,4,1016
14881,pachirisu,4,1277
14882,paimon_(genshin_impact),4,7601
14883,palutena,4,2449
14884,pamiat_merkuria_(azur_lane),4,713
14885,pan_(dragon_ball),4,1121
14886,pannacotta_fugo,4,925
14887,panther_(persona_5),4,801
14888,panty_(psg),4,3107
14889,papi_(monster_musume),4,606
14890,papyrus_(undertale),4,796
14891,pardofelis,4,803
14892,passionlip_(fate),4,1631
14893,patchouli_knowledge,4,34238
14894,paul_bunyan_(fate),4,931
14895,paula_(mother_2),4,630
14896,pavolia_reine,4,1721
14897,pawmi,4,643
14898,paxton_(pokemon),4,725
14899,pearl_(splatoon),4,1884
14900,pebble_(koseki_bijou),4,798
14901,pecorine_(princess_connect!),4,3400
14902,pecorine_(summer)_(princess_connect!),4,620
14903,pekomama,4,2329
14904,pekomon_(usada_pekora),4,1340
14905,pekoyama_peko,4,924
14906,penance_(arknights),4,1121
14907,peni_parker,4,928
14908,penny_(pokemon),4,1587
14909,pepperoni_(girls_und_panzer),4,1919
14910,perfect_start_(infinity_nikki),4,748
14911,perlica_(arknights),4,1885
14912,perona,4,1472
14913,peroro_(blue_archive),4,3117
14914,perrin_(pokemon),4,615
14915,perrine_h._clostermann,4,2191
14916,perseus_(azur_lane),4,812
14917,perth_(kancolle),4,952
14918,peter_parker,4,656
14919,petra_gurin,4,1071
14920,petra_macneary,4,659
14921,phainon_(honkai:_star_rail),4,8990
14922,phainon_(khaslana)_(honkai:_star_rail),4,854
14923,pharah_(overwatch),4,1061
14924,phoebe_(wuthering_waves),4,2723
14925,phoenix_wright,4,1523
14926,phosphophyllite,4,2550
14927,phosphophyllite_(ll),4,876
14928,phrolova_(wuthering_waves),4,1794
14929,piccolo,4,1075
14930,pichu,4,1612
14931,pien_cat_(needy_girl_overdose),4,741
14932,piers_(pokemon),4,1773
14933,pikachu,4,15126
14934,pine_(bombergirl),4,738
14935,ping_hai_(azur_lane),4,631
14936,piper_wheel,4,1188
14937,pipimi,4,1734
14938,piplup,4,3218
14939,piranha_plant,4,674
14940,pit_(kid_icarus),4,1988
14941,plain_doll,4,858
14942,plana_(blue_archive),4,7630
14943,platelet_(hataraku_saibou),4,785
14944,platinum_(arknights),4,1348
14945,platinum_the_trinity,4,770
14946,player_character_(degrees_of_lewdity),4,601
14947,player_character_(wow),4,822
14948,plusle,4,766
14949,pneuma_(xenoblade),4,1121
14950,pochita_(chainsaw_man),4,2270
14951,pod_(nier:automata),4,1586
14952,poison_(final_fight),4,812
14953,pokobee,4,713
14954,pola_(kancolle),4,2388
14955,pom-pom_(honkai:_star_rail),4,1094
14956,pombon,4,601
14957,pomni_(the_amazing_digital_circus),4,1783
14958,pompompurin,4,722
14959,pomu_rainpuff,4,1471
14960,poppi_(xenoblade),4,653
14961,popplio,4,1524
14962,poppy_(league_of_legends),4,608
14963,poppy_(pokemon),4,777
14964,popuko,4,2095
14965,poring,4,1563
14966,portgas_d._ace,4,1893
14967,power_(chainsaw_man),4,6213
14968,pozyomka_(arknights),4,872
14969,pramanix_(arknights),4,1449
14970,priest_(dq3),4,915
14971,priest_(ragnarok_online),4,2163
14972,priestess_(arknights),4,1353
14973,priestess_(goblin_slayer!),4,677
14974,primarina,4,1036
14975,prince_of_lorasia,4,652
14976,princess_bonnibel_bubblegum,4,690
14977,princess_daisy,4,3070
14978,princess_king_boo,4,1698
14979,princess_of_moonbrook,4,1014
14980,princess_peach,4,7876
14981,princess_serenity,4,660
14982,princess_zelda,4,15048
14983,prinny,4,943
14984,prinz_eugen_(azur_lane),4,4704
14985,prinz_eugen_(kancolle),4,5760
14986,prinz_eugen_(unfading_smile)_(azur_lane),4,1113
14987,prisma_illya,4,2047
14988,privaty_(nikke),4,873
14989,producer_(idolmaster),4,10638
14990,producer_(idolmaster_cinderella_girls_anime),4,1593
14991,professor_(ragnarok_online),4,707
14992,professor_niyaniya_(blue_archive),4,3044
14993,projekt_red_(arknights),4,1017
14994,promeia_(zenless_zone_zero),4,670
14995,protagonist_(love_and_deepspace),4,1381
14996,protagonist_(metaphor:_refantazio),4,775
14997,protagonist_(smtv),4,638
14998,protagonist_3_(housamo),4,1151
14999,prussia_(hetalia),4,859
15000,psyduck,4,1306
15001,psylocke,4,1473
15002,ptilopsis_(arknights),4,915
15003,pulchra_fellini,4,1043
15004,pumpkaboo,4,618
15005,purah,4,1310
15006,purple_heart_(neptunia),4,1721
15007,purple_pikmin,4,796
15008,puru-see_(hoshizuki_(seigetsu)),4,669
15009,puru_two,4,826
15010,puyo_(puyopuyo),4,878
15011,pyonta,4,2912
15012,pyra_(pro_swimmer)_(xenoblade),4,1141
15013,pyra_(xenoblade),4,8802
15014,pyrrha_nikos,4,652
15015,qingque_(honkai:_star_rail),4,634
15016,qingyi_(zenless_zone_zero),4,1710
15017,qiqi_(genshin_impact),4,2999
15018,quagsire,4,809
15019,quanxi_(chainsaw_man),4,1066
15020,quaxly,4,1123
15021,queen_draco_(fate),4,1068
15022,queen_elizabeth_(azur_lane),4,783
15023,queen_of_sheba_(fate),4,601
15024,quetzalcoatl_(fate),4,762
15025,rabbit_yukine,4,1943
15026,rachel_alucard,4,1008
15027,rachnera_arachnera,4,640
15028,racing_miku,4,1649
15029,racing_miku_(2022),4,663
15030,ragatha_(the_amazing_digital_circus),4,655
15031,ragna_the_bloodedge,4,1138
15032,rahu_(path_to_nowhere),4,658
15033,raichu,4,1359
15034,raiden_mei,4,5283
15035,raiden_mei_(apho),4,665
15036,raiden_mei_(herrscher_of_thunder),4,1474
15037,raiden_shogun,4,20687
15038,raidian_(arknights),4,725
15039,raihan_(pokemon),4,3769
15040,rainbow_dash,4,702
15041,rainbow_mika,4,1047
15042,raising_heart,4,2079
15043,ralsei,4,1065
15044,ralts,4,1349
15045,ram_(re:zero),4,3112
15046,ramlethal_valentine,4,2037
15047,randal_ivory,4,1035
15048,ranger_(ragnarok_online),4,706
15049,ranka_lee,4,2049
15050,ranni_the_witch,4,2131
15051,raora_panthera,4,4235
15052,raora_panthera_(1st_costume),4,1237
15053,raphtalia,4,2486
15054,rapi_(nikke),4,2534
15055,rapi_(red_hood)_(nikke),4,1318
15056,raven_(dc),4,1729
15057,rayquaza,4,892
15058,razor_(genshin_impact),4,1003
15059,re-class_battleship,4,2266
15060,rean_schwarzer,4,989
15061,reaper_(overwatch),4,615
15062,rebecca_(cyberpunk),4,2130
15063,recluse_(elden_ring),4,670
15064,red_(pokemon),4,5524
15065,red_hood_(dc),4,787
15066,red_hood_(nikke),4,1500
15067,red_pikmin,4,1432
15068,red_soul_(utdr),4,629
15069,red_xiii,4,697
15070,reed_(arknights),4,1506
15071,reed_the_flame_shadow_(arknights),4,880
15072,reg_(made_in_abyss),4,924
15073,regina_(precure),4,765
15074,regulus_(reverse:1999),4,891
15075,rei_(cookie),4,707
15076,rei_(pokemon),4,1047
15077,reigen_arataka,4,1108
15078,reijo_(blue_archive),4,879
15079,reimu_endou,4,678
15080,reiner_braun,4,1539
15081,reines_el-melloi_archisorte,4,1373
15082,reinforce,4,698
15083,reinforce_zwei,4,762
15084,reisa_(blue_archive),4,3128
15085,reisa_(magical)_(blue_archive),4,787
15086,reisalin_stout,4,4220
15087,reisen_(touhou_bougetsushou),4,1032
15088,reisen_udongein_inaba,4,27659
15089,reiuji_utsuho,4,18788
15090,reiuji_utsuho_(bird),4,1638
15091,reizei_mako,4,3053
15092,rem_(re:zero),4,9418
15093,remielle_dan,4,722
15094,remilia_scarlet,4,54398
15095,rena_erindel,4,804
15096,renamon,4,809
15097,renge_(blue_archive),4,740
15098,rengoku_kyoujurou,4,1452
15099,renne_(eiyuu_densetsu),4,804
15100,rensouhou-chan,4,6097
15101,rensouhou-kun,4,1588
15102,reshiram,4,937
15103,reu_(cookie),4,608
15104,revenant_(elden_ring),4,660
15105,revy_(black_lagoon),4,1132
15106,rex_(xenoblade),4,1881
15107,reze_(chainsaw_man),4,8941
15108,rhea_(fire_emblem),4,1151
15109,rhein_kraft_(umamusume),4,654
15110,ri-class_heavy_cruiser,4,719
15111,rias_gremory,4,1607
15112,rice_shower_(rosy_dreams)_(umamusume),4,2315
15113,rice_shower_(umamusume),4,9011
15114,rice_shower_(vampire_makeover!)_(umamusume),4,749
15115,richard_i_(fate),4,808
15116,richelieu_(kancolle),4,1505
15117,riesz,4,1420
15118,rieszverne_suzette_paladill,4,993
15119,rika_(pokemon),4,3600
15120,riko_(made_in_abyss),4,671
15121,riku_(kingdom_hearts),4,848
15122,riliane_lucifen_d'autriche,4,691
15123,rim_(kamitsubaki_studio),4,686
15124,rimuru_tempest,4,1341
15125,rin_(blue_archive),4,1014
15126,rindo_chihaya,4,928
15127,rindou_mikoto,4,926
15128,ringo-chan_(otokuyou),4,699
15129,ringo_(touhou),4,2080
15130,rinoa_heartilly,4,960
15131,rio_(armed)_(blue_archive),4,1273
15132,rio_(blue_archive),4,13115
15133,riolu,4,998
15134,risotto_nero,4,616
15135,rita_mordio,4,793
15136,rita_rossweisse,4,1994
15137,riven_(league_of_legends),4,714
15138,riza_hawkeye,4,927
15139,ro-500_(kancolle),4,4810
15140,ro635_(girls'_frontline),4,1421
15141,robin_(arknights),4,614
15142,robin_(dc),4,921
15143,robin_(honkai:_star_rail),4,4437
15144,robin_hood_(fate),4,633
15145,roboco-san,4,1322
15146,rodion_(project_moon),4,1952
15147,roger_(guilty_gear),4,929
15148,roland_(project_moon),4,1228
15149,roll_(mega_man),4,2328
15150,roll_caskett_(mega_man),4,1134
15151,roma_(kancolle),4,1080
15152,romani_archaman,4,1048
15153,roon_(azur_lane),4,1025
15154,roronoa_zoro,4,5873
15155,rosa_(arknights),4,823
15156,rosa_(pokemon),4,7947
15157,rosa_(tears_of_themis),4,1006
15158,rosalina,4,4244
15159,rosaria_(genshin_impact),4,1367
15160,rosehip_(girls_und_panzer),4,1851
15161,rosemi_lovelock,4,822
15162,rosmontis_(arknights),4,1924
15163,rossi_(arknights),4,1495
15164,rossweisse,4,601
15165,roto_(dq3),4,1051
15166,rotom,4,4760
15167,rotom_phone,4,3441
15168,rouge_the_bat,4,1928
15169,rover_(wuthering_waves),4,7718
15170,rowlet,4,3403
15171,roxas,4,1194
15172,roxie_(pokemon),4,943
15173,roxy_migurdia,4,2277
15174,roy_(fire_emblem),4,1083
15175,roy_mustang,4,907
15176,royal_penguin_(kemono_friends),4,627
15177,rozaliya_olenyeva,4,952
15178,rpk-16_(girls'_frontline),4,1370
15179,ru-class_battleship,4,1098
15180,ruan_mei_(honkai:_star_rail),4,2441
15181,ruby_rose,4,3355
15182,rudeus_greyrat,4,1005
15183,ruggie_bucchi,4,629
15184,rukawa_kaede,4,646
15185,rukuriri_(girls_und_panzer),4,732
15186,rumi_(blue_archive),4,916
15187,rumi_(kpop_demon_hunters),4,859
15188,rumia,4,19579
15189,runami_yachiyo,4,4318
15190,rupa_(girls_band_cry),4,1703
15191,russia_(hetalia),4,1826
15192,rx-78-2_gundam,4,1412
15193,rydia_(adult)_(ff4),4,902
15194,rydia_(ff4),4,1288
15195,ryne_waters,4,711
15196,ryoshu_(project_moon),4,3265
15197,ryougi_shiki,4,2398
15198,ryoumen_sukuna_(jujutsu_kaisen),4,2135
15199,ryu_(street_fighter),4,2213
15200,ryugasaki_rene,4,1047
15201,ryuuguu_rena,4,3429
15202,ryuuhou_(kancolle),4,634
15203,ryuujou_(kancolle),4,8544
15204,ryuzaki_kaoru,4,1407
15205,saber_(fate),4,19064
15206,saber_(swimsuit_archer)_(first_ascension)_(fate),4,630
15207,saber_alter,4,6948
15208,saber_alter_(fate/stay_night),4,639
15209,saber_alter_(swimsuit_rider)_(second_ascension),4,1400
15210,saber_alter_(third_ascension),4,963
15211,saber_alter_(ver._shinjuku_1999),4,1062
15212,saber_lily,4,1725
15213,sableye,4,688
15214,sabo_(one_piece),4,1144
15215,sabrina_(pokemon),4,1818
15216,sado_(kancolle),4,1107
15217,saga_(arknights),4,1080
15218,sage_(dq3),4,982
15219,sagiri_(kancolle),4,1093
15220,sagisawa_fumika,4,4567
15221,saigusa_haruka,4,732
15222,saigyouji_yuyuko,4,24348
15223,saihara_shuichi,4,7628
15224,saijo_claudine,4,1404
15225,saijo_juri,4,1171
15226,sailor_chibi_moon,4,828
15227,sailor_jupiter,4,1418
15228,sailor_mars,4,1579
15229,sailor_mercury,4,1813
15230,sailor_moon,4,4607
15231,sailor_neptune,4,696
15232,sailor_saturn,4,949
15233,sailor_uranus,4,741
15234,sailor_venus,4,1586
15235,saionji_hiyoko,4,1117
15236,sairenji_haruna,4,641
15237,saitama_(one-punch_man),4,1908
15238,saitou_hajime_(fate),4,937
15239,sajo_yukimi,4,1514
15240,sakagami_tomoyo,4,721
15241,sakaguchi_karina,4,693
15242,sakamata_chloe,4,6660
15243,sakamata_chloe_(1st_costume),4,2895
15244,sakamoto_mio,4,1673
15245,sakamoto_ryouma_(fate),4,663
15246,sakamoto_ryuji,4,619
15247,sakata_gintoki,4,2490
15248,sakata_kintoki_(fate),4,1033
15249,sakata_nemuno,4,874
15250,sakawa_(kancolle),4,915
15251,sakayori_iroha,4,6528
15252,saki_(blue_archive),4,3020
15253,saki_(swimsuit)_(blue_archive),4,1248
15254,sakihata_rimi,4,839
15255,sakuma_mayu,4,1835
15256,sakuma_ritsu,4,641
15257,sakura_(fire_emblem),4,1161
15258,sakura_bakushin_o_(umamusume),4,1646
15259,sakura_chiyo,4,883
15260,sakura_chiyono_o_(umamusume),4,1627
15261,sakura_futaba,4,2588
15262,sakura_kyoko,4,15696
15263,sakura_kyoko_(magical_girl),4,6523
15264,sakura_laurel_(umamusume),4,974
15265,sakura_miko,4,9703
15266,sakura_miko_(1st_costume),4,1822
15267,sakura_miko_(casual),4,1481
15268,sakura_miko_(school_uniform),4,712
15269,sakura_miku,4,3211
15270,sakura_uta_(precure),4,749
15271,sakuraba_ema,4,1692
15272,sakuragi_hanamichi,4,911
15273,sakuragi_mano,4,1912
15274,sakurai_masahiro,4,764
15275,sakurai_momoka,4,3348
15276,sakurajima_mai,4,1342
15277,sakurako_(blue_archive),4,1811
15278,sakurakoji_kinako,4,644
15279,sakuramori_kaori,4,911
15280,sakurauchi_riko,4,4184
15281,sam_(honkai:_star_rail),4,824
15282,sameko_saba,4,2161
15283,sameko_saba_(1st_costume),4,609
15284,samidare_(kancolle),4,4935
15285,samson_(skullgirls),4,779
15286,samuel_b._roberts_(kancolle),4,1108
15287,samus_aran,4,7195
15288,san_(mononoke_hime),4,720
15289,sanada_akihiko,4,1058
15290,sanageyama_uzu,4,918
15291,sancho_(project_moon),4,1110
15292,sand_cat_(kemono_friends),4,817
15293,sandalphon_(granblue_fantasy),4,1164
15294,sandrone_(genshin_impact),4,3741
15295,sangonomiya_kokomi,4,4275
15296,saniwa_(touken_ranbu),4,1191
15297,sanji_(one_piece),4,4800
15298,sans_(undertale),4,2093
15299,santa_claus,4,947
15300,sanya_v._litvyak,4,3238
15301,sanzen'in_nagi,4,649
15302,saori_(blue_archive),4,5891
15303,saori_(dress)_(blue_archive),4,1044
15304,saori_(swimsuit)_(blue_archive),4,632
15305,saotome_alto,4,743
15306,saotome_ranma,4,6199
15307,saotome_ranma_(female),4,3885
15308,saotome_ranma_(male),4,2818
15309,saotome_shino_(shino_to_ren),4,793
15310,saratoga_(kancolle),4,2787
15311,saren_(princess_connect!),4,1973
15312,saren_(summer)_(princess_connect!),4,736
15313,saria_(arknights),4,2160
15314,sasaki_akebi,4,607
15315,sasaki_chie,4,2313
15316,sasaki_chiho,4,618
15317,sasaki_saku,4,1615
15318,sasaki_saku_(1st_costume),4,841
15319,sasha_blouse,4,655
15320,satake_minako,4,1125
15321,satanichia_kurumizawa_mcdowell,4,767
15322,saten_ruiko,4,2710
15323,sato_shin,4,987
15324,satonaka_chie,4,3109
15325,satono_crown_(umamusume),4,1064
15326,satono_diamond_(natural_brilliance)_(umamusume),4,1181
15327,satono_diamond_(umamusume),4,5089
15328,satou_kazuma,4,3214
15329,satsuki_(blue_archive),4,1516
15330,satsuki_(kancolle),4,2963
15331,satsuki_kai_ni_(kancolle),4,735
15332,sawa_azusa,4,1180
15333,sawamura_spencer_eriri,4,844
15334,saya_(saya_no_uta),4,877
15335,sayama_saho,4,909
15336,sayo_samonji,4,617
15337,sayori_(doki_doki_literature_club),4,1437
15338,sayu_(genshin_impact),4,985
15339,sazanami_(kancolle),4,5129
15340,scamp_(kancolle),4,671
15341,scanty_(psg),4,1024
15342,scaramouche_(cat)_(genshin_impact),4,1867
15343,scaramouche_(genshin_impact),4,24004
15344,scaramouche_(kabukimono)_(genshin_impact),4,2285
15345,scarlet_(nikke),4,843
15346,scathach-skadi_(fate),4,1821
15347,scathach-skadi_(first_ascension)_(fate),4,679
15348,scathach_(fate),4,9071
15349,scathach_(lancer)_(fate),4,1423
15350,scathach_(piercing_bunny)_(fate),4,1018
15351,scathach_(swimsuit_assassin)_(fate),4,1161
15352,scheherazade_(fate),4,856
15353,schneider_(reverse:1999),4,793
15354,schwarz_(arknights),4,1652
15355,scizor,4,715
15356,scolipede,4,798
15357,scorbunny,4,2138
15358,seaport_princess,4,3493
15359,sebastian_michaelis,4,671
15360,sebastian_piyodore,4,1243
15361,secelia_dote,4,851
15362,seed_(zenless_zone_zero),4,878
15363,seele_(alter_ego),4,1306
15364,seele_(honkai:_star_rail),4,1091
15365,seele_vollerei,4,3294
15366,seele_vollerei_(herrscher_of_rebirth),4,704
15367,seeu,4,692
15368,sei_shounagon_(fate),4,1037
15369,seia_(blue_archive),4,8247
15370,seia_(swimsuit)_(blue_archive),4,2586
15371,seiran_(touhou),4,2440
15372,seiren_(precure),4,860
15373,seiun_sky_(reeling_in_the_big_one)_(umamusume),4,610
15374,seiun_sky_(umamusume),4,3183
15375,sekibanki,4,6171
15376,selen_tatsuki,4,1978
15377,selene_(pokemon),4,4793
15378,seliph_(fire_emblem),4,1371
15379,selvaria_bles,4,682
15380,semiramis_(fate),4,841
15381,sena_(blue_archive),4,635
15382,sena_(xenoblade),4,640
15383,sendai_(kancolle),4,5360
15384,sendai_hakurei_no_miko,4,1490
15385,sendai_hakurei_no_miko_(m.u.g.e.n),4,1136
15386,sendai_hazuki,4,956
15387,sendai_kai_ni_(kancolle),4,2760
15388,sengoku_nadeko,4,1629
15389,senji_muramasa_(fate),4,1290
15390,senjougahara_hitagi,4,2951
15391,senkawa_chihiro,4,942
15392,senketsu,4,5018
15393,senko_(sewayaki_kitsune_no_senko-san),4,774
15394,sensei_(blue_archive),4,34213
15395,sensei_(blue_archive_the_animation),4,1095
15396,senshi_(dungeon_meshi),4,2279
15397,sento_isuzu,4,1259
15398,sentret,4,702
15399,sephiroth,4,5367
15400,sephiroth_(ever_crisis),4,1289
15401,seragaki_aoba,4,626
15402,serena_(pokemon),4,5497
15403,serena_(yu-gi-oh!),4,626
15404,serie_(sousou_no_frieren),4,608
15405,serika_(blue_archive),4,3521
15406,serika_(swimsuit)_(blue_archive),4,1212
15407,serina_(blue_archive),4,1569
15408,serizawa_asahi,4,2169
15409,serperior,4,894
15410,serval_(kemono_friends),4,8004
15411,sesshoumaru,4,686
15412,sessyoin_kiara,4,2729
15413,sessyoin_kiara_(heaven's_hole),4,1046
15414,seth_lowell,4,1190
15415,seto_kousuke,4,744
15416,setsuna_f._seiei,4,613
15417,sf-a2_miki,4,790
15418,shadow_the_hedgehog,4,3088
15419,shadowheart_(baldur's_gate),4,1031
15420,shalom_(path_to_nowhere),4,931
15421,shamare_(arknights),4,770
15422,shameimaru_aya,4,31339
15423,shameimaru_aya_(newsboy),4,714
15424,shampoo_(ranma_1/2),4,3375
15425,shana,4,2393
15426,shanghai_doll,4,8940
15427,shanks_(one_piece),4,1162
15428,shantae,4,2099
15429,sharena_(fire_emblem),4,637
15430,shauntal_(pokemon),4,624
15431,shaymin,4,1043
15432,shaymin_(land),4,835
15433,sheffield_(azur_lane),4,729
15434,sheik,4,797
15435,shenhe_(genshin_impact),4,6075
15436,shermie_(kof),4,657
15437,sheryl_nome,4,2599
15438,shiba_tomoshibi,4,694
15439,shibuki_ran,4,650
15440,shibuya_kanon,4,2381
15441,shibuya_rin,4,7050
15442,shidare_hotaru,4,1279
15443,shigure_(blue_archive),4,1641
15444,shigure_(hot_spring)_(blue_archive),4,784
15445,shigure_(kancolle),4,17161
15446,shigure_kai_ni_(kancolle),4,11299
15447,shigure_kai_san_(kancolle),4,1664
15448,shigure_ui_(1st_costume)_(vtuber),4,1081
15449,shigure_ui_(vtuber),4,2973
15450,shigure_ui_(young)_(vtuber),4,838
15451,shihouin_yoruichi,4,2537
15452,shiina_mayuri,4,1204
15453,shiina_taki,4,6942
15454,shiina_yuika,4,2500
15455,shiina_yuika_(1st_costume),4,938
15456,shijou_takane,4,5222
15457,shikanoin_heizou,4,1249
15458,shiki_eiki,4,9059
15459,shiki_natsume,4,660
15460,shikinami_(kancolle),4,2468
15461,shima_rin,4,2301
15462,shimabara_elena,4,722
15463,shimada_arisu,4,3561
15464,shimada_chiyo,4,825
15465,shimakaze-kun,4,699
15466,shimakaze_(azur_lane),4,727
15467,shimakaze_(kancolle),4,19759
15468,shimamura_uzuki,4,4573
15469,shimazu_yoshino,4,727
15470,shimiko_(blue_archive),4,839
15471,shinano_(azur_lane),4,1994
15472,shinano_eiji,4,614
15473,shinazugawa_sanemi,4,749
15474,shindou_takuto,4,847
15475,shinguji_korekiyo,4,805
15476,shining_(arknights),4,809
15477,shinjou_akane,4,2694
15478,shinki_(touhou),4,2149
15479,shinku,4,2217
15480,shinomiya_fuyumi,4,684
15481,shinomiya_kaguya,4,2448
15482,shinomiya_runa,4,732
15483,shinonome_akito,4,1993
15484,shinonome_ena,4,3219
15485,shinonome_nano,4,894
15486,shinosawa_hiro,4,5903
15487,shinshuu_maru_(kancolle),4,947
15488,shinx,4,719
15489,shiomi_kotone,4,2625
15490,shiomi_syuko,4,1979
15491,shiori_novella,4,6905
15492,shiori_novella_(1st_costume),4,2675
15493,shirabe_ako,4,908
15494,shirai_kuroko,4,3732
15495,shiraishi_an,4,1674
15496,shiraishi_tsumugi,4,869
15497,shiraishi_yoshitake,4,608
15498,shirakami_fubuki,4,14795
15499,shirakami_fubuki_(1st_costume),4,4321
15500,shirakami_fubuki_(loungewear),4,741
15501,shirakami_fubuki_(street),4,633
15502,shiranui_(kancolle),4,5224
15503,shiranui_flare,4,4957
15504,shiranui_flare_(1st_costume),4,755
15505,shiranui_flare_(street),4,623
15506,shiranui_mai,4,5410
15507,shirasagi_chisato,4,829
15508,shirasaka_koume,4,5287
15509,shirase_sakuya,4,2181
15510,shiratori_aira_(dandadan),4,712
15511,shiratsuyu_(kancolle),4,2971
15512,shiratsuyu_kai_ni_(kancolle),4,1116
15513,shirayuki_(kancolle),4,1902
15514,shirayuki_chiyo,4,854
15515,shirayuki_hime,4,1022
15516,shirayuki_hina,4,752
15517,shirayuki_ren,4,789
15518,shirayuki_tomoe,4,998
15519,shirogane_naoto,4,3253
15520,shirogane_noel,4,6822
15521,shirogane_noel_(1st_costume),4,1234
15522,shirogane_noel_(casual),4,1076
15523,shirogane_tsumugi,4,1097
15524,shirokane_rinko,4,932
15525,shiroko_(blue_archive),4,10684
15526,shiroko_(cycling)_(blue_archive),4,606
15527,shiroko_(swimsuit)_(blue_archive),4,3568
15528,shiroko_terror_(blue_archive),4,4213
15529,shirosaki_hana,4,708
15530,shishio_chris,4,1048
15531,shishiro_botan,4,6145
15532,shishiro_botan_(1st_costume),4,2011
15533,shishiro_botan_(button-down),4,649
15534,shishiro_botan_(midnight_convenience_store),4,736
15535,shitodo_kuroji,4,667
15536,shiun_sumika,4,1207
15537,shiver_(deep_cut_outfit)_(splatoon),4,891
15538,shiver_(splatoon),4,2178
15539,shizuka_rin,4,1145
15540,shizuko_(blue_archive),4,620
15541,shoebill_(kemono_friends),4,2157
15542,shokudaikiri_mitsutada,4,755
15543,shokuhou_misaki,4,3893
15544,shorekeeper_(wuthering_waves),4,2370
15545,shouhou_(kancolle),4,1442
15546,shoukaku_(azur_lane),4,919
15547,shoukaku_(kancolle),4,6516
15548,shu_(arknights),4,4380
15549,shu_yamino,4,629
15550,shuji_ito,4,2011
15551,shulk_(xenoblade),4,716
15552,shun_(blue_archive),4,2539
15553,shun_(small)_(blue_archive),4,1968
15554,shuro_(blue_archive),4,1263
15555,shuten_douji_(fate),4,7316
15556,shylily,4,1024
15557,siberian_chipmunk_(kemono_friends),4,704
15558,sidoh_(dqb2),4,747
15559,sieg_(fate),4,1402
15560,siege_(arknights),4,1681
15561,siegfried_(fate),4,648
15562,sigewinne_(genshin_impact),4,1442
15563,signora_(genshin_impact),4,952
15564,signum,4,1524
15565,sigrika_(wuthering_waves),4,703
15566,silence_(arknights),4,1344
15567,silence_suzuka_(innocent_silence)_(umamusume),4,1531
15568,silence_suzuka_(umamusume),4,5846
15569,silent_magician,4,953
15570,silica,4,1166
15571,silva_(granblue_fantasy),4,670
15572,silver_(pokemon),4,2359
15573,silver_fox_(kemono_friends),4,1793
15574,silver_the_hedgehog,4,774
15575,silver_wolf_(honkai:_star_rail),4,5279
15576,silver_wolf_(lv.999)_(honkai:_star_rail),4,631
15577,silverash_(arknights),4,1144
15578,silvervale,4,736
15579,simon_(ttgl),4,2027
15580,sinclair_(project_moon),4,3709
15581,sinon,4,2177
15582,sion_eltnam_(type-moon),4,1029
15583,sion_eltnam_atlasia,4,648
15584,sirius_(azur_lane),4,4060
15585,sirius_(azure_horizons)_(azur_lane),4,887
15586,sirius_(scorching-hot_seirios)_(azur_lane),4,787
15587,sirius_symboli_(umamusume),4,2940
15588,sister_claire,4,1396
15589,sister_claire_(1st_costume),4,733
15590,skadi_(arknights),4,6434
15591,skadi_(elite_ii)_(arknights),4,706
15592,skadi_(waverider)_(arknights),4,743
15593,skadi_the_corrupting_heart_(arknights),4,2643
15594,skirk_(genshin_impact),4,1405
15595,skitty,4,797
15596,sky_striker_ace_-_raye,4,712
15597,skyla_(pokemon),4,2853
15598,slaine_troyard,4,902
15599,slime_(dragon_quest),4,1775
15600,slime_(genshin_impact),4,2343
15601,slowpoke,4,850
15602,small-clawed_otter_(kemono_friends),4,795
15603,smallfry_(splatoon),4,819
15604,smart_falcon_(umamusume),4,2064
15605,smoker_(one_piece),4,749
15606,smol_ame,4,660
15607,sneasel,4,689
15608,sniper_(ragnarok_online),4,784
15609,snivy,4,1966
15610,snorlax,4,1298
15611,snow_white_(nikke),4,695
15612,soap_(modern_warfare_2),4,1045
15613,sobble,4,1718
15614,soda_(nikke),4,726
15615,soda_kazuichi,4,975
15616,soga_no_tojiko,4,6687
15617,sol_badguy,4,987
15618,soldier:_76_(overwatch),4,731
15619,soldier_11_(zenless_zone_zero),4,621
15620,solid_snake,4,837
15621,sombra_(overwatch),4,727
15622,something_(omori),4,1672
15623,sommie_(fire_emblem),4,715
15624,son_biten,4,660
15625,son_gohan,4,2256
15626,son_goku,4,6659
15627,son_goten,4,771
15628,sona_(league_of_legends),4,1342
15629,sonetto_(reverse:1999),4,1952
15630,sonia_(pokemon),4,2824
15631,sonia_nevermind,4,1007
15632,sonic_the_hedgehog,4,5533
15633,sonoda_chiyoko,4,2010
15634,sonoda_umi,4,7553
15635,sonohara_anri,4,642
15636,sonozaki_mion,4,2109
15637,sonozaki_shion,4,1642
15638,sonya_(kill_me_baby),4,1635
15639,sophie_(tales),4,781
15640,sophie_neuenmuller,4,802
15641,sora_(arknights),4,842
15642,sora_(blue_archive),4,947
15643,sora_(kingdom_hearts),4,2042
15644,sora_(nikke),4,601
15645,sora_ginko,4,809
15646,sora_harewataru,4,2928
15647,soraka_(league_of_legends),4,968
15648,sorakado_ao,4,758
15649,sorcerer_(ragnarok_online),4,993
15650,sorceress_(dragon's_crown),4,1140
15651,soren_(fire_emblem),4,1027
15652,sothis_(fire_emblem),4,942
15653,soukaku_(zenless_zone_zero),4,1611
15654,soul_(utdr),4,683
15655,souryuu_(kancolle),4,4965
15656,souryuu_asuka_langley,4,16154
15657,souseiseki,4,1676
15658,south_dakota_(kancolle),4,790
15659,sparkle_(honkai:_star_rail),4,6858
15660,sparxie_(honkai:_star_rail),4,1303
15661,spas-12_(girls'_frontline),4,873
15662,special_week_(special_dreamer)_(umamusume),4,1107
15663,special_week_(umamusume),4,4535
15664,specter_(arknights),4,2777
15665,specter_the_unchained_(arknights),4,1228
15666,spicy_nun_(diva),4,962
15667,spider-gwen,4,1523
15668,spider-man,4,2147
15669,spider-man_(original_suit),4,1880
15670,spot_(arknights),4,602
15671,sprigatito,4,2349
15672,springfield_(girls'_frontline),4,2331
15673,squall_leonhart,4,1983
15674,squigly_(skullgirls),4,701
15675,squirrel_girl_(marvel),4,660
15676,squirtle,4,2072
15677,ssrb_(shishiro_botan),4,1025
15678,st._louis_(azur_lane),4,2292
15679,st._louis_(luxurious_wheels)_(azur_lane),4,1065
15680,st_ar-15_(girls'_frontline),4,1611
15681,star_platinum,4,1005
15682,star_sapphire,4,3775
15683,starfire,4,853
15684,stark_(sousou_no_frieren),4,2593
15685,starmie,4,808
15686,staryu,4,792
15687,stay_gold_(umamusume),4,1264
15688,stelle_(honkai:_star_rail),4,11877
15689,steve_rogers,4,1017
15690,steven_stone,4,1383
15691,stheno_(fate),4,959
15692,still_in_love_(scarlet_vow_raiment)_(umamusume),4,1094
15693,still_in_love_(umamusume),4,2777
15694,stocking_(psg),4,5131
15695,strength_(black_rock_shooter),4,641
15696,su-san,4,1671
15697,sua_(alien_stage),4,3986
15698,subaru_duck,4,942
15699,subaru_nakajima,4,906
15700,sucrose_(genshin_impact),4,1333
15701,sucy_manbavaran,4,1207
15702,sue_storm,4,1086
15703,sugimoto_saichi,4,1378
15704,sugiura_ayano,4,1216
15705,sui-feng,4,867
15706,suicune,4,656
15707,suigintou,4,4219
15708,suiseiseki,4,2042
15709,sukonbu_(shirakami_fubuki),4,995
15710,sukoya_kana,4,1706
15711,sukoya_kana_(1st_costume),4,745
15712,sukuna_shinmyoumaru,4,5492
15713,suletta_mercury,4,7705
15714,sumino_takumi,4,4023
15715,sun_wukong,4,697
15716,sunazuka_akira,4,2025
15717,sunday_(honkai:_star_rail),4,2705
15718,sunday_(sacerdos'_relived_ordeal)_(honkai:_star_rail),4,873
15719,sunna_(zenless_zone_zero),4,2822
15720,sunny_(omori),4,7233
15721,sunny_(shadow_slave),4,773
15722,sunny_milk,4,3400
15723,suo_sango,4,686
15724,suomi_(girls'_frontline),4,1350
15725,suou_momoko,4,2003
15726,suou_patra,4,1042
15727,super_creek_(umamusume),4,2779
15728,super_pochaco,4,668
15729,super_sonico,4,3620
15730,supergirl,4,683
15731,superman,4,826
15732,surintendante_chevalmarin,4,771
15733,surtr_(arknights),4,4826
15734,surtr_(colorful_wonderland)_(arknights),4,755
15735,susie_(dark_world)_(deltarune),4,882
15736,susie_(deltarune),4,1626
15737,sussurro_(arknights),4,2349
15738,suzu_(cookie),4,619
15739,suzuhara_lulu,4,1813
15740,suzuhara_lulu_(1st_costume),4,1221
15741,suzuka_gozen_(fate),4,1062
15742,suzukaze_(kancolle),4,1774
15743,suzukaze_aoba,4,1047
15744,suzuki_hana,4,765
15745,suzuki_jun,4,615
15746,suzumi_(blue_archive),4,903
15747,suzumiya_haruhi,4,10077
15748,suzuran_(arknights),4,6346
15749,suzuran_(spring_praise)_(arknights),4,1171
15750,suzutsuki_(kancolle),4,2198
15751,suzuya_(kancolle),4,9022
15752,suzuya_kai_ni_(kancolle),4,1403
15753,swablu,4,1035
15754,sweep_tosho_(umamusume),4,1684
15755,sweety_(zenless_zone_zero),4,656
15756,swire_(arknights),4,1313
15757,swordsman_(ragnarok_online),4,659
15758,sylphiette_(mushoku_tensei),4,1524
15759,sylus_(love_and_deepspace),4,973
15760,sylvain_jose_gautier,4,1062
15761,sylveon,4,3642
15762,symboli_kris_s_(umamusume),4,1235
15763,symboli_rudolf_(emperor's_path)_(umamusume),4,1116
15764,symboli_rudolf_(umamusume),4,4720
15765,symphony_miku,4,702
15766,t-head_admiral,4,2484
15767,t-head_trainer_(umamusume),4,3583
15768,t.m._opera_o_(o_sole_suo!)_(umamusume),4,1230
15769,t.m._opera_o_(umamusume),4,3490
15770,ta-class_battleship,4,1152
15771,tachibana_arisu,4,4687
15772,tachibana_hibiki_(symphogear),4,2244
15773,tachibana_hinano,4,1498
15774,tachibana_kanade,4,2434
15775,tachibana_makoto,4,600
15776,tachibana_sherry,4,1074
15777,tachikawa_mimi,4,607
15778,tada_riina,4,1119
15779,taigei_(kancolle),4,2601
15780,taihou_(azur_lane),4,5958
15781,taihou_(enraptured_companion)_(azur_lane),4,992
15782,taihou_(forbidden_fruit)_(azur_lane),4,726
15783,taihou_(kancolle),4,3132
15784,taiki_shuttle_(umamusume),4,1630
15785,tailless_(zenless_zone_zero),4,1325
15786,tailmon,4,722
15787,tails_(sonic),4,1634
15788,tainaka_ritsu,4,6682
15789,takafuji_kako,4,670
15790,takagaki_kaede,4,4483
15791,takagi-san,4,1804
15792,takakura_himari,4,718
15793,takakura_ken_(dandadan),4,2910
15794,takakura_ken_(transformed)_(dandadan),4,1103
15795,takamachi_nanoha,4,7218
15796,takamaki_ann,4,2712
15797,takamatsu_tomori,4,4379
15798,takami_chika,4,3794
15799,takamiya_rion,4,1000
15800,takamori_aiko,4,995
15801,takanami_(kancolle),4,1180
15802,takanashi_kiara,4,9482
15803,takanashi_kiara_(1st_costume),4,2085
15804,takanashi_kiara_(casual),4,929
15805,takanashi_rikka,4,2348
15806,takane_lui,4,3017
15807,takane_lui_(1st_costume),4,1330
15808,takao_(azur_lane),4,2629
15809,takao_(kancolle),4,5429
15810,takara_miyuki,4,1847
15811,takarada_rikka,4,4453
15812,takasaki_yu,4,2738
15813,takatsuki_yayoi,4,3877
15814,takayama_sayoko,4,638
15815,takeba_yukari,4,2701
15816,takebe_saori,4,3880
15817,takeda_harumi,4,1311
15818,takei_hisa,4,691
15819,takemi_tae,4,680
15820,takimoto_hifumi,4,767
15821,takodachi_(ninomae_ina'nis),4,3698
15822,takoluka,4,900
15823,takumi_(fire_emblem),4,1133
15824,talulah_(arknights),4,920
15825,tama_(kancolle),4,1721
15826,tamaki_iroha,4,2480
15827,tamamo_cat_(fate),4,2616
15828,tamamo_cat_(first_ascension)_(fate),4,766
15829,tamamo_cat_(third_ascension)_(fate),4,722
15830,tamamo_cross_(fast_as_lightning)_(umamusume),4,884
15831,tamamo_cross_(umamusume),4,3601
15832,tamamo_no_mae_(fate),4,8777
15833,tamamo_no_mae_(swimsuit_lancer)_(fate),4,2196
15834,tamamo_no_mae_(swimsuit_lancer)_(second_ascension)_(fate),4,656
15835,tamura_yuri,4,1527
15836,tanaka_asuka,4,650
15837,tanaka_gundham,4,779
15838,tanaka_kotoha,4,1278
15839,tanaka_mamimi,4,1735
15840,tanamachi_kaoru,4,748
15841,taneshima_popura,4,1019
15842,tang_keke,4,1685
15843,tanigaki_genjirou,4,919
15844,tanikaze_(kancolle),4,921
15845,tanino_gimlet_(umamusume),4,1284
15846,tanned_cirno,4,971
15847,tanya_degurechaff,4,1245
15848,taokaka,4,856
15849,tarnished_(elden_ring),4,1542
15850,tartaglia_(genshin_impact),4,6782
15851,tashkent_(azur_lane),4,738
15852,tashkent_(kancolle),4,1773
15853,tatara_kogasa,4,17507
15854,tateyama_ayano,4,1577
15855,tatsugiri,4,636
15856,tatsumaki,4,4555
15857,tatsumi_kanji,4,1385
15858,tatsuta_(kancolle),4,5339
15859,teana_lanster,4,703
15860,tear_grants,4,981
15861,tedeza_rize,4,2083
15862,teireida_mai,4,1748
15863,temari_(naruto),4,709
15864,ten'ou_haruka,4,1156
15865,tendo_maya,4,1395
15866,tendou_akane,4,4197
15867,tenjou_utena,4,1004
15868,tenjouin_asuka,4,1463
15869,tenkajin_chiyari,4,899
15870,tenkawa_nayuta,4,609
15871,tenko_shibuki,4,1150
15872,tenkyuu_chimata,4,1785
15873,tenma_saki,4,1533
15874,tenma_tsukasa,4,2361
15875,tennoji_rina,4,2447
15876,tennouboshi_uzume,4,747
15877,tenochtitlan_(fate),4,1580
15878,tenryuu_(kancolle),4,11338
15879,tenryuu_(swimsuit)_(kancolle),4,615
15880,tenryuu_kai_ni_(kancolle),4,854
15881,tepig,4,1683
15882,tequila_(arknights),4,1004
15883,terra_branford,4,2056
15884,terry_bogard,4,872
15885,teruzuki_(kancolle),4,2040
15886,testament_(guilty_gear),4,682
15887,texas_(arknights),4,7899
15888,texas_(willpower)_(arknights),4,970
15889,texas_(winter_messenger)_(arknights),4,672
15890,texas_the_omertosa_(arknights),4,1502
15891,tezcatlipoca_(fate),4,1058
15892,tharja_(fire_emblem),4,1754
15893,the_herta_(honkai:_star_rail),4,3220
15894,theodore_riddle,4,1590
15895,theresa_(arknights),4,1513
15896,theresa_apocalypse,4,2551
15897,thoma_(genshin_impact),4,1283
15898,thor_(marvel),4,670
15899,thorns_(arknights),4,960
15900,tiamat_(fate),4,963
15901,tidus,4,682
15902,tier_harribel,4,665
15903,tieria_erde,4,773
15904,tifa_lockhart,4,14884
15905,tiffy_(nottytiffy),4,681
15906,tighnari_(genshin_impact),4,2847
15907,tiki_(adult)_(fire_emblem),4,1286
15908,tiki_(fire_emblem),4,2170
15909,tiki_(young)_(fire_emblem),4,994
15910,till_(alien_stage),4,2726
15911,timoris_(bang_dream!),4,1159
15912,tingyun_(honkai:_star_rail),4,1285
15913,tinkaton,4,612
15914,tippy_(gochiusa),4,2685
15915,titan_(shingeki_no_kyojin),4,843
15916,toad_(mario),4,841
15917,tobiichi_origami,4,611
15918,todo_aoi_(jujutsu_kaisen),4,718
15919,todo_yurika,4,898
15920,todoroki_hajime,4,1236
15921,todoroki_shoto,4,2643
15922,toga_himiko,4,3584
15923,togami_byakuya,4,681
15924,togawa_sakiko,4,9818
15925,togawa_sakiko_(master_of_melodia),4,607
15926,togekiss,4,605
15927,togepi,4,988
15928,tohno_akiha,4,1635
15929,tohno_shiki,4,1725
15930,tohru_(maidragon),4,2041
15931,tohsaka_rin,4,9514
15932,tohsaka_tokiomi,4,1116
15933,tojo_kirumi,4,1009
15934,tojo_nozomi,4,7552
15935,tokai_teio_(peak_joy)_(umamusume),4,1915
15936,tokai_teio_(umamusume),4,6548
15937,toki_(blue_archive),4,11095
15938,toki_(bunny)_(blue_archive),4,5614
15939,tokiko_(touhou),4,1504
15940,tokino_sora,4,2117
15941,tokino_sora_(1st_costume),4,684
15942,tokisaki_kurumi,4,2366
15943,tokisaki_kurumi_(spirit),4,1569
15944,tokisaki_mio_(niliu_chahui),4,855
15945,tokitou_muichirou,4,806
15946,tokitsukaze_(kancolle),4,3211
15947,tokoro_megumi,4,1073
15948,tokoyami_towa,4,9369
15949,tokoyami_towa_(1st_costume),4,2060
15950,tokoyami_towa_(jirai_kei),4,1986
15951,tokugawa_matsuri,4,739
15952,tomimi_(arknights),4,1102
15953,tomioka_giyuu,4,3429
15954,tomoe_gozen_(fate),4,2972
15955,tomoe_gozen_(first_ascension)_(fate),4,616
15956,tomoe_gozen_(swimsuit_saber)_(first_ascension)_(fate),4,730
15957,tomoe_hotaru,4,1378
15958,tomoe_mami,4,15604
15959,tomoe_mami_(magical_girl),4,8512
15960,tomoe_rena,4,661
15961,tomori_nao,4,807
15962,tone_(kancolle),4,2271
15963,tone_kai_ni_(kancolle),4,891
15964,tono_hanna,4,699
15965,tony_stark,4,961
15966,tony_tony_chopper,4,2233
15967,toon_link,4,1381
15968,topaz_(honkai:_star_rail),4,1877
15969,toph_beifong,4,748
15970,toramaru_shou,4,7906
15971,torchic,4,1697
15972,tord_(eddsworld),4,757
15973,toriel,4,869
15974,tosen_jordan_(umamusume),4,1315
15975,toshinou_kyouko,4,2615
15976,toto-sama_(fate),4,1457
15977,totodile,4,1443
15978,totoki_airi,4,1518
15979,totooria_helmold,4,639
15980,toudou_shimako,4,832
15981,touhoku_itako,4,805
15982,touhoku_kiritan,4,4269
15983,touhoku_zunko,4,1193
15984,toujou_koneko,4,603
15985,toujou_tsukasa,4,898
15986,toutetsu_yuuma,4,2518
15987,touwa_erio,4,696
15988,toyama_kasumi,4,831
15989,toyokawa_fuka,4,1151
15990,toyosatomimi_no_miko,4,10677
15991,tracer_(overwatch),4,1794
15992,trafalgar_law,4,3369
15993,trailblazer_(honkai:_star_rail),4,18954
15994,trainer_(umamusume),4,13102
15995,transcend_(umamusume),4,1102
15996,treecko,4,925
15997,tribbie_(honkai:_star_rail),4,924
15998,trigger_(zenless_zone_zero),4,1209
15999,trish_una,4,978
16000,tristan_(fate),4,679
16001,tron_bonne_(mega_man),4,1162
16002,trotter_(honkai:_star_rail),4,639
16003,trunks_(dragon_ball),4,1398
16004,trunks_(future)_(dragon_ball),4,713
16005,tsubaki_(blue_archive),4,1874
16006,tsuchinoko_(kemono_friends),4,948
16007,tsuji_renta,4,627
16008,tsujinaka_yoshiki,4,1010
16009,tsujino_akari,4,809
16010,tsukikage_yuri,4,1398
16011,tsukimiya_ayu,4,840
16012,tsukimura_temari,4,2278
16013,tsukino_mito,4,3782
16014,tsukino_mito_(1st_costume),4,1854
16015,tsukino_usagi,4,6476
16016,tsukioka_kogane,4,1889
16017,tsukishima_hajime,4,772
16018,tsukishiro_yanagi,4,3648
16019,tsukumo_benben,4,1755
16020,tsukumo_sana,4,1656
16021,tsukumo_sana_(1st_costume),4,758
16022,tsukumo_yatsuhashi,4,1296
16023,tsukuyo_(blue_archive),4,771
16024,tsukuyomi_shirabe,4,1393
16025,tsumiki_mikan,4,2800
16026,tsumugi_wenders,4,650
16027,tsunade_(naruto),4,2104
16028,tsunomaki_watame,4,3377
16029,tsunomaki_watame_(1st_costume),4,1126
16030,tsurugi_(blue_archive),4,2122
16031,tsurumaki_kokoro,4,1207
16032,tsurumaki_maki,4,1754
16033,tsurumaru_kuninaga,4,1347
16034,tsuruya,4,1039
16035,tsushima_(kancolle),4,1337
16036,tsushima_yoshiko,4,4376
16037,tsuyuri_kanao,4,997
16038,tsuyuzaki_mahiru,4,748
16039,turbo_granny_(dandadan),4,919
16040,turtwig,4,893
16041,twilight_(spy_x_family),4,4546
16042,twilight_sparkle,4,806
16043,twin_turbo_(blast_mode!_turbo_engine)_(umamusume),4,1201
16044,twin_turbo_(umamusume),4,3132
16045,type_95_(girls'_frontline),4,1045
16046,type_97_(girls'_frontline),4,636
16047,typhlosion,4,794
16048,typhon_(arknights),4,862
16049,tyrant_(stella_sora),4,842
16050,u-511_(kancolle),4,2308
16051,ubel_(sousou_no_frieren),4,2358
16052,uchi_emiri,4,807
16053,uchiha_itachi,4,742
16054,uchiha_sarada,4,1170
16055,uchiha_sasuke,4,3747
16056,udagawa_tomoe,4,722
16057,uehara_ayumu,4,3435
16058,uehara_himari,4,819
16059,uesugi_fuutarou,4,1232
16060,ui_(blue_archive),4,4756
16061,ui_(swimsuit)_(blue_archive),4,1204
16062,uiharu_kazari,4,1641
16063,ujimatsu_chiya,4,2013
16064,ukinami_yuzuha,4,2488
16065,ukinami_yuzuha_(tanuki_in_broad_daylight),4,701
16066,ulrich_von_hutten_(azur_lane),4,859
16067,ulti_(one_piece),4,703
16068,ultimate_madoka,4,4550
16069,umbreon,4,3221
16070,umikaze_(kancolle),4,1505
16071,ump45_(girls'_frontline),4,4273
16072,ump9_(girls'_frontline),4,2708
16073,undyne,4,851
16074,uni_(neptunia),4,732
16075,unicorn_(azur_lane),4,3520
16076,united_kingdom_(hetalia),4,1997
16077,unryuu_(kancolle),4,2730
16078,unzan,4,2473
16079,urakaze_(kancolle),4,2937
16080,uranami_(kancolle),4,601
16081,uraraka_ochaco,4,5415
16082,urotsuki,4,727
16083,uruha_rushia,4,4438
16084,uruha_rushia_(1st_costume),4,1689
16085,uruha_rushia_(3rd_costume),4,656
16086,urushibara_luka,4,709
16087,uryuu_ryuunosuke,4,867
16088,usa-chan_(idolmaster),4,856
16089,usada_hikaru,4,1060
16090,usada_pekora,4,11202
16091,usada_pekora_(1st_costume),4,4629
16092,usada_pekora_(casual),4,851
16093,usami_(danganronpa),4,625
16094,usami_renko,4,13060
16095,usami_sumireko,4,3864
16096,ushio_(kancolle),4,7211
16097,ushiromiya_ange,4,1607
16098,ushiromiya_battler,4,2095
16099,ushiromiya_jessica,4,700
16100,ushiromiya_maria,4,959
16101,ushiwakamaru_(fate),4,2330
16102,ushiwakamaru_(second_ascension)_(fate),4,617
16103,ushizaki_urumi,4,1135
16104,usopp,4,1636
16105,uta_(one_piece),4,1216
16106,utage_(arknights),4,1551
16107,utaha_(blue_archive),4,701
16108,utane_uta,4,1205
16109,utsugi_noriyuki,4,3646
16110,utsugi_yuuki,4,755
16111,utsumi_erice,4,1072
16112,utsumi_erice_(lancer),4,616
16113,utsumi_sakura,4,887
16114,uzaki_hana,4,1386
16115,uzaki_tsuki,4,1079
16116,uzuki_(cookie),4,659
16117,uzuki_(kancolle),4,2889
16118,uzuki_kou,4,1046
16119,uzuki_sayaka,4,607
16120,uzumaki_boruto,4,955
16121,uzumaki_naruto,4,4901
16122,vajra_(granblue_fantasy),4,603
16123,valentine_(skullgirls),4,645
16124,valkyrie_(fate),4,808
16125,vampy,4,720
16126,van_gogh_(fate),4,1039
16127,vane_(granblue_fantasy),4,1105
16128,vanilla_(nekopara),4,759
16129,vaporeon,4,2551
16130,varesa_(genshin_impact),4,1366
16131,varka_(genshin_impact),4,743
16132,vash_the_stampede,4,1588
16133,vector_(girls'_frontline),4,654
16134,vedal987,4,724
16135,vegeta,4,2971
16136,vegetto,4,1025
16137,velvet_crowe,4,857
16138,venat_(ff14),4,1047
16139,venom_(marvel),4,1053
16140,venti_(archon)_(genshin_impact),4,719
16141,venti_(genshin_impact),4,7812
16142,venusaur,4,1153
16143,vergil_(devil_may_cry),4,1463
16144,verniy_(kancolle),4,4635
16145,vert_(neptunia),4,890
16146,vertin_(reverse:1999),4,2763
16147,verxina_(umamusume),4,2204
16148,vestia_zeta,4,1116
16149,veyle_(fire_emblem),4,707
16150,vi_(league_of_legends),4,1710
16151,victor_(pokemon),4,1526
16152,videl,4,951
16153,vigna_(arknights),4,617
16154,vikala_(granblue_fantasy),4,1436
16155,viktor_nikiforov,4,1877
16156,vill-v,4,643
16157,villager_(animal_crossing),4,912
16158,vincent_valentine,4,1525
16159,vinegar_doppio,4,664
16160,violet_evergarden,4,1169
16161,viper_(nikke),4,1081
16162,vira_(granblue_fantasy),4,1009
16163,virtuosa_(arknights),4,1826
16164,vita_(honkai_impact),4,794
16165,vita_(nanoha),4,1642
16166,vivi_ornitier,4,641
16167,vivian_banshee,4,3930
16168,viviana_(arknights),4,677
16169,vivio,4,1672
16170,vivlos_(umamusume),4,2226
16171,viy_(fate),4,981
16172,vladilena_millize,4,706
16173,vodka_(umamusume),4,3312
16174,vodka_(wild_top_gear)_(umamusume),4,791
16175,volo_(pokemon),4,1149
16176,von_lycaon,4,2205
16177,vox_akuma,4,793
16178,voyager_(reverse:1999),4,753
16179,vsk-94_(girls'_frontline),4,845
16180,vulpisfoglia_(arknights),4,1491
16181,vulpix,4,1068
16182,vyrn_(granblue_fantasy),4,717
16183,w_(arknights),4,4269
16184,wa2000_(girls'_frontline),4,2980
16185,waai_fu_(arknights),4,611
16186,waddle_dee,4,1897
16187,waddle_doo,4,601
16188,wakaba_(kancolle),4,678
16189,wakaba_mutsumi,4,6590
16190,wakamo_(blue_archive),4,3449
16191,wakamo_(swimsuit)_(blue_archive),4,1054
16192,wakan_tanka,4,1036
16193,wakana_shiki,4,1111
16194,wakasagihime,4,4741
16195,wanderer_(genshin_impact),4,13263
16196,wang_yujia,4,609
16197,warfarin_(arknights),4,875
16198,wario,4,826
16199,warlock_(ragnarok_online),4,980
16200,warrior_(dq3),4,989
16201,warrior_of_light_(ff14),4,21023
16202,warspite_(kancolle),4,3073
16203,washington_(kancolle),4,604
16204,watanabe_you,4,6488
16205,watatsuki_no_toyohime,4,1612
16206,watatsuki_no_yorihime,4,1927
16207,watson_amelia,4,6684
16208,watson_amelia_(1st_costume),4,2945
16209,wattson_(apex_legends),4,1845
16210,waver_velvet,4,3013
16211,weedy_(arknights),4,613
16212,wei_wuxian,4,4805
16213,wei_wuxian_(yiling_laozu),4,1282
16214,weiss_schnee,4,3282
16215,welrod_mkii_(girls'_frontline),4,644
16216,welt_yang,4,668
16217,whimsicott,4,811
16218,whislash_(arknights),4,1054
16219,white_blood_cell_(hataraku_saibou),4,658
16220,white_heart_(neptunia),4,649
16221,white_mage_(final_fantasy),4,1328
16222,white_pikmin,4,702
16223,white_rabbit_(alice_in_wonderland),4,1049
16224,whitesmith_(ragnarok_online),4,724
16225,whitney_(pokemon),4,757
16226,widowmaker_(overwatch),4,1645
16227,wien_margarete,4,649
16228,wii_fit_trainer_(female),4,762
16229,win_variation_(umamusume),4,1247
16230,wingull,4,1017
16231,winning_ticket_(umamusume),4,1566
16232,winry_rockbell,4,1145
16233,wise_(zenless_zone_zero),4,6997
16234,wiz_(konosuba),4,1068
16235,wizard_(ragnarok_online),4,613
16236,wo-class_aircraft_carrier,4,4268
16237,wobbuffet,4,616
16238,wolverine_(x-men),4,2122
16239,wonder_acute_(umamusume),4,847
16240,wonder_woman,4,858
16241,wooloo,4,918
16242,wooper,4,985
16243,wraith_(apex_legends),4,1651
16244,wriggle_nightbug,4,9091
16245,wriothesley_(genshin_impact),4,2085
16246,wu_zetian_(fate),4,1124
16247,wuxian_(the_legend_of_luo_xiaohei),4,754
16248,x_(mega_man),4,2004
16249,xander_(fire_emblem),4,718
16250,xenovia_quarta,4,664
16251,xia_fei,4,618
16252,xiangling_(genshin_impact),4,1523
16253,xianyun_(genshin_impact),4,1291
16254,xiao_(genshin_impact),4,5927
16255,xiao_wu_(douluo_dalu),4,660
16256,xie_lian,4,926
16257,xilonen_(genshin_impact),4,958
16258,xingqiu_(genshin_impact),4,1765
16259,xion_(kingdom_hearts),4,717
16260,xp-tan,4,747
16261,xu_fu_(fate),4,826
16262,xuangzang_sanzang_(fate),4,1223
16263,y'shtola_rhul,4,1392
16264,yae_miko,4,11746
16265,yae_miko_(fox),4,965
16266,yae_sakura,4,2498
16267,yae_sakura_(goushinnso_memento),4,606
16268,yae_sakura_(gyakushinn_miko),4,800
16269,yagami_hayate,4,3029
16270,yagami_hikari,4,948
16271,yagami_light,4,1025
16272,yagami_taichi,4,892
16273,yagen_toushirou,4,867
16274,yagokoro_eirin,4,11477
16275,yagyu_(senran_kagura),4,610
16276,yahagi_(kancolle),4,2749
16277,yahata_umiri,4,6115
16278,yakumo_beni,4,1000
16279,yakumo_ran,4,20665
16280,yakumo_yukari,4,33131
16281,yamabuki_inori,4,848
16282,yamada_anna,4,1789
16283,yamada_aoi,4,647
16284,yamada_elf,4,803
16285,yamada_ryo,4,6132
16286,yamagishi_fuuka,4,1162
16287,yamagou_ayumi,4,695
16288,yamagumo_(kancolle),4,1112
16289,yamakaze_(kancolle),4,3538
16290,yamamura_sadako,4,1576
16291,yamanaka_ino,4,1077
16292,yamanin_zephyr_(umamusume),4,612
16293,yamashiro_(azur_lane),4,1160
16294,yamashiro_(kancolle),4,4858
16295,yamashiro_takane,4,747
16296,yamato-no-kami_yasusada,4,1416
16297,yamato_(kancolle),4,7156
16298,yamato_(one_piece),4,2232
16299,yamato_takeru_(fate),4,1332
16300,yami_yugi,4,904
16301,yamper,4,1132
16302,yan_qing_(fate),4,635
16303,yanami_anna,4,1505
16304,yanfei_(genshin_impact),4,2262
16305,yang_guifei_(fate),4,1698
16306,yang_guifei_(second_ascension)_(fate),4,963
16307,yang_xiao_long,4,2639
16308,yangyang_(wuthering_waves),4,724
16309,yao_guang_(honkai:_star_rail),4,600
16310,yaoyao_(genshin_impact),4,877
16311,yaoyorozu_momo,4,2219
16312,yasaka_kanako,4,11137
16313,yatadera_narumi,4,1075
16314,yatogami_tohka,4,704
16315,yayoi_(kancolle),4,1894
16316,yazawa_nico,4,7521
16317,ye_shunguang,4,1969
16318,yelan_(genshin_impact),4,4452
16319,yellow_(pokemon),4,938
16320,yellow_pikmin,4,1159
16321,yi_sang_(project_moon),4,3339
16322,yidhari_murphy,4,1060
16323,yin_(darker_than_black),4,931
16324,yinlin_(wuthering_waves),4,1113
16325,yixuan_(zenless_zone_zero),4,2912
16326,ymir_(shingeki_no_kyojin),4,1401
16327,yoimiya_(genshin_impact),4,3633
16328,yoisaki_kanade,4,2716
16329,yoko_littner,4,5023
16330,yokoyama_nao,4,1155
16331,yomi_(senran_kagura),4,856
16332,yomotsu_hisami,4,1059
16333,yonaga_angie,4,1305
16334,yoneme_mei,4,916
16335,yoo_joonghyuk,4,3790
16336,yor_briar,4,10772
16337,yorick_(shiori_novella),4,1026
16338,yorigami_jo'on,4,3561
16339,yorigami_shion,4,4163
16340,yorita_yoshino,4,857
16341,yoroizuka_mizore,4,1471
16342,yoru_(chainsaw_man),4,3103
16343,yorumi_rena,4,1293
16344,yoshi,4,983
16345,yoshida_hirofumi,4,762
16346,yoshida_yuuko,4,3410
16347,yoshikawa_chinatsu,4,1632
16348,yoshikawa_yuuko,4,826
16349,yoshimi_(band)_(blue_archive),4,625
16350,yoshimi_(blue_archive),4,2288
16351,yoshizawa_kasumi,4,1459
16352,yotsuba_alice,4,983
16353,young_link,4,1507
16354,yowane_haku,4,1878
16355,yozakura_(senran_kagura),4,603
16356,yozora_mel,4,1132
16357,yu_mei-ren_(fate),4,2352
16358,yuel_(granblue_fantasy),4,782
16359,yuffie_kisaragi,4,2553
16360,yugiri_tsuzuri,4,5410
16361,yui_(angel_beats!),4,1240
16362,yui_(princess_connect!),4,1195
16363,yuigahama_yui,4,1683
16364,yuiman_asama,4,611
16365,yukari_(blue_archive),4,1053
16366,yuki_judai,4,1876
16367,yuki_miku,4,4764
16368,yuki_setsuna,4,3379
16369,yukihana_lamy,4,7185
16370,yukihana_lamy_(1st_costume),4,2166
16371,yukikaze_(kancolle),4,7099
16372,yukimin_(yukihana_lamy),4,636
16373,yukimura_aoi,4,807
16374,yukine_chris,4,2914
16375,yukinoshita_yukino,4,1916
16376,yukishiro_honoka,4,1695
16377,yukoku_kiriko,4,1376
16378,yume_(blue_archive),4,1142
16379,yumehara_nozomi,4,1169
16380,yumeko_(touhou),4,965
16381,yumemi_riamu,4,5405
16382,yumemizuki_mizuki,4,1004
16383,yumeno_himiko,4,1796
16384,yumi_(senran_kagura),4,1987
16385,yumizuka_satsuki,4,701
16386,yun_jin_(genshin_impact),4,885
16387,yuna_(ff10),4,1179
16388,yunaka_(fire_emblem),4,945
16389,yuni_(princess_connect!),4,958
16390,yunli_(honkai:_star_rail),4,996
16391,yuno_(hidamari_sketch),4,1257
16392,yunyun_(konosuba),4,1543
16393,yura_(kancolle),4,2592
16394,yura_kai_ni_(kancolle),4,623
16395,yuri_(doki_doki_literature_club),4,1600
16396,yuri_briar,4,602
16397,yuri_lowell,4,1526
16398,yuri_plisetsky,4,972
16399,yuri_sakazaki,4,896
16400,yusa_kozue,4,1394
16401,yuu_(twisted_wonderland),4,1040
16402,yuubari_(kancolle),4,4349
16403,yuudachi_(azur_lane),4,982
16404,yuudachi_(kancolle),4,11754
16405,yuudachi_kai_ni_(kancolle),4,9659
16406,yuugumo_(kancolle),4,2149
16407,yuuka_(blue_archive),4,17410
16408,yuuka_(pajamas)_(blue_archive),4,945
16409,yuuka_(track)_(blue_archive),4,3832
16410,yuuki_(princess_connect!),4,1158
16411,yuuki_(sao),4,1343
16412,yuuki_haru,4,1726
16413,yuuki_makoto_(persona_3),4,4917
16414,yuuki_mikan,4,1253
16415,yuuki_sakuna,4,1016
16416,yuuki_yuuna,4,731
16417,yuunagi_tsubasa,4,755
16418,yuuri_(shoujo_shuumatsu_ryokou),4,1279
16419,yuutenji_nyamu,4,2506
16420,yuzu_(blue_archive),4,3811
16421,yuzu_(maid)_(blue_archive),4,694
16422,yuzuha_riko,4,929
16423,yuzuhara_konomi,4,767
16424,yuzuki_choco,4,2576
16425,yuzuki_choco_(1st_costume),4,856
16426,yuzuki_yukari,4,9216
16427,yuzuriha_inori,4,1981
16428,yvonne_(arknights),4,1724
16429,z1_leberecht_maass_(kancolle),4,3231
16430,z23_(azur_lane),4,1879
16431,z3_max_schultz_(kancolle),4,3145
16432,z3_max_schultz_(swimsuit)_(kancolle),4,752
16433,z46_(azur_lane),4,620
16434,zabaniyya_(housamo),4,1012
16435,zack_fair,4,3009
16436,zaku_ii,4,1075
16437,zangief,4,683
16438,zani_(wuthering_waves),4,4757
16439,zara_(azur_lane),4,1359
16440,zara_(kancolle),4,1339
16441,zara_(poolside_coincidence)_(azur_lane),4,934
16442,zdrada_(helltaker),4,676
16443,zen'in_maki,4,1193
16444,zen'in_maki_(post_shibuya),4,630
16445,zenno_rob_roy_(umamusume),4,853
16446,zentreya,4,1181
16447,zentreya_(dragon),4,630
16448,zero(z)_(mega_man),4,1412
16449,zero_(drag-on_dragoon),4,618
16450,zero_(mega_man),4,2798
16451,zero_two_(darling_in_the_franxx),4,4237
16452,zeta_(granblue_fantasy),4,1499
16453,zeta_gundam_(mobile_suit),4,628
16454,zhao_(zenless_zone_zero),4,1378
16455,zhong_lanzhu,4,1243
16456,zhongli_(archon)_(genshin_impact),4,601
16457,zhongli_(genshin_impact),4,9687
16458,zhu_yuan,4,3418
16459,zhuang_fangyi_(arknights),4,688
16460,ziche_fuzhao,4,1258
16461,zidane_tribal,4,1604
16462,zima_(arknights),4,808
16463,zinnia_(pokemon),4,666
16464,zoey_(kpop_demon_hunters),4,821
16465,zooey_(granblue_fantasy),4,802
16466,zoroark,4,689
16467,zorua,4,1031
16468,zuihou_(kancolle),4,3889
16469,zuikaku_(azur_lane),4,882
16470,zuikaku_(kancolle),4,10066
16471,zuikaku_kai_ni_(kancolle),4,878
16472,zundamon,4,2493
